ID,split,group
1,train,7554125913409658568
2,train,4525362768755268380
3,test,7589780478132602565
4,train,5931971927092925187
5,validation,4339303683672833697
6,train,1736414044850940782
7,train,9866260529485526069
8,test,10847743387987756755
9,test,8256223951202618192
10,train,4515648894382829600
11,test,13259454766888591510
12,test,7931976177726851737
13,train,8511609905356704494
14,test,4867002494165410205
15,validation,17041441742923381304
16,train,2804473753930631612
17,train,12424033726651591587
18,validation,16956481749257524974
19,train,16817255156183924610
20,train,4057252218008196574
21,train,1796758908105998423
22,train,11831593047128867026
23,train,8377582002973801350
24,train,8924662510827537553
25,train,1476304667993471170
26,test,4175418151557042100
27,train,12087128004461092799
28,train,1135588932301099396
29,train,8513255408692656558
30,train,15422482879716001483
31,train,2678052703164294140
32,train,1026988099155005090
33,train,10704533401114416328
34,train,14615542296961095916
35,calibration,17468611604188924462
36,calibration,4344182329959914851
37,calibration,15208325605205648337
38,train,3564048178339100749
39,test,6517781654369074575
40,validation,4029489464634342830
41,train,14030947431836897029
42,train,3201839265240617306
43,validation,17734476179390932977
44,train,4019567586499076174
45,train,1539605305324244936
46,train,7075619789038749967
47,train,14601708599675203361
48,train,1839459783595308800
49,calibration,4877926507430727044
50,train,6333104144554411990
51,train,7784866782881322352
52,calibration,2798946710371077117
53,test,2178251064283834305
54,train,13379996282786039560
55,train,14041430732121881567
56,train,3102193698068493056
57,train,15472230414732714488
58,test,2659861838431861219
59,test,8798914870795315664
60,train,10168737515678279864
61,train,6511296768856806157
62,train,9356178741510688114
63,train,2831797498352059359
64,train,1499761189022803413
65,train,10081031232971309491
66,train,14553302408263195659
67,test,15141281162518922633
68,test,11373717081107285492
69,test,6359773871090824163
70,validation,9538548783047104623
71,train,10661342180206622801
72,validation,6972386599601474023
73,test,2343100013465058568
74,train,13113852369284406071
75,test,8239419551833079412
76,validation,3031889349067835653
77,train,17744900399233360365
78,test,18026113461003196743
79,train,5335200097858434187
80,calibration,4743344172672998413
81,test,1875157390252486014
82,train,17526611480949468931
83,train,17657651640053459218
84,test,10758543157275037840
85,train,11678050475572498988
86,validation,10691743591897840921
87,train,16473056138993123361
88,train,5417383224427407229
89,train,13289716724304490095
90,train,12301546767195155195
91,train,7073960917274207801
92,validation,11129971039670403785
93,test,4043199215895851962
94,validation,10027739317620460729
95,train,3010808295066221951
96,train,3073871750966316469
97,train,18020253089384784865
98,train,412339989282821981
99,train,8072651632978042971
100,train,4177119673777621081
101,train,5821987387544448769
102,train,10941745946689953024
103,train,1367510579382964978
104,train,4665334302485776191
105,train,3984638438140027899
106,train,18197338941050919105
107,train,9856685997007053068
108,test,15741903564923725180
109,test,13088275229694897046
110,train,10622056908944613378
111,train,12754744142838833007
112,test,2295597525329546243
113,test,8068364798411915346
114,train,16974101214086302445
115,train,12203139526256667829
116,train,10491274427374001989
117,validation,5519990732712185371
118,train,16451889468216282851
119,train,17633117723894250744
120,test,10851380337126146780
121,test,14914868182867636428
122,train,14665255049651680915
123,train,6231587677551280353
124,train,6456356842158120167
125,calibration,13001794151274414916
126,train,17372252967854143839
127,test,14667555111730630513
128,train,7968041941573770165
129,train,953648459018470551
130,calibration,301167358714713812
131,calibration,12411050967987589028
132,train,3427431331432551004
133,calibration,12010169169005003448
134,train,13355124063129267550
135,validation,10383350006485398296
136,validation,6232024038816060812
137,train,6149260596364121060
138,train,2959534909702474092
139,test,16743795387499080578
140,train,3836317532399801685
141,calibration,4743344172672998413
142,test,15421072740545180784
143,train,15548303144762161070
144,train,1562842570387215754
145,validation,11479678767469472832
146,train,3608616151533629710
147,train,1739018694629351151
148,test,15631299677483840320
149,train,16062878157193646992
150,calibration,3005094627350734330
151,test,8860200552154253185
152,train,11555888437575814471
153,validation,11895327373921807405
154,train,9478448584357416690
155,train,372392460177599132
156,calibration,9405289313707308215
157,test,3141383962870693266
158,train,2826747675033325678
159,train,9719556924250195090
160,train,9947148806904552943
161,calibration,3009791446411819672
162,train,5274252750672106417
163,train,5491986961510661368
164,test,8517012046198730321
165,test,13940265532397453928
166,train,18342885413424261220
167,train,15658939560854828956
168,train,330289375558816066
169,train,14220343152559004803
170,train,15732753054628919123
171,train,1015369795418849247
172,train,6954685263697026798
173,train,8968082144812757912
174,train,4116030930335588211
175,validation,2079650026347407412
176,validation,17678696411893857391
177,train,678512210703752834
178,train,12430509624854211562
179,train,3747305528327976313
180,train,10746681985653577265
181,train,8057234732504692535
182,train,2846520967004755022
183,train,4746669826948004410
184,test,12020061038902886737
185,train,398865388072373136
186,train,6779754260928045772
187,train,9871213818638367598
188,train,14815781449328096737
189,calibration,2730622654524048579
190,test,12423625115844910309
191,train,4060001491559304074
192,calibration,13774453063496381991
193,train,2192743292161959903
194,validation,7268895148175875797
195,calibration,3927510071765664502
196,train,6906779068038274571
197,train,14971152087912025618
198,train,17471571588866482229
199,train,4674738031225439114
200,train,4003705282634477879
201,train,14998115324209634317
202,train,1271974252174765307
203,calibration,8897705031180355115
204,test,13639297273359654676
205,train,15058162082725130139
206,train,12158422617801124603
207,test,9881517940979406799
208,train,18235045155081409099
209,validation,7861159339376885629
210,train,13275188501254869058
211,validation,16649272010575801422
212,test,11421840691924516252
213,test,13747724994517211446
214,train,7300212004474689736
215,test,6059615170257881002
216,calibration,9996433682280041729
217,train,1928284905466785037
218,test,4260621188009676544
219,test,15455495277129800113
220,test,6805030776589367577
221,test,7995958155604608563
222,train,15713446952809288777
223,train,692628269383174898
224,train,3823101780985362751
225,train,1056626314068484912
226,train,9732457469038385988
227,train,3106259942043880244
228,train,11041243287400937396
229,test,11644882482132065363
230,train,5873526570350659045
231,train,10790123702054253313
232,train,3579622426580396552
233,train,10205480175766941758
234,train,13329158108680049898
235,train,5673570291249038933
236,test,17818933125427452164
237,test,8335223071276414947
238,train,17155717367528707038
239,train,6692073574510266805
240,test,3714567527733823569
241,train,10744225590120310868
242,train,17712736582086646624
243,train,11219459071802925577
244,test,13642765477132777818
245,calibration,18419150729504367313
246,train,4034677316870559170
247,calibration,7872164001167162112
248,validation,8243050363648805947
249,validation,15790466809317554433
250,test,8655223717861975166
251,train,17128256156638908178
252,train,10959517445596101281
253,train,1276223480312632264
254,calibration,2344825768755354145
255,train,12099732952031262523
256,train,3403121472655604126
257,calibration,3889847123648652753
258,train,9246697621061900821
259,train,519630528451084357
260,test,7005310674385779045
261,test,13548832379708560995
262,train,7223994709971547279
263,train,15417931024396757478
264,calibration,5443387697653183464
265,validation,14397903269935336776
266,test,9818038931723870945
267,train,16972203852002324323
268,train,5738349147607142970
269,train,10452181303973944785
270,train,11681577592502708562
271,validation,12415815619810885141
272,test,10818493743604830412
273,validation,773306181559766464
274,test,1908812540971526203
275,train,1044637239218559171
276,validation,5738872805461347223
277,train,4663715895749610462
278,train,8982492941747210740
279,test,5709897491156460820
280,train,7437259760250205124
281,train,4326246302731653134
282,test,1173177779246667083
283,train,11561331354577865957
284,validation,2133404371590677884
285,train,10538749575017182716
286,train,2127122924868098557
287,train,14822777344885736943
288,train,9654398009465564010
289,test,11974341880072508641
290,train,9056937425828019476
291,train,18336377678673663208
292,train,1711578509561145821
293,train,16069527680714625994
294,train,17749358767114493255
295,train,7114050399634156363
296,validation,5447673439177985422
297,train,16651583021229607699
298,calibration,12883987229032390304
299,test,13784020444644574828
300,train,5630055130374948543
301,validation,1326039979136337219
302,train,7339722849638480024
303,calibration,2060742143825969696
304,train,4056827151278481034
305,train,6180688850858594205
306,train,12851074933458373817
307,train,5408112570897533343
308,train,11756825796059396412
309,train,2979498440957603324
310,calibration,5822720358799464819
311,train,3532821262201023416
312,test,8244269821550439336
313,test,11869092172435799500
314,train,12289376171290584675
315,train,11635411340676824967
316,validation,1076681868030147777
317,train,15995248215502863486
318,train,13291378101130801133
319,test,18111513219937827405
320,train,3962162581834813734
321,test,3431491220256745558
322,train,14789300636305163025
323,train,670175898313868695
324,calibration,18224402038688185027
325,validation,15163006952980570582
326,train,6081270061193413796
327,train,3648384779189044286
328,train,16452092665200644655
329,train,413224751272388658
330,validation,14146252715134301239
331,test,6812655527535062471
332,train,12173489343786615866
333,train,803130088364142475
334,train,17411354738616279781
335,test,16436076577804165428
336,train,15936889370836596453
337,calibration,6106716199577937469
338,train,3231940783274925375
339,train,9513201596263309533
340,train,8573692296803593974
341,train,6750181239071968475
342,train,13251092212161511265
343,calibration,13944612006977402921
344,validation,495373997007857944
345,train,15289466949469343326
346,train,2405130762833497158
347,train,16330169899841100967
348,train,618832128250528931
349,calibration,7911543335983135815
350,test,12275896290117823805
351,validation,12150022722756431262
352,train,5449788822054294515
353,train,14206217382757698016
354,train,6055507646375448971
355,calibration,15169047681438793489
356,validation,13799507332963597466
357,test,10578186599644170757
358,train,11003381522537168245
359,test,10363673006572005577
360,train,5325507907027702550
361,validation,5275701946983442622
362,validation,10983296754665936877
363,train,16958012943403428785
364,validation,14484019276255800787
365,train,11208200651268484902
366,train,16282956164478362767
367,train,13169857486533521243
368,train,9691918526173493091
369,test,8677309858193847224
370,train,15021959548302503078
371,validation,9814345572019330219
372,train,11430758163207392545
373,train,1284618845865400673
374,train,1935278692003960425
375,train,17478355341461118739
376,validation,6242375759711153934
377,train,7339065456846163309
378,test,3629214280758907773
379,train,10217156233234752779
380,train,15341936302231842056
381,train,5386225681770261698
382,train,2790215678759386842
383,train,9164392987456685682
384,train,18114571755346221470
385,train,11274147226996004025
386,calibration,13106039978157558175
387,train,11765658879930642322
388,test,5399362438611366490
389,calibration,2069560164685125728
390,test,14432403192333867849
391,test,5525448706574663429
392,test,14262720436521488020
393,train,3947468719272687734
394,train,7904188432816300190
395,train,9216309063482651599
396,validation,4816662652951736224
397,train,7988967296622332897
398,train,1725267266050371576
399,train,3118677782905087639
400,train,10886287186660601209
401,train,2945931419712321375
402,validation,2121893070141576044
403,calibration,4174302968892961514
404,train,3402872439071617998
405,validation,10590101281337154904
406,calibration,2287253711935504161
407,train,7763707345444680128
408,train,136446233467996405
409,test,16991032374882139480
410,train,3348782416038571694
411,train,7269721245721657653
412,validation,9842221312696519617
413,test,2589017531278622264
414,train,16943182721879417639
415,calibration,15062567034893665036
416,train,17979181633750960934
417,train,14566364547645286400
418,validation,8908080007807213209
419,train,18323262582050946222
420,validation,773306181559766464
421,train,3566735654938868312
422,train,13396107815579183368
423,train,10493351178889601577
424,train,12648105178577356938
425,validation,14941833784187707713
426,train,10739193661983347535
427,test,17372989214441972308
428,calibration,10096121801766764521
429,train,6702855689086068785
430,validation,12537883630354203978
431,test,11716085249517774920
432,train,1647813257985164439
433,test,1692489292915095294
434,train,11647685383268748793
435,train,9025321162645405660
436,train,10629514758378010451
437,train,1997334300232909060
438,train,5661476581954436299
439,train,10483753665679004501
440,train,8050379315249402225
441,train,2034649930434365051
442,train,76167143288195235
443,calibration,14725601700769541840
444,train,15747399387800513276
445,train,8888447380464655861
446,calibration,17458192666270329004
447,train,1429559698041899341
448,validation,17444989730725331842
449,train,318761183041799221
450,train,9386718400197398091
451,train,14206217382757698016
452,train,1960572043527601282
453,train,13083209373009155317
454,calibration,14518499986228078967
455,train,9512733790114074746
456,train,11723658080904326563
457,calibration,6538894868492481799
458,test,12363417716207503014
459,calibration,12256765595642931875
460,validation,14701554956955855807
461,train,14206784446033066616
462,train,9168288531971117681
463,train,13634408719721549481
464,train,6863196977420685641
465,validation,11316263496250662670
466,train,11877528487238136092
467,train,5886294921790783130
468,train,6277261066275360005
469,validation,11654383620507551520
470,train,14387921326262175729
471,test,2247492341079248093
472,train,11814060105310222155
473,calibration,2530959787537030314
474,calibration,11478439991152894129
475,calibration,14490483899369783910
476,test,719133078205011730
477,train,7759139599876074309
478,validation,17986201033971808151
479,train,9926467294403274159
480,train,13628081546061716442
481,train,17244503549166086512
482,train,8365375448398384526
483,train,586724407566102084
484,train,14700161011247283318
485,train,9212613063100644766
486,validation,2379338947767399580
487,train,7743406248235127386
488,train,11022582386162923260
489,test,9845890785714081749
490,validation,3909954055271190059
491,train,12153501732503471940
492,train,15417337873021450162
493,train,9862009408471013823
494,train,2463232746552151143
495,train,3262002078506940387
496,train,5785270661478094894
497,train,8320796611163175640
498,train,4555132488499140180
499,train,13104338252611255298
500,test,16606862708897647349
501,validation,3699530035670625670
502,test,1634428730127564612
503,train,13735007365177157902
504,validation,4375237411144973434
505,test,11081159737727845839
506,train,2960539652847274166
507,train,3876518008196040641
508,validation,14360673263826286939
509,train,11144868777915887264
510,test,11299813161081803641
511,train,3160137069979587078
512,test,11864163023717890324
513,train,7812669035435958836
514,train,6293597354930638122
515,train,8131846650936321296
516,calibration,12050861149965473174
517,test,2876764842129346183
518,train,5314008359133707962
519,train,7400916236357796228
520,train,17102324392277157874
521,train,2026737232357327992
522,train,2287542236375431895
523,train,13443121702214566721
524,train,6391539511127926588
525,test,9035767279301311576
526,test,15148935650853935663
527,train,11032208855384904390
528,train,14278529469203127431
529,train,16633242075780420125
530,validation,11093570267651546118
531,test,4752718504680806369
532,test,7642913525343096412
533,train,7763828740499589940
534,train,16641554624466351658
535,train,2148178432100564748
536,train,4331022300524424062
537,train,9568755307364047328
538,train,16270972817759244885
539,train,14495446598418956819
540,calibration,204531982500525039
541,train,4543297459853500925
542,train,7014027821864001606
543,calibration,17645194346434395655
544,train,6169996101932490640
545,train,11127161161140045558
546,calibration,9253516765206093572
547,train,15399079086361965560
548,train,594722989384876015
549,validation,4687601628190227868
550,test,7767065733854435515
551,train,2001989314653957747
552,train,12337929796684135183
553,train,5696124004482707883
554,train,14831444233382708783
555,train,8846917848250925936
556,train,14274971691209258858
557,train,9415053477898510489
558,train,13707842999443714925
559,calibration,14359693676341002434
560,calibration,12132252566356536496
561,test,2650077365697732126
562,train,1248472704860465759
563,validation,1175706894691092450
564,test,7694482382365649616
565,test,11283195591496960809
566,train,15838675186160845058
567,calibration,16105394732757282841
568,validation,10753000423951286928
569,calibration,13408885962475612121
570,train,13947783114804314844
571,train,8166285928815843213
572,train,17046895284814982932
573,train,7726577304108852663
574,validation,12338539381754956739
575,train,3961599666857606227
576,train,13658077210826080687
577,test,15645127828884533221
578,train,15945398802787675018
579,train,11337043537869483974
580,train,12048662641609156101
581,test,12720770869798004800
582,train,144404806924215487
583,train,10977445330062020823
584,train,5808626310418113100
585,calibration,318609783442770844
586,train,8857079926180366754
587,train,5753879963018981204
588,train,12368684154066016767
589,train,4123751454964782833
590,test,10281499393932356060
591,test,5401242203585046749
592,train,326075169721990525
593,train,9523975452837747057
594,train,14365556208135320226
595,test,16875080168604981180
596,validation,9685099329840220043
597,train,17927553004004686975
598,calibration,14019284257404749622
599,train,17105937741405525610
600,train,16477318236508398609
601,train,9826139347847254706
602,train,10793083795315293994
603,train,7326187356610871732
604,test,7242321727125341852
605,train,10821745634886536665
606,train,5821344396564286120
607,test,18027661460693851796
608,test,12252391630615472660
609,validation,14270104511162341708
610,test,11259977777279666986
611,train,1604681875115113395
612,train,15854977752276839337
613,test,6070081374891792908
614,test,9459434238831073736
615,train,7693635005649200044
616,train,1173747508358143846
617,test,5523439788270878593
618,train,12434133587822285295
619,train,10959899475435222179
620,train,16749120785092081029
621,test,14099098050149153540
622,test,8931756637265951559
623,train,447636066362071055
624,train,12948401094221492483
625,train,6897121126729877305
626,train,6725160291285736746
627,train,17307183505366719744
628,train,4937227950024097358
629,train,5410161696982019408
630,train,4288863250242609825
631,train,4560797609470203773
632,train,12916357949923674060
633,train,9804784217133890715
634,train,7075619789038749967
635,train,7889295579231124909
636,test,9644882478886366007
637,train,15420559723480523498
638,train,18182034698658616230
639,train,9415248311569650377
640,train,1323311622932012527
641,train,3570119702704827129
642,train,12589003529913750320
643,train,689167893499364362
644,train,3074021129714982140
645,validation,9305319901265197666
646,test,10787403855168386429
647,train,13282688729227137326
648,train,16878681458730556339
649,train,9083166953296779902
650,train,12030254009819292596
651,train,6930407768490105938
652,train,14773083759047077636
653,test,512756189199101195
654,test,7132953269314938311
655,train,136448663805256704
656,validation,18404238907776785139
657,validation,14711417806405070087
658,train,14225080351023653587
659,validation,12629600686792142537
660,train,6213940117932203526
661,calibration,11836739366391144298
662,train,16668629549619327157
663,train,3096371011241348984
664,train,15851602866805797474
665,test,1394787519431480367
666,test,7213305127604585127
667,train,14216132456009123528
668,train,12820500686672901952
669,train,17121349795328606648
670,train,7675864839506454588
671,train,9724761059598351711
672,test,15337773918214128025
673,train,1986037022365722476
674,test,6872398226139871372
675,train,17542232814243099204
676,train,10677198607401299510
677,train,5440016075210932300
678,train,933343230055858347
679,test,759661031274280872
680,validation,2441083729890017142
681,train,14565366884071212511
682,test,6349141542794191990
683,train,17829147606661225309
684,train,13687450147619663245
685,calibration,13040954221151797751
686,train,15183916804187165233
687,train,5073705153513467588
688,train,7731474154459975444
689,test,15704774154533302756
690,train,8637478219179848617
691,test,1422713774092940269
692,test,2251823724435820670
693,test,120133046940208291
694,train,12512433920518728024
695,validation,14363254367385477393
696,test,12131524494312616402
697,train,11635895063543214136
698,test,7102374603971986831
699,validation,6165015647595361846
700,train,3926288055781654775
701,train,18053358388832590627
702,train,15762860866443257020
703,test,6995390251372094949
704,test,12919138472838006832
705,train,10339081170991118505
706,test,17554022373265829736
707,train,4286731977526774193
708,train,7093311066599950929
709,test,3554120954070494047
710,train,12234167698130742662
711,calibration,17015442174598414868
712,test,14411506825439678316
713,train,6210837529495834079
714,train,17268303905262519850
715,train,8730289358181218032
716,validation,4912855971292166686
717,train,18085838023574089274
718,train,148724013058415554
719,train,17813093228780416723
720,train,5668372238477811048
721,train,15894543742124030092
722,train,879354405896728902
723,calibration,2041300978434265629
724,calibration,10114264115580333600
725,train,5325638057936386506
726,train,15851937109691669989
727,train,4750298031634830447
728,train,8902032789371682128
729,calibration,11573520542664037111
730,calibration,1507326897290688348
731,train,9224631827367028928
732,train,7108665909203418601
733,train,5212960828444677065
734,train,15047903989274670261
735,test,16987178997727075572
736,train,15047980463624606884
737,train,16821278530042278456
738,test,1123705680160905067
739,train,2957387951120504647
740,train,12622970449635959937
741,test,3877799681277288457
742,train,16812704362660447480
743,train,7032975822452082394
744,train,3289425190790283151
745,train,14321344546639534346
746,train,13177987739115927419
747,test,7866991991136296914
748,train,11525847858999262961
749,train,6949882894724958282
750,train,5762421788562546938
751,train,18006696626310056596
752,train,13363004831927752619
753,train,13390126528445122769
754,test,6106346479968860791
755,test,17434685713137002645
756,train,3046251041763971694
757,train,1475290031523479313
758,train,17466474340236394095
759,test,490884183762391381
760,test,16537647195068844836
761,test,6299169836924040690
762,test,16935865106925288325
763,train,18063883183174519697
764,train,7360636858896625310
765,validation,13647400613809267112
766,train,4915258246108184593
767,test,7042350186963023372
768,calibration,14613246950506603933
769,calibration,3744612984896558378
770,train,13913850455249882837
771,test,1413006547335565245
772,calibration,16365325315528006407
773,train,8052240965747527568
774,train,8869191100216591195
775,validation,582244520716262171
776,test,7514546543472374894
777,train,2884933215625710293
778,test,13940535940531926959
779,calibration,16150898306038867391
780,train,13344724652507060407
781,train,3332500685156191766
782,train,13439803835529330334
783,test,6479799467315967024
784,calibration,14315295518366914056
785,test,6025962780004869635
786,validation,2101663907112811393
787,calibration,18186581353616620143
788,test,4415739420447610924
789,train,11117508315249435852
790,validation,6435303299276129798
791,validation,1204125267469342605
792,train,6120970789620156540
793,train,11166509935766364465
794,train,6335018676100049642
795,train,15955773580498498951
796,test,4360207773671218435
797,calibration,13849848490173338438
798,train,16696335294003275010
799,train,5887683559286231929
800,train,18039754448319014095
801,train,3736832994301170673
802,train,15783897297307526948
803,train,3773846452409527264
804,train,15049830284791419552
805,train,10307688514899778657
806,test,10093836639503228655
807,test,12776523234025943184
808,train,11436862632682035415
809,train,7506651949239141277
810,test,13984060541939044906
811,test,164351112098396045
812,train,6359674719853744253
813,calibration,4202189771773458931
814,train,5396401527571418104
815,validation,1121879312133222642
816,calibration,16421633621433610475
817,test,12220332111018560494
818,train,13301521642423740464
819,train,3211544645128454127
820,test,9075174547139855183
821,train,8184621778635618090
822,train,817645643858204011
823,train,13693413670883595603
824,train,3509112286752498240
825,train,7700647294904896262
826,calibration,419003933253232048
827,train,12368898108411430428
828,train,8294121414713495180
829,train,10821088833326985914
830,train,6527576672564810533
831,validation,15660978421642544346
832,train,9432955575569175604
833,train,16512549422933675270
834,test,6142599551180783874
835,train,3880814303567095514
836,train,12069607788973524365
837,validation,9865231230196579266
838,train,11749289504579318428
839,train,7056273878243010611
840,train,14604278816450848293
841,train,15313224879571476546
842,train,3836680860302488302
843,train,2285207685304551069
844,train,4013571196292520438
845,train,15514676228092424388
846,train,8488238186160669565
847,train,2662895273336833557
848,test,9940609757242302055
849,train,5015921364584659074
850,train,5627812177062911827
851,calibration,8607366009233955761
852,test,11414079905427422367
853,train,9653959400986959190
854,train,4739284638472660231
855,train,9067841362233908280
856,train,5198342589191888165
857,calibration,17968019991341989534
858,train,6860791943005053330
859,train,890238911471862525
860,test,17346117198405258677
861,train,674615802335230800
862,train,16095278245875909105
863,train,13893745377491652963
864,validation,3354714087964866208
865,test,16191661467848808861
866,train,8783861878284110324
867,calibration,9480861841258234372
868,train,2612901792594696969
869,train,13291511377533955651
870,calibration,10476040857417798228
871,validation,9750304171978539798
872,train,18230126853252194344
873,train,3961575532456949448
874,train,6361828080925386222
875,train,5177276589699702548
876,test,7129612633765134547
877,train,11803856868490105928
878,train,1711831502282434890
879,test,9031273357941915882
880,train,12051976018944315241
881,test,13919711216969794906
882,calibration,14019284257404749622
883,train,16429421323144064387
884,train,8934141230716688970
885,calibration,81372631660657436
886,train,16445948135148135465
887,train,6970319201569039179
888,test,17839325670787626835
889,test,907309816464482437
890,train,10013290746206171143
891,train,10257686315220760794
892,test,16732127916123901127
893,validation,963451256055171914
894,test,3070912351678042165
895,test,5675490854141546616
896,test,13660340202543439378
897,train,1306842738426657442
898,train,12797865145395250246
899,validation,17449241162752392595
900,train,4660820698817258836
901,test,6844233254216302501
902,test,4601912299139414737
903,train,10176027087936590053
904,train,3207592408234657034
905,train,5876720000991109379
906,test,10822924141118880024
907,train,5687014930581863910
908,train,1074731888192529617
909,validation,12057743622063427708
910,validation,3991507523122021013
911,train,12945830542333226722
912,train,7853440956211841422
913,train,5656296230918833534
914,train,2249561036318929286
915,test,12823782817867779948
916,test,9227367637120821482
917,train,12498750431370231647
918,test,6514732566900020551
919,train,7973281538572976309
920,calibration,454568630204915009
921,train,1761480678663524974
922,train,17487910337963221809
923,test,10373684835705898866
924,calibration,13144862801281420674
925,calibration,8845907837441741618
926,validation,3312358000551019098
927,train,14584852429471202516
928,train,7250972709071582523
929,train,8981405260398796559
930,test,3894560283694614963
931,train,4068373663526840356
932,train,6419347337710528636
933,validation,11004154114919227226
934,test,12761535380853499316
935,train,16010298349028631445
936,train,15245234421306837355
937,train,10255290357133740499
938,train,1402665048437378405
939,calibration,13041405224905202735
940,test,5503199083060286695
941,train,15926378612719444825
942,train,17614189138672614004
943,test,2449205464340497637
944,train,15238257701649055024
945,test,8668480221109281579
946,train,8363592118304571171
947,train,10265285957829034933
948,train,1239013349299504366
949,test,18080728118924627175
950,train,1993214111230493163
951,train,13943366092757533381
952,train,14491120070314444918
953,train,5073666581326698005
954,train,13415673716982859833
955,validation,8831281402544830325
956,train,9295463567643485045
957,train,11287795041065577538
958,train,8459639708972421276
959,train,11614451715788327682
960,train,2150138652803394890
961,test,15635937926794023744
962,train,4371178266459124288
963,train,13714424057453544832
964,test,6744085622218022732
965,test,6379377854150649733
966,train,16650446589942081860
967,train,846542880170033303
968,test,12003004547861742245
969,train,9544630392021264728
970,train,5142663855101917430
971,validation,8982001662232006154
972,train,13913690468328752711
973,train,9796684499272889086
974,calibration,16319667723601331310
975,train,8710634853923158447
976,train,5031672703331792568
977,train,6597900622349470373
978,train,1099788236263582967
979,test,11813735576660917413
980,test,8142341909589040969
981,train,15870753170766700819
982,train,8539705707397159035
983,calibration,14803235658820132045
984,test,14506496617936922324
985,test,3968232942495527155
986,train,10811833249363590468
987,validation,12429575367093890155
988,train,10428378144730711469
989,train,3053620020404972409
990,train,3523601978268901995
991,train,1609631897398685724
992,test,3082235369610381310
993,train,4107901438805505340
994,train,18392878561262038745
995,test,14108554088652275011
996,train,449094444272790527
997,test,10947613905142815212
998,train,16817255156183924610
999,train,7842542422402579509
1000,test,7186476973461111601
1001,train,1186402035736725576
1002,train,3781370200466706982
1003,test,8311438515350137129
1004,train,16817255156183924610
1005,train,12815712365705641784
1006,train,97588953377534292
1007,validation,5850384698999025820
1008,calibration,6417971795194564891
1009,test,14738179061647928285
1010,test,11323353221293882175
1011,train,18423027704902897576
1012,train,14322786809451590509
1013,test,7776380856859298273
1014,test,8060591790264665739
1015,train,449619460596453726
1016,test,17541701760284096071
1017,calibration,11768997520464407409
1018,train,6785475127715505794
1019,train,7540056607075246593
1020,validation,9611190691990583916
1021,test,7390721563952665100
1022,calibration,721232790436249500
1023,train,7835293452662878599
1024,test,13223051485059187854
1025,train,5070062525075292848
1026,test,15197683703380910307
1027,train,13292392288197966531
1028,calibration,10857177786547204345
1029,train,10960647080541439860
1030,train,6703393120068844892
1031,test,5592391893454045708
1032,test,3393563976745093442
1033,calibration,6580574686538166070
1034,test,14617989233443897875
1035,train,17017622340592685980
1036,train,15707767387321151324
1037,train,12589866510484146895
1038,train,415738111782717807
1039,validation,14303508308073675597
1040,test,11240743585842712341
1041,train,17549996411803218734
1042,train,10692525563538068751
1043,train,9091366527458585402
1044,validation,15605262344401279317
1045,train,5614772365253110016
1046,validation,13832379928488882199
1047,train,7720913518033427678
1048,train,13839383793493016950
1049,train,16184278159961427889
1050,train,17144090285195462805
1051,train,12911885053280057259
1052,calibration,13915878572255369318
1053,validation,4072397608307310101
1054,test,9985846187599886364
1055,train,8958767330134443972
1056,validation,17191996571494329839
1057,calibration,14271144093272193115
1058,validation,14911117375335315103
1059,test,4533374295302509608
1060,train,9054548449179745399
1061,train,495706479785308384
1062,train,10745484247259406
1063,validation,14071512438831952829
1064,train,13794427437810330903
1065,train,3807502869948971194
1066,validation,12050758896385287556
1067,train,868851047282963178
1068,train,16759996151478731494
1069,train,5188483446083996385
1070,train,9201994592084415831
1071,test,15503544998143328602
1072,test,11862225185718176843
1073,train,14488424670120709764
1074,train,6788411879210180641
1075,validation,10647936219189641317
1076,train,13989845950609880315
1077,train,17591075287280577014
1078,train,14116056454838903227
1079,validation,1900686568181294133
1080,validation,7728358254166378874
1081,train,12598421591292907835
1082,train,10558198606253871119
1083,test,7268266326269705359
1084,train,4117905544787024094
1085,calibration,133649914433732334
1086,test,15602277155086666216
1087,train,9975151951831609603
1088,train,6503904911873017834
1089,train,14075711513813765365
1090,train,7175680378497473475
1091,train,7656956166858672124
1092,calibration,4407674162525742715
1093,train,16919199810327011012
1094,train,16817255156183924610
1095,train,12920844783849950338
1096,train,8018996544775274366
1097,train,8139750367985752149
1098,train,9939984138373919828
1099,train,4247116868326056824
1100,validation,10498630871660611379
1101,test,15772529414127436593
1102,calibration,2811641499624566791
1103,train,4304507805474568000
1104,train,16515167521397183761
1105,train,17155581260036573034
1106,train,7263401093298914536
1107,test,5943751410881036638
1108,validation,13928018334220288146
1109,train,15728630738824217947
1110,train,6608839360607337832
1111,train,17866887058434484958
1112,train,7098292306928939263
1113,train,7467319296581168827
1114,test,13927515816015805310
1115,train,9795584753868614955
1116,test,11751391790710953429
1117,train,18357881024527111945
1118,train,8931075893067367268
1119,test,5853764590410345871
1120,test,12045151062723216257
1121,train,9926498517011808593
1122,test,5117598357182944970
1123,train,10862887072957034787
1124,validation,9618361483577328148
1125,train,2973550190815487361
1126,train,7119389432449443140
1127,calibration,9987010997137944244
1128,validation,3114235951735336235
1129,test,9371167820411030102
1130,train,1057794387796846779
1131,train,655750762102887103
1132,test,9796245739421968628
1133,calibration,16513743193265881673
1134,train,7340396764142095143
1135,test,3776955305567361836
1136,test,18398611460264594239
1137,calibration,12932262898870085152
1138,train,1056460066174540283
1139,calibration,10561778521467827188
1140,train,11694420345578783160
1141,train,10747639194051565759
1142,calibration,16809940838959765150
1143,train,6777218762357898082
1144,train,14917273567188173281
1145,validation,9681235727899588205
1146,validation,5172354507548388067
1147,train,2505961966898521671
1148,train,7193419903287299916
1149,train,9083327286479479971
1150,train,15079702226237617184
1151,calibration,1751139019024672240
1152,train,4610118789172582130
1153,test,9611548860007561781
1154,test,13091555205456390753
1155,test,1560842495250723921
1156,train,4170684939730302822
1157,train,15539611239331768306
1158,train,1909903568246170447
1159,train,6434488188577072168
1160,train,5977346366229281395
1161,test,16834011961381796722
1162,train,5761018330900386289
1163,train,5803505528894258065
1164,test,1172698654630195731
1165,train,17864892286175598871
1166,train,1537963129566870960
1167,test,11241881122771564726
1168,train,18947190538459169
1169,train,3073440737181628529
1170,train,11474419920389199258
1171,train,11049854659595559432
1172,train,6336365006068113651
1173,train,2902369912124044637
1174,validation,6690222075043064563
1175,validation,1233283489578356949
1176,train,3174836001942462138
1177,train,18083843203447692563
1178,test,11870808866047852276
1179,test,6081624947267369128
1180,calibration,6038138872750457798
1181,train,3737006237200514294
1182,test,5775293708645294359
1183,train,18248343517187203313
1184,train,3343567841937201154
1185,train,3530582980356958658
1186,train,11545119102880142037
1187,test,14539910953162444042
1188,train,9835333570875772162
1189,train,3835015293531274765
1190,train,11607823825616242485
1191,test,3968370136291928819
1192,train,5350740380826668940
1193,train,9095855605610393740
1194,test,4448997393579585506
1195,train,16597625485295718010
1196,calibration,17380836874146951573
1197,train,14314079109994213367
1198,test,18295718333426406271
1199,test,11384783880421514651
1200,train,5935882484702518261
1201,validation,4400033389647520713
1202,test,1267216455391756281
1203,train,433108402766812039
1204,train,7811304523246335237
1205,train,8670953228509071545
1206,train,13296726455914524419
1207,train,13999789228374607344
1208,validation,12839572509335893715
1209,train,12133512598832916111
1210,train,15540812689891973534
1211,test,1514135058086830854
1212,calibration,7229359684364977019
1213,validation,16354544453410656879
1214,train,2542962164781759470
1215,calibration,14861312321602823162
1216,validation,2311725544369612064
1217,test,1317526629722136124
1218,train,16553502834049493950
1219,train,7891823051347572809
1220,test,14544496479913028962
1221,train,10232535013880587247
1222,train,10087852183594674530
1223,train,11562843106029833681
1224,train,5764825865746136507
1225,train,16066510000142774047
1226,train,10982535972038112804
1227,test,4913802881465732753
1228,train,9698838506330437703
1229,train,5863401199219896568
1230,train,4552321903519254475
1231,validation,10854332563084441263
1232,train,16962278706730141781
1233,train,897003382028435428
1234,train,8633331617898608191
1235,train,12611803946551595079
1236,train,10895567732328219729
1237,train,14178496881940988932
1238,train,4597304622177856617
1239,test,6678489147868716330
1240,train,1108817108989060992
1241,calibration,807237694935114428
1242,calibration,16120033805345044209
1243,train,8598835505480699671
1244,train,12571546245733325845
1245,validation,13187733687378902364
1246,validation,14258971734116940955
1247,test,16739821507554856449
1248,train,1853936782046905182
1249,train,13147167355049775933
1250,calibration,5921775500770887576
1251,test,13894848190136830239
1252,train,17365512110063430738
1253,validation,17361009218106497078
1254,train,15667086224578308911
1255,train,6140602408263860430
1256,calibration,7472334491457127773
1257,test,2602762771074342438
1258,train,11471251306535691701
1259,validation,9309656788553229211
1260,test,18195009908722331946
1261,calibration,11330669169101364647
1262,train,15588960630049158133
1263,validation,4380060499594033937
1264,train,17588655391113106783
1265,train,5264629716933659153
1266,calibration,14401572128723585956
1267,test,3126570380031590067
1268,test,1179512001539751164
1269,calibration,1594340121818546991
1270,train,12275330556549791445
1271,test,15960973342710267811
1272,train,8141732723431140054
1273,calibration,1582541526672175131
1274,train,14200042100736298841
1275,train,13026359538229292080
1276,train,8225739177392870605
1277,train,18350966401179464449
1278,validation,14338847306256751256
1279,train,16458350891980688722
1280,train,5315463815618133402
1281,train,2409928725554854129
1282,test,3767313234764250245
1283,train,10015796432832890040
1284,test,14760765231564578315
1285,calibration,9504313391340807650
1286,train,15047518123085416907
1287,calibration,7547966335552718919
1288,train,14697835522154933434
1289,train,789842923943473381
1290,calibration,3689400651316082559
1291,train,18193469493436811499
1292,test,2786664192399632543
1293,test,11827271167732826410
1294,train,13989511351104407393
1295,test,7813996520829573060
1296,train,6530713855878335008
1297,train,16925797905665664924
1298,calibration,16314245131259867995
1299,train,758433176110926603
1300,calibration,5673828400938603321
1301,train,4453878162259004823
1302,train,11676142034916404423
1303,validation,11621953523144690243
1304,train,3230208248913735708
1305,train,8800560704400307118
1306,train,610476916575223086
1307,train,12405500466771782748
1308,test,14351166127166485712
1309,validation,9689813643512040735
1310,train,4350525407311951471
1311,train,14079102991964503632
1312,validation,185776570593576978
1313,train,10011678498797028898
1314,train,6470835075672669348
1315,test,16318263761186598817
1316,calibration,15378020004216162599
1317,calibration,4999018997586792032
1318,train,2810723269605460056
1319,train,16733305159993525969
1320,test,10672573696080171600
1321,validation,3250997530090580958
1322,test,5351532442633488679
1323,validation,5671110881281275202
1324,train,13349985530574388716
1325,validation,3373467113473872178
1326,train,14729497685677727338
1327,train,7389025941530917413
1328,calibration,10155712473884919160
1329,test,8940750480116097300
1330,train,9360578052500222638
1331,test,12131524494312616402
1332,validation,7541013760743386359
1333,test,9371167820411030102
1334,test,6982083160359579715
1335,train,1726464062872850187
1336,test,18205480618947742507
1337,train,17839828163931367887
1338,test,4270745391783044311
1339,test,15858124258489521209
1340,train,1711578509561145821
1341,calibration,6880331449869478777
1342,validation,13368947957765903273
1343,test,15691850891246970913
1344,train,2713976869805950547
1345,train,16165415659558458440
1346,train,10989249243232111225
1347,train,17181303289381716834
1348,validation,2879841673252653041
1349,validation,14164463209194831841
1350,test,3707573434058710397
1351,train,1711578509561145821
1352,train,3139403887533629840
1353,validation,13472544792037174110
1354,calibration,6057712484576372100
1355,train,975041101707869564
1356,train,14263513482897057089
1357,validation,16838517779031872194
1358,train,15391913633172909072
1359,train,8788483465106320351
1360,train,14547971750032247497
1361,train,5439427963499627232
1362,train,12797987100005408232
1363,validation,3213372268442338560
1364,calibration,746146254025335530
1365,test,15567283595967368202
1366,test,15501851127893990220
1367,train,13234709786075704803
1368,train,9759785990039143481
1369,calibration,17721419880455446386
1370,train,14773060375137815048
1371,train,3044925241106143276
1372,test,7902325140142413575
1373,train,18024960968845197607
1374,train,17008479872271021427
1375,train,17232032148345596901
1376,train,12772408705057956117
1377,train,9657616117364567838
1378,test,7603704605107605849
1379,validation,3792568234367079165
1380,train,1188909679659063307
1381,train,13436018668567396664
1382,train,1814802844102742768
1383,validation,11452950257630027898
1384,train,15933084274979028269
1385,train,18082831946794918875
1386,train,11472447153878387395
1387,test,8203226149638764854
1388,train,4024833360780357774
1389,validation,14317925617198640904
1390,validation,1077138283861528631
1391,train,1958219162339381832
1392,train,8540102150035280169
1393,train,1785671869746655594
1394,test,6521578906853699270
1395,validation,6627980847167805130
1396,train,7309248499114474772
1397,validation,1184526376665668741
1398,train,11457765935688221724
1399,test,15893512824670170256
1400,train,11013299252283136917
1401,train,16793486298384550272
1402,train,10119428620538500921
1403,test,16961707451231132532
1404,test,1744992563684497115
1405,train,5476844711840895119
1406,validation,3960516291592406305
1407,train,478996873661150372
1408,train,70396746985682914
1409,train,10001938166384827292
1410,calibration,17092730513145291849
1411,train,7973050085039692417
1412,train,4523744297277942739
1413,train,1587942413004075663
1414,train,2695268341216019991
1415,train,12076130595668145062
1416,train,9921962057488528471
1417,train,15557934025267213569
1418,test,4315942419530746918
1419,calibration,16062420440030470192
1420,train,441924211958422805
1421,train,11475992593081791515
1422,train,16969593020362243548
1423,test,6922268594667527430
1424,validation,3856317248149333915
1425,test,4002571628172648612
1426,validation,8093870648081825256
1427,test,14189380663666837522
1428,train,3126619807093003406
1429,train,154868163196595353
1430,train,8036616104100656723
1431,train,8289080254656550344
1432,calibration,3244185910132185731
1433,test,16142764831806982759
1434,test,1152325770311701944
1435,train,1097328581120038983
1436,train,17395865536864963552
1437,train,4057937555187462595
1438,train,8226825757688652221
1439,train,6528987566537160693
1440,train,11668644085812073129
1441,test,18438987513921975482
1442,train,16046842357116559454
1443,train,11326380955838796731
1444,train,16437251802355160439
1445,train,8994491800860529682
1446,train,1852881228896020004
1447,test,1383861611164806489
1448,test,2677950040531026592
1449,test,8604908125191133145
1450,train,9950035543085255241
1451,validation,11830712615037022640
1452,train,6109383522574534048
1453,calibration,16847531413959519013
1454,validation,5486752584142456580
1455,train,14805691417324083107
1456,train,6675750768982331382
1457,validation,16395848497568930374
1458,test,13948634766018577977
1459,train,12848684088713017146
1460,test,9149213736467328682
1461,train,4100390734444913416
1462,train,7019997822651053781
1463,train,1724230149862967301
1464,test,16025939466165369880
1465,train,11523863529476459916
1466,train,9642588516398643688
1467,train,10210990841107872239
1468,train,14060653990915211077
1469,train,1995886153924688666
1470,train,353154877826750588
1471,train,7481756502122782872
1472,calibration,18320736246347409928
1473,train,15208940705477257144
1474,validation,5240836426271418544
1475,validation,10549278877895327297
1476,validation,8805505891694171521
1477,train,12759505977807899557
1478,train,10738925125382202699
1479,train,15487200015974162914
1480,train,9913108739988457117
1481,train,5675649924916761910
1482,train,10247910883676785188
1483,train,16308340870984470611
1484,train,9473962674126903197
1485,calibration,10933256255335769929
1486,train,17711430115320126545
1487,train,957126344986903876
1488,train,11452694853943620529
1489,train,15410393146255620355
1490,train,502009450924104101
1491,validation,17982795680369236321
1492,test,8392985680447985527
1493,train,3305064858725750769
1494,train,6473920501539396702
1495,train,10626355390128478759
1496,train,11268898604733403304
1497,train,10506363354308834982
1498,calibration,9682140092628627656
1499,train,9940867378393886808
1500,train,1707616728075695248
1501,calibration,18135612429239702988
1502,train,5753879963018981204
1503,train,322317004438652288
1504,train,10852996224592470401
1505,train,1934455540865760977
1506,train,11148101802151990129
1507,test,9807986017946088254
1508,test,10878919240749546903
1509,train,4983263383588621138
1510,train,14552682539354440335
1511,train,3213689084598531862
1512,train,10427138470908153507
1513,calibration,18092956319188443575
1514,train,11130127408762396260
1515,calibration,2215823570191296598
1516,train,1205417193583724338
1517,train,7393351770587096300
1518,train,2402342576691981442
1519,train,9145181775448774604
1520,test,17023651386988073119
1521,train,7805480092389263422
1522,calibration,13316737280982039586
1523,train,14173775439813647224
1524,train,4488551826176682806
1525,calibration,10151320659496799412
1526,test,18291273479602086025
1527,train,6189952648103379123
1528,validation,1663967586551204609
1529,train,2068197989748662094
1530,train,13049887473127514906
1531,train,12374063892698379824
1532,test,8153750458689030113
1533,train,12426736557117069430
1534,train,10278309664722972389
1535,train,3325880187578142116
1536,train,15338117909827889429
1537,calibration,6070367565031764518
1538,test,669113682180322831
1539,train,6049942118625311504
1540,test,11196527338871423342
1541,train,14396390831929028805
1542,train,1711578509561145821
1543,train,17342495274116785826
1544,test,11963353552058330122
1545,train,8118169198996591476
1546,train,3436337457166782476
1547,validation,502046784239022136
1548,validation,8525502196255855599
1549,train,14584926142830733024
1550,validation,2468886389935233848
1551,train,16708580983565968335
1552,train,8949287644968367735
1553,train,11707864831318540824
1554,validation,13446837354019460147
1555,train,13001896185491925758
1556,test,11597444099580156223
1557,train,12577319143604694460
1558,validation,14717714793988903358
1559,calibration,10015111149795905521
1560,test,7291565484861906909
1561,test,3608255526699336082
1562,test,4090653619529381404
1563,calibration,1122526799698202064
1564,validation,7478174615572373203
1565,train,9437300601001657967
1566,train,4140501354226958380
1567,validation,1260262895150316900
1568,train,9091335371002471759
1569,train,14597874147279417964
1570,validation,11758764527596409085
1571,train,4220914376012012812
1572,calibration,8925122979041583398
1573,validation,5080284857015388909
1574,train,11041993861864503014
1575,test,13262048304406366811
1576,train,8702307125799841388
1577,train,6011176297136816715
1578,train,2166883934824753097
1579,test,17028527061230051829
1580,validation,5682660503385599780
1581,train,15898098597375513445
1582,calibration,14739110002759838628
1583,train,7683677575567483217
1584,test,2981613626196948251
1585,calibration,15065374104708915117
1586,train,4908574888533917886
1587,train,13166063945780475383
1588,train,1363097938178088780
1589,train,12747207262440779219
1590,train,6455316866076416142
1591,train,12138519638740657606
1592,test,3863107158602797171
1593,calibration,702549776946963550
1594,train,8161522444610913627
1595,test,6902387639232230798
1596,calibration,8471420040366260518
1597,validation,1182293519790019259
1598,train,10470917478479280842
1599,test,14634620028238514585
1600,test,6501621275458572284
1601,validation,12761745836405219405
1602,train,17813093228780416723
1603,train,13176248889338968918
1604,train,11344363773412198682
1605,train,15810866477259481121
1606,test,16490410533293810144
1607,train,12149525988161793492
1608,train,2208400542739816586
1609,train,4899495322502172251
1610,train,15062907333362765413
1611,train,11311386868951277590
1612,train,9921293042151472815
1613,train,16908453972519256431
1614,train,9821544560548458554
1615,train,2885494480090250133
1616,train,950924966995382712
1617,train,17372252967854143839
1618,train,3477873434281654729
1619,train,16780334877475841815
1620,test,9317684923360423775
1621,train,13645055903349029409
1622,train,4804539100180480439
1623,train,5703179938366534933
1624,train,644462492435005315
1625,train,11490166194350772604
1626,calibration,476973871258010000
1627,calibration,6684722945889968072
1628,train,15825830350436625623
1629,calibration,4346336254278305045
1630,train,17035844258478685658
1631,train,6695253194576595970
1632,train,7934613330277740100
1633,train,3241668459183017533
1634,train,2790015535063030586
1635,train,4024023588350503085
1636,train,14291441029927878106
1637,calibration,2384799514775694795
1638,test,11472741093583808954
1639,test,8921378212319373020
1640,test,16613346874337894127
1641,train,18201650557498554819
1642,validation,10209844730439537732
1643,train,12927304109384272097
1644,test,11577314409156469340
1645,train,8603561352847769338
1646,train,17404138795760021124
1647,test,283868518178662737
1648,validation,6001692618766788345
1649,train,9010575213062801220
1650,test,14157073396116081579
1651,train,4028776225990897762
1652,train,3557071116909910435
1653,train,12010966355921873830
1654,test,8677309858193847224
1655,train,11895631779324978268
1656,train,976942016332582377
1657,test,3713416327717662579
1658,train,17689926133823613644
1659,test,11792585013999524536
1660,train,5326413541606992467
1661,train,14057637748526867069
1662,calibration,5976206822965039604
1663,train,9624267916119690097
1664,train,11898326600245114879
1665,train,9337193166066912815
1666,test,7912454963392360876
1667,train,7150207179704815544
1668,train,5848575112828199239
1669,train,10431653794332437537
1670,train,6282194636286148699
1671,train,15150021161648620283
1672,train,9410589275451034637
1673,train,17204567307386998516
1674,train,9664131376478020016
1675,train,18010649611250447933
1676,train,8761260368818075875
1677,train,17345791167161842404
1678,train,3658695640480432437
1679,train,12133961262670199753
1680,test,15704343451377894052
1681,test,16323730952718054096
1682,train,156809167142007188
1683,train,9366352650233464945
1684,calibration,12332683195250041954
1685,train,14287402819706023782
1686,train,6873436113863441824
1687,test,15364425141643192265
1688,train,13197923938575002489
1689,validation,10606113702421066291
1690,train,17325253056684059360
1691,train,17734863249860094059
1692,train,9572781640692736901
1693,train,11668658607988374154
1694,train,5324078619437574959
1695,calibration,4382871234912854721
1696,test,16592636543385384506
1697,train,2308882769404715885
1698,train,9494364072264822741
1699,train,13421038771993613862
1700,test,5991448765647687209
1701,train,2878461798327266973
1702,train,3971858787822157540
1703,train,16836526604293400823
1704,test,11436775015957405996
1705,train,18036380669241531385
1706,train,11296726195908726765
1707,train,6141632355502769583
1708,train,6891954500101266164
1709,calibration,11621941184963192264
1710,calibration,5947416414740306024
1711,train,12866782790338100115
1712,train,4508594703089747422
1713,test,15320533680075845729
1714,train,15274630773489670628
1715,train,4748503774431150859
1716,test,10493896890312998129
1717,train,11055901781443072423
1718,train,7321337707000094124
1719,test,6141773590509161536
1720,train,11083963874092370070
1721,train,15567857576754856805
1722,train,10637828576498401016
1723,test,2974251777258443947
1724,train,2116138987014451362
1725,validation,17973215072459681611
1726,train,17199632859514861754
1727,train,2188802206246606833
1728,test,8058973367131348314
1729,calibration,13479647841782613833
1730,train,4248207682202261763
1731,train,5415456901464659743
1732,train,3909360123607107470
1733,train,7266471103021353212
1734,calibration,4763917261095039420
1735,validation,6904162974100979409
1736,train,8959025753000415470
1737,train,3786480937617211368
1738,train,9106489656763871897
1739,train,9505342938419290918
1740,test,10127838560559521417
1741,train,9734340456416209176
1742,train,6097940475188253550
1743,validation,16095581200130067748
1744,train,4679337713481347824
1745,calibration,7311316292894347394
1746,validation,8346290655014370870
1747,test,16424912330965840674
1748,train,7661190231744825823
1749,train,1564297496498566057
1750,train,725915022290747927
1751,train,3622259795564756118
1752,train,5432031727187516723
1753,validation,7070127166683639432
1754,train,4230153659860192287
1755,calibration,9611815213336321743
1756,train,8161059627147584574
1757,train,8325843411467285872
1758,train,1044637239218559171
1759,train,4534004114716685193
1760,train,1711578509561145821
1761,train,8541096697402279156
1762,train,9625892718140390386
1763,train,10474174213209616325
1764,train,13500326810780326064
1765,train,14696167505548537909
1766,train,3248789662258693842
1767,test,15138615426616226245
1768,train,11965800112423305734
1769,train,17622372873528115323
1770,train,6623302984987412526
1771,test,17135148994051959986
1772,train,16204637870252579
1773,calibration,7954411268505111013
1774,train,13348176746415114255
1775,validation,8880040858544918884
1776,validation,17528077151690595981
1777,calibration,9499389585895406691
1778,test,17957491282008374874
1779,test,6018320938094468726
1780,train,4176530343839312490
1781,train,6578114088634586760
1782,train,10616391873285095871
1783,train,3670005767416826492
1784,train,915476411993593625
1785,train,2370954889583534131
1786,calibration,17701120423085499731
1787,train,6267138316470063956
1788,train,13333237127873420130
1789,train,10277976294787833147
1790,validation,3080576181874079648
1791,calibration,7539428952217966151
1792,train,14699691017854710336
1793,train,23853534989424547
1794,test,3591125746396509093
1795,train,15474205643009333892
1796,train,8949828698174719682
1797,calibration,10773140292886024770
1798,train,6573669952039896778
1799,train,4871042410286535087
1800,test,14885064847767843102
1801,test,6686781892037437601
1802,validation,12281939378706917996
1803,test,28450718436589729
1804,train,8646617425891708016
1805,train,11381295017085548374
1806,train,7914895397107496279
1807,calibration,8507333396309555978
1808,train,2874080780035869032
1809,validation,653215943318350637
1810,train,102282172615897872
1811,validation,6503215122981199853
1812,train,6747513750894136204
1813,test,11490564583225802430
1814,train,11353608587916297672
1815,train,13208971450744255288
1816,train,6641877082121919489
1817,train,4962138712186871110
1818,calibration,12035432110413656822
1819,train,4409511802071674045
1820,train,17339293352948273891
1821,train,4344601450300152853
1822,train,13428851124076843417
1823,calibration,7146175607878927640
1824,train,13211061698155108191
1825,test,11521459745975885555
1826,calibration,66540647199726709
1827,train,2951844030794990924
1828,train,6904098980550243712
1829,train,18160941300354344817
1830,test,9481084577812073508
1831,train,2705243423675582661
1832,test,2271886849755269998
1833,train,18257586670583409628
1834,calibration,10195472932738718111
1835,train,7653381512224440115
1836,calibration,16565107313432794059
1837,train,10279449326250888110
1838,calibration,6174408988383874246
1839,test,5905283492837221520
1840,calibration,18327150037136249871
1841,train,8076663420157745004
1842,test,7918311727731713904
1843,test,7620074263425819068
1844,test,1835807615743750540
1845,train,2223288064480724949
1846,validation,14188307036645152579
1847,train,14162086712305551817
1848,calibration,4897068366610948633
1849,train,9049172609348466835
1850,test,8508269571320155378
1851,test,16739773659060291625
1852,calibration,14180224617458598692
1853,test,2891016443991098403
1854,test,12526478302188643307
1855,train,15216719102859472922
1856,train,9127739502272636962
1857,test,4850622366328446507
1858,calibration,3278832424174855140
1859,calibration,16451761251054082585
1860,test,2209863764669702652
1861,train,8772936759307807831
1862,train,5398317783209921674
1863,calibration,6029192626223630923
1864,train,5176812667178078219
1865,test,10868622898951414108
1866,train,15596031874727113874
1867,train,7109082244742496536
1868,train,11682445106698995361
1869,calibration,1335438889083970243
1870,train,3152666352778192086
1871,train,12096792207083720241
1872,train,8910318567736326572
1873,train,12346734791831816220
1874,train,8194880295880351121
1875,train,346878129974493311
1876,validation,17571163391038831385
1877,train,13489332700403487974
1878,test,123863202626291020
1879,train,3209255254832851029
1880,train,16826971696028715668
1881,validation,2313506663305510477
1882,validation,8266050570388366888
1883,test,15279326298784636477
1884,train,532298614323543143
1885,train,7007685989558306928
1886,train,6696398803859376351
1887,calibration,2037327980423368146
1888,train,15657371480267315112
1889,train,3683393961995518109
1890,train,9446501176164317748
1891,validation,13808916146879615957
1892,test,11323503263052201275
1893,calibration,2262795005906003327
1894,calibration,10704427417445350589
1895,train,15860891316845453244
1896,train,17961459715085748225
1897,calibration,3580187837290260731
1898,test,11822938582795996000
1899,validation,6826322851414389811
1900,test,12007686416429260494
1901,train,13863434136198099670
1902,train,12210462655075176081
1903,test,9687645322972903749
1904,calibration,15844381439142326503
1905,validation,1156349096299752761
1906,train,7191990889267613851
1907,train,16763878848141133550
1908,calibration,926280610345540128
1909,train,5361336409863068184
1910,train,14490420833663527550
1911,train,7178020332820564869
1912,train,11085161325542458283
1913,train,14958036116748379646
1914,train,3157296268371987973
1915,calibration,8996465648706184514
1916,calibration,5326736597172972488
1917,train,14662147019890618148
1918,validation,12349784674673256147
1919,train,9240328734406482563
1920,test,6128174047850309184
1921,train,10697922591868913436
1922,validation,982871271042880673
1923,train,14947845593479762730
1924,validation,13974706590839548757
1925,train,59808111129674255
1926,test,9507893422989568485
1927,validation,4428391801690064745
1928,validation,9824880895944699511
1929,train,104515534718603225
1930,train,17760353169042756338
1931,train,3843433335848120863
1932,train,15350069012034162393
1933,train,4617146460110695189
1934,train,3319676816184280021
1935,train,8359992927021094251
1936,train,6513094110135884620
1937,train,1490345575023648890
1938,train,14753105145585639427
1939,train,8142683506124618913
1940,test,16796754511053743845
1941,train,16382903946593918469
1942,train,1044637239218559171
1943,train,2542834027257621381
1944,train,3274182087577836445
1945,validation,2086107416187629954
1946,validation,6692144749207478283
1947,test,10749289304842906710
1948,train,6204709972201711121
1949,train,12816209980852009408
1950,test,6526939338458519850
1951,test,1094249343319137283
1952,train,2184731007408416384
1953,train,8339102660048042630
1954,test,10962041367586310623
1955,train,17295948889823336720
1956,train,4320404291732532529
1957,test,7070004774330638289
1958,train,2155795376597313171
1959,calibration,2035340500839100800
1960,train,2723045759272976129
1961,train,4770817864440641053
1962,train,6275823607394406017
1963,train,13081520899151895181
1964,train,17042616428213907996
1965,train,17813093228780416723
1966,train,12248278703476953707
1967,train,14929387925042467858
1968,validation,5685104940955042995
1969,train,12644929565737723261
1970,validation,9851744297308146602
1971,train,7003426907102493659
1972,train,10318441796810425208
1973,train,7753641042548992506
1974,train,8151753418201530960
1975,test,14462252427425120923
1976,calibration,16254546265800657622
1977,train,9045938946819097171
1978,validation,10368144389885644323
1979,calibration,2532351557991974374
1980,train,14770675872576451185
1981,train,17813093228780416723
1982,train,10662779053454979407
1983,train,10242395939759461912
1984,train,16451718528246209486
1985,test,5603155520917858044
1986,test,3468252196684026774
1987,train,5451679437834129569
1988,train,13008422687416339760
1989,train,374545145985792236
1990,validation,15965943706985994320
1991,calibration,13973712729694141736
1992,train,16817255156183924610
1993,test,8465838383099701780
1994,train,2110635000576072073
1995,test,1681280479804385439
1996,train,7229467209207628262
1997,train,12094746771713928693
1998,train,2932885450396222344
1999,train,10640296668051121035
2000,train,1259387789089628683
2001,validation,1158273220987260703
2002,test,11828161138011371406
2003,train,4763102054017586539
2004,train,7345617958784732200
2005,train,7221460098130504729
2006,train,4110134122065557946
2007,train,17137475297434869251
2008,train,10476656189807778535
2009,train,7166978777984448218
2010,test,8677309858193847224
2011,train,11708696406167248629
2012,validation,14304144943337384760
2013,validation,8447360190111961705
2014,test,5515173005788132933
2015,train,11062725478003467499
2016,train,7733698336984628472
2017,train,2449209793443347394
2018,train,12436661463095012401
2019,calibration,2696914548183405585
2020,train,17422122148329907425
2021,train,2454649943050772593
2022,test,8861702537391049415
2023,train,17659135777284657640
2024,test,9279645357987963115
2025,train,10704068785036585434
2026,train,10397053000880090136
2027,test,465178588084061438
2028,train,1207824924904985685
2029,validation,934583208833639821
2030,validation,7719909072456076267
2031,train,17996287443561455549
2032,train,18225552061247243269
2033,test,1747852803018221271
2034,calibration,1352366857600536441
2035,test,7512959580828690208
2036,train,1946559930153195904
2037,train,1088405978936634427
2038,train,10731280935234693344
2039,test,7688567733819139244
2040,validation,12928653949600765419
2041,train,18013817828969542752
2042,test,16239266566739477866
2043,test,6903839081546813537
2044,train,4180227461530208770
2045,calibration,2667482376070001659
2046,train,1719695909910877721
2047,calibration,17648361002247770462
2048,calibration,4896913380291082403
2049,train,5468715156666102858
2050,train,831550608397271734
2051,train,12862501236554993478
2052,train,6398587442134814525
2053,validation,8713765983865159461
2054,calibration,10713296971767105244
2055,validation,251123744330482680
2056,train,16689812608001604258
2057,calibration,17472702826618100927
2058,validation,2079286908693583184
2059,train,16526761338689946355
2060,test,84559938319864447
2061,train,3546617304024052373
2062,test,12972440479840483812
2063,validation,7136538876590058521
2064,train,5516055899722391360
2065,train,15728922735790916814
2066,validation,17747373310021524469
2067,test,8562296008815915200
2068,train,13534365984244851121
2069,train,14799001112009858389
2070,train,6195315145180437407
2071,train,6664363863154071870
2072,train,3586705815158454671
2073,validation,17694605111419079110
2074,train,13866169736139723128
2075,calibration,7186179780255760374
2076,train,8971424156449641902
2077,train,7731314015280279669
2078,train,5768373552793917755
2079,validation,7340929603872393025
2080,train,9745626910506546452
2081,train,8154851678629865322
2082,train,12978110088458981556
2083,train,1711578509561145821
2084,train,9585946593995702675
2085,calibration,9472961326338698060
2086,train,5258501759400725343
2087,train,3843747515833524200
2088,train,7905345383147609068
2089,train,13024460722364428388
2090,train,12771477543430500636
2091,train,3183927709819631337
2092,train,4290005765696117782
2093,test,537402188788219715
2094,train,1630887647122103950
2095,train,13873810887134586909
2096,calibration,4393514670315102174
2097,train,2268158427688269721
2098,train,14503159045691980127
2099,train,1765743296668514401
2100,train,8692269565000798229
2101,train,7352701595842665542
2102,train,3230765803101856549
2103,train,10896935344320491604
2104,train,7606843862415381694
2105,validation,5689865258250603388
2106,train,17079413151488232995
2107,train,6357335538926372048
2108,train,17355864732300329802
2109,train,17305685072059760482
2110,calibration,12790152482449440090
2111,test,612980816415230133
2112,train,17336012869495133573
2113,train,3564976352100706141
2114,train,2757158526798509837
2115,train,8282810308322887846
2116,validation,11741559501877824933
2117,train,6686137268040149465
2118,train,11797866601867012271
2119,test,1531579501450162831
2120,calibration,15154558568721933903
2121,train,7105990911099239840
2122,train,3171780813959401011
2123,train,7766157812976326802
2124,validation,2790857384089346182
2125,validation,393193531603269581
2126,train,17006706302117956557
2127,train,10992241077309006584
2128,train,4707549544608932454
2129,test,2251984591862134783
2130,train,13811747371192512686
2131,validation,7367450867199227372
2132,train,9159825992920740651
2133,train,9942628873497337259
2134,calibration,15691365787608314546
2135,train,2647182435477376927
2136,train,11659872776291041928
2137,train,13421114844142740221
2138,test,6244746552469580232
2139,calibration,5678520187082774023
2140,train,1062355209737884193
2141,train,9842639768005933007
2142,test,8827272696399309202
2143,train,13897080522089198878
2144,train,14247277855235010512
2145,test,16682060093807415467
2146,calibration,17828278714121439450
2147,train,16115317487568123183
2148,train,563098234847508334
2149,validation,10942674398084953616
2150,train,4030718077530328508
2151,calibration,11990493840071339814
2152,validation,17702897200761235318
2153,train,18287624757293288449
2154,train,7200253457055602203
2155,train,12716356008973022285
2156,train,7206394101717987987
2157,validation,15860570835158130710
2158,train,9616218663569141321
2159,calibration,17615886470361440979
2160,train,3055026429831290425
2161,calibration,11523408250628536603
2162,test,10477508571764295565
2163,train,1428791218133779833
2164,train,12713571764393190003
2165,train,9094165728018104781
2166,train,16817255156183924610
2167,train,7038272400056059807
2168,train,12296472478617121062
2169,validation,2897375764211585316
2170,train,5258501759400725343
2171,train,14045838709890577581
2172,train,10940453177782861633
2173,train,5804233442608742142
2174,calibration,4497921508857250112
2175,test,12959239962179837820
2176,calibration,1378340883025926874
2177,test,16594039388571609125
2178,train,4705876810458668244
2179,train,10973876295384281933
2180,calibration,3484538237321910266
2181,train,7738077188795625310
2182,train,9995532167024870650
2183,validation,14676412582631156260
2184,calibration,6390378118631642849
2185,train,13936729769420741279
2186,train,8565334963441916073
2187,train,18411921991611271420
2188,test,4048447405590206706
2189,test,17974941667631431216
2190,validation,14429137788689701752
2191,test,14857734114761182731
2192,train,10385264925748593729
2193,train,14268736925396012820
2194,train,13976904538173011444
2195,train,11313459543883973479
2196,train,14719425716140931485
2197,train,10414645494894560786
2198,train,911225553216138174
2199,calibration,2233731066657032247
2200,test,15037865497826807557
2201,calibration,17187858033168728613
2202,train,14885273113069200710
2203,calibration,617007350412333309
2204,train,3780682753031467189
2205,test,12241430460340722639
2206,test,5781141068266077581
2207,validation,14882946770613014273
2208,train,1048937518616118892
2209,calibration,1884174293899789700
2210,train,10509925966495331864
2211,train,17410117355223007388
2212,train,4096574609932499632
2213,test,3594286547833631621
2214,test,10555384735625620953
2215,train,8560783246335721404
2216,train,4760989559626814041
2217,test,7231357382540170578
2218,train,10591555642785978903
2219,train,3354151380566854265
2220,train,16992403696881858596
2221,validation,14455100084946916839
2222,test,16782330992546383979
2223,train,2476356562509013087
2224,train,344130869490321771
2225,train,13823677610896950702
2226,train,13084521574738132418
2227,train,3261434129423187460
2228,train,17725804911894371718
2229,train,11326340559602163096
2230,calibration,10207119743828991036
2231,test,15758079847154411624
2232,train,5075635304933032177
2233,train,8955475930637277496
2234,train,3174965664723244320
2235,train,8699306066094477036
2236,validation,13350344892086095499
2237,train,7717552669953192170
2238,validation,17229167037865023488
2239,train,12004875954730664900
2240,validation,13501697127080923035
2241,validation,16042386501890123827
2242,train,1068330291065100352
2243,train,14127896024542943710
2244,train,4750041656076434520
2245,train,16491869584801274953
2246,train,6114620196923534381
2247,test,4257207616052971017
2248,test,4917697507733601670
2249,train,15254284089434766184
2250,train,1538311072819351387
2251,train,11992628988553923975
2252,test,13071018065377866010
2253,test,3215564588155870669
2254,test,1613755632780625471
2255,train,4927024916385621349
2256,validation,13233209048476354002
2257,train,12037826191217729220
2258,train,7990206449897654672
2259,calibration,9924849582821667995
2260,test,18139607572105512666
2261,test,11544803133329608539
2262,train,790129042152778439
2263,train,15640522118691646963
2264,train,3963140569898816168
2265,validation,1725034164242113839
2266,train,13928799309193450496
2267,test,4701247323006205229
2268,train,481791253636700306
2269,train,8595237994066781604
2270,calibration,14970881020717725805
2271,test,9456558698388858779
2272,test,13387759093008593577
2273,test,14564352289949318207
2274,train,7519086480198871485
2275,train,11695035933230117331
2276,train,6568251146457473387
2277,validation,9225682495338416984
2278,train,13895216450443340965
2279,train,446907293319385353
2280,test,1352924492171649842
2281,test,1247662773213032754
2282,validation,6587706878539371476
2283,validation,13430992708434816079
2284,train,1880080755466638367
2285,train,16120408949413103413
2286,train,8007246539287489621
2287,train,3219662466034025204
2288,train,11579575274162149624
2289,train,6398648903290154768
2290,train,5197390312490042220
2291,train,10666937910535360140
2292,train,6922644279078790696
2293,validation,13779161970430194304
2294,calibration,3152524781093325876
2295,train,1651614816984634024
2296,train,14516502739111296243
2297,train,15797785600687403683
2298,test,8965838825959177176
2299,train,8781182956766653509
2300,validation,991603786038575506
2301,train,9091032127744790632
2302,train,7742776560707739153
2303,calibration,5899980335498508991
2304,train,8494218440554461944
2305,train,13367534316035005191
2306,train,3055026429831290425
2307,test,611668718616976490
2308,train,17942928703662359260
2309,test,5964798776274054746
2310,train,12470696845754475896
2311,test,4471347635084102377
2312,train,15762670879353451277
2313,train,18176490716581362606
2314,train,15467081238429726889
2315,train,13359788991107450567
2316,train,9318533345961428007
2317,train,13807225294113909441
2318,test,2036645568254301161
2319,train,17732082492857124574
2320,train,17805507892889702469
2321,train,8313671760202882556
2322,train,11628868305579614366
2323,test,7815224721909241195
2324,train,15528200315242518970
2325,test,16338094723512871465
2326,train,15591923103362974895
2327,train,10804431890572274545
2328,train,441773214947927335
2329,test,5326073277685358867
2330,train,8426985880222828550
2331,train,8330612738639706193
2332,train,10126700073680639574
2333,train,3951798651297278965
2334,train,12667970228927386772
2335,validation,12043145756713394121
2336,train,1494049542427779879
2337,train,4092415857768840214
2338,test,15452728582780716809
2339,train,17949878446990097242
2340,test,609298874028875768
2341,train,32827978093241546
2342,train,13657376059404955926
2343,train,5888980102630847575
2344,train,970703328033170153
2345,train,12436421611905937609
2346,validation,7877261957803032721
2347,train,6600628348216108941
2348,train,3485487674099951889
2349,train,9921898359558796183
2350,test,8934660449942354873
2351,calibration,15589597544730728093
2352,train,12638239172373105504
2353,train,1626957110645678532
2354,test,466151584820223458
2355,train,13004367006380004095
2356,validation,17430922559494559509
2357,test,4274465383178129661
2358,train,12767936635300163302
2359,train,5639247974248316418
2360,test,7348834393800238437
2361,train,10687031323191983852
2362,train,371122881864122409
2363,train,2293303622897141097
2364,test,10961381666536658270
2365,calibration,5847684976623296556
2366,test,5347532988382431027
2367,train,8264170642711917662
2368,train,8379620881628876490
2369,train,6575841609960666740
2370,train,11353482665423285135
2371,train,18022542991090662365
2372,train,7968510960529560720
2373,test,2352970932688975521
2374,train,13871077281978837449
2375,test,13800248360301473139
2376,calibration,16774524032623715279
2377,train,18325128691381068046
2378,validation,17754102613079560194
2379,train,10988293120687111220
2380,calibration,14432399236901527673
2381,train,15100963060813744985
2382,validation,8354031136327667897
2383,train,14636973143737665229
2384,train,10090124405199923696
2385,train,17163067094214190188
2386,test,5085974633882141095
2387,train,14533868292305575015
2388,validation,5413170768845719364
2389,train,3655516056812526739
2390,train,424555924645109205
2391,validation,12377414470917819104
2392,train,12892400373324493521
2393,train,18070584153571999731
2394,train,8592724700649007131
2395,calibration,15385520717714919781
2396,calibration,12390580107378224585
2397,calibration,5617908152909948689
2398,train,13643246390002556207
2399,train,10517893648091996264
2400,validation,701964953841918744
2401,train,3723123122698323608
2402,train,5605015598663707552
2403,train,5433773999335244619
2404,train,4463050785382536510
2405,validation,3865058147007018587
2406,train,13960915297610505616
2407,train,6475607590045923795
2408,train,12988494530625691995
2409,train,2930495677901683791
2410,train,5292888729649616190
2411,test,12182452501001922339
2412,train,6243584130441509447
2413,calibration,15527774346820936963
2414,train,16400158252038057292
2415,test,3772158013138006284
2416,calibration,553081762430432332
2417,train,11158227060516723951
2418,train,3164263601789422218
2419,train,6854577985264844428
2420,test,12513575434830269509
2421,test,4415982914297134730
2422,train,10829161649203667872
2423,test,1510717102463259746
2424,train,237353569847795814
2425,train,3030686011470714622
2426,train,12938397699274925170
2427,calibration,15467018744485380201
2428,train,17429288483878173668
2429,validation,236623272072611860
2430,train,12871256647808025544
2431,validation,8894143816421047509
2432,test,2900649829190536606
2433,train,11823518654469827391
2434,train,13162510562642525771
2435,train,7873884899437672557
2436,validation,9217493563532287439
2437,train,18284393279076479925
2438,train,5964719528617971615
2439,train,14231064781138230214
2440,train,16854920619195676353
2441,test,1132768755606176399
2442,calibration,4646777328058726749
2443,train,14151401477271139636
2444,train,4078266730837301744
2445,train,583296669686605571
2446,train,5521937911309244330
2447,test,7307410296412816375
2448,train,6984258635687004354
2449,calibration,4389140473038612666
2450,test,14108554088652275011
2451,train,11328803678658663077
2452,train,1514447991960182741
2453,train,14244578964986974921
2454,train,8007884698080982333
2455,train,2183001602327059578
2456,train,1589254314602001014
2457,train,8624816086556949674
2458,validation,14905653836116162947
2459,train,1548552079929434218
2460,test,7148473896780636688
2461,train,10910103225403639788
2462,validation,6614765361883621137
2463,train,13128234072951736265
2464,validation,16729423641563739125
2465,train,12861597201966629778
2466,train,17979931461762420867
2467,test,8244956645108452395
2468,train,5862272524351171851
2469,train,7179418840803242168
2470,train,6629992193013899020
2471,train,3246794206945288633
2472,train,8231947248463994362
2473,calibration,16461252085339356102
2474,validation,13354101420662797005
2475,train,12243898792297501518
2476,train,5908593265502743159
2477,train,7138281736845017458
2478,train,14741154721095827609
2479,test,5243224174350332307
2480,test,10623618908988621290
2481,train,8162778466363613817
2482,train,2327310273837495966
2483,test,6156856017493068033
2484,validation,8653827767971242687
2485,train,16341463167551496208
2486,train,5124968373901402282
2487,test,13114808430992886416
2488,train,12931793500564282187
2489,calibration,5577956578590182800
2490,train,9068370452721957534
2491,train,5719972487046647211
2492,train,7237962329724793858
2493,test,15939492830240085968
2494,train,12747290680664329236
2495,test,8231447529297131972
2496,test,16989948690665834386
2497,train,11273514236758201819
2498,train,13643103437477620613
2499,train,5748236704578037367
2500,train,948866823503449530
2501,train,9260176698527132049
2502,test,6394947460302671535
2503,train,12814078993115090697
2504,validation,12958043991765433569
2505,train,11875219949877081363
2506,test,16535302144946295887
2507,train,11587944445104539618
2508,train,2694798100597030247
2509,train,8257100770068630938
2510,train,16202391576633262584
2511,validation,18335904686492533201
2512,calibration,11155879119813432766
2513,train,1461104150526831443
2514,train,18150847350494204541
2515,train,9259074706995648919
2516,test,18437529881539178264
2517,train,4834076516695179868
2518,validation,5125443872335297973
2519,train,8204395288963843954
2520,train,899896996948395138
2521,train,13320691822157792647
2522,train,7475483755821947051
2523,train,7418189007399662986
2524,test,5710826690868795588
2525,train,12742521685219058943
2526,train,4741672864295349952
2527,train,7956000010815079658
2528,train,659484104762619765
2529,train,4990574526228573933
2530,calibration,15900672453186298774
2531,train,2319491968093988074
2532,test,7685720651117741133
2533,train,18077928976586674091
2534,validation,18058133796479572128
2535,train,13601962649743308752
2536,calibration,13907365727926790116
2537,calibration,17233410370480258776
2538,train,594722989384876015
2539,train,12277807721294827165
2540,train,16454116455856462495
2541,calibration,12258729265244216120
2542,test,17729667978994696204
2543,validation,8045093189073680712
2544,train,10886758690072794242
2545,train,14560564777819661553
2546,train,1922510898312628525
2547,train,7425655885562717165
2548,train,9651585130334542159
2549,test,11052274957163341626
2550,train,754234250349026097
2551,train,4601109470456078444
2552,train,14603564681922003213
2553,train,17825982573665015910
2554,validation,11947186887126589080
2555,test,4146015348374998195
2556,train,11014472291138610756
2557,validation,4259765989020672652
2558,train,18015799370005370822
2559,test,16726352486538102406
2560,test,7720068029211686369
2561,test,3756757702499339891
2562,train,17428724026439757106
2563,test,3916416623042337451
2564,train,15647511842457150161
2565,train,1374003514698990534
2566,validation,14579981093356798201
2567,train,14416732638034801066
2568,calibration,12033076205866033890
2569,calibration,2837733855614059881
2570,test,9020252287702020398
2571,test,7533949053703546849
2572,train,1374003514698990534
2573,train,13765496033196687113
2574,train,10883934675481620415
2575,train,11444652799075876504
2576,validation,2435922760654532626
2577,train,10539730485761097518
2578,test,14966228718188625628
2579,train,7807943751494225324
2580,validation,9056195905712788876
2581,train,6630288717259136297
2582,test,14209338429601310594
2583,train,3141131082645406143
2584,train,8365849774903628082
2585,calibration,3850993066336474321
2586,train,18002907073456429257
2587,train,3372826157519173945
2588,test,14754252127022432774
2589,test,485575763048181114
2590,validation,12351207427856027758
2591,test,13539976941722237566
2592,test,13746979087078889736
2593,train,15426000573331230351
2594,validation,8946350763161997214
2595,train,12826147270061744840
2596,train,10992936767071902517
2597,train,10208705488152529833
2598,test,14896202845793338780
2599,train,3100540174881205151
2600,train,15277310888539129817
2601,train,12213153902966905835
2602,train,8380591274481807306
2603,train,12141601967360270605
2604,train,7569740011809075084
2605,validation,4211536817271588264
2606,train,11677323505759221027
2607,train,4076609197662736255
2608,train,3131115509405664044
2609,train,4609850703495944184
2610,train,13193808516949861121
2611,train,4728174112063989164
2612,validation,8801253856092783257
2613,train,554937905907923846
2614,train,6345517608337767438
2615,test,6340841061884850325
2616,train,14477988076185142173
2617,train,13551175425976882747
2618,test,2207018769638989363
2619,train,3275484980319258338
2620,test,11406946878475257013
2621,calibration,4520989515595318903
2622,calibration,14019284257404749622
2623,train,1743310965672286959
2624,train,8169551084316581781
2625,train,17618640094973313401
2626,test,6875671079631204465
2627,train,4127939303333149100
2628,train,674615802335230800
2629,train,16901221249860764473
2630,validation,11213222997175685570
2631,train,10772665030367760116
2632,train,2574018539187874525
2633,calibration,10421745695382294632
2634,train,1734655297029417854
2635,test,1949376644233377580
2636,calibration,10164281076458767615
2637,train,5569757534748317239
2638,test,15754163566242748080
2639,train,4176770545557149430
2640,train,6784728653374098999
2641,train,16813299642744280916
2642,calibration,1165820708395427881
2643,train,2351519791576963864
2644,train,2567087150103256862
2645,validation,15181563683941678545
2646,train,17074618670138649293
2647,test,13985192781540820585
2648,train,1431812008962132503
2649,train,11745447392041765176
2650,train,17694353781370488636
2651,test,229545836314921209
2652,test,1707071229115756281
2653,train,14112502028939297330
2654,train,6466050341856567533
2655,test,2904218599846065199
2656,train,9789925831290782904
2657,test,8721371190670621471
2658,train,14599030172393807135
2659,validation,5828888031755014526
2660,train,14604545163502900120
2661,train,16140607671465358267
2662,validation,3876685024562681705
2663,calibration,14037897203105881923
2664,train,7858861790355044230
2665,calibration,4210188803506777941
2666,train,450294205195131677
2667,validation,1206759072430673721
2668,calibration,12189393160822646932
2669,train,16992664051800505742
2670,train,12324611829683285103
2671,train,4572441543897282368
2672,train,2445206883407461482
2673,test,8208715678375563723
2674,validation,213907543984212855
2675,train,12491217329850934302
2676,train,2440175851071211617
2677,calibration,5513163042924380215
2678,calibration,16218141256547863906
2679,validation,4725469290119292552
2680,train,991462341217301241
2681,train,15573567055200026376
2682,train,11386582232935298855
2683,validation,14378371456989234179
2684,train,4406612465048185301
2685,calibration,4960483823408418693
2686,validation,3062904110745844527
2687,test,3194892238273665545
2688,calibration,11791951855982006327
2689,train,7446378190831301638
2690,train,6037861895600645060
2691,test,310280491910233084
2692,train,2266063793522168354
2693,train,8187822082281089737
2694,train,14139343994890266990
2695,train,15940720614172831857
2696,train,3196407119879800269
2697,test,6820637201488263007
2698,train,1995436129154054007
2699,train,7849684326466158896
2700,train,6319283390084024382
2701,train,13462280505387008135
2702,train,15286141976757976839
2703,train,8644297013687029402
2704,validation,3459303429201657780
2705,train,8470594461041825001
2706,train,10747938244644795258
2707,calibration,14625011670007626055
2708,train,11876751018393678078
2709,train,1152046430835802948
2710,train,17510026125836271613
2711,validation,8420225853285124163
2712,test,452079133929115204
2713,validation,13966313676705013123
2714,train,1573208387041412526
2715,train,6234252164986575057
2716,train,1984263389593383249
2717,calibration,17437609865261172810
2718,train,287954289692989759
2719,validation,11950736258502733491
2720,validation,4368387780528457297
2721,validation,8839822803645746526
2722,train,9194297306549154879
2723,validation,14057812321338597895
2724,test,2483918342166969645
2725,test,2490299140722980255
2726,train,16451718528246209486
2727,test,10368737568153075141
2728,train,1494990049340701535
2729,calibration,8526205122711034915
2730,train,5518931416276079978
2731,train,13289066095614367727
2732,train,10401495143098643297
2733,train,5379376777391641355
2734,test,16395405549718490342
2735,train,16944754529976037689
2736,train,4511512553928090332
2737,train,7909702472219656078
2738,train,3678244089916327906
2739,train,12786111024585786060
2740,test,12719668419518672221
2741,train,12748438599154428216
2742,test,6073185861111375585
2743,train,8649884224669765420
2744,train,6499881112520549386
2745,train,840335082429148658
2746,calibration,16090801857613972714
2747,test,5763096655315533843
2748,test,17041919536436976553
2749,train,2330797349046519789
2750,test,6514732566900020551
2751,test,9577966225241357831
2752,train,15123410408583196612
2753,train,14218995650551163223
2754,train,17099800265162913830
2755,train,13074984454135534074
2756,calibration,3393298750072323058
2757,train,12856566850595507551
2758,test,15898005396833146006
2759,test,13697523517888558350
2760,test,5364421068218395912
2761,train,16561033607936207182
2762,train,17664529157955562978
2763,calibration,3520466664736275874
2764,train,11375474396423115274
2765,train,17690534546350994686
2766,train,10257103520238519380
2767,train,789844884731174630
2768,train,10228423511869182942
2769,validation,16346536250768548210
2770,train,11480337296397659703
2771,test,11257619117709952730
2772,test,17943775820471440191
2773,test,4230898345876567878
2774,test,14594455209501150829
2775,train,6127145970499843327
2776,train,8002879239952082395
2777,train,5055640505172719355
2778,train,4289444159296260303
2779,test,3740651125810250474
2780,train,6271839955182675021
2781,train,17969953910248260646
2782,train,14570716831107624266
2783,test,12256477878975332910
2784,train,3837483855806311555
2785,train,15586090113317643596
2786,train,16496719243351939611
2787,validation,13774132726257192246
2788,train,13723484168048116720
2789,validation,10940007027890579619
2790,train,11395717709767127904
2791,train,17556900209668531960
2792,train,658573863401178370
2793,test,4778063819654045658
2794,train,3362344406516622548
2795,train,17813093228780416723
2796,train,1711578509561145821
2797,train,3455494153038317583
2798,train,1093765749987557921
2799,train,9829603091385563016
2800,train,1875527939177338006
2801,train,8256164309622345718
2802,train,16880009637310254757
2803,test,18000761791306789907
2804,test,12755280630974211512
2805,test,11921852009481208167
2806,calibration,511026375521154339
2807,validation,16110603909126017517
2808,train,14260938719728819108
2809,test,3868143918637584395
2810,test,11278478885114470447
2811,train,17679440905284322492
2812,train,17803751824407951125
2813,train,10034658012128492952
2814,train,12015395219055978175
2815,test,12298092154335914738
2816,validation,6852411037739519703
2817,train,4436718669134851629
2818,train,17760882272342948336
2819,train,13073378694885136774
2820,train,2285438474004997623
2821,train,11346565862448080768
2822,train,14649530598284632314
2823,train,3855412988574283014
2824,calibration,15612305710758475227
2825,train,7768325081125735602
2826,train,12673459051382853474
2827,train,7949831738129323036
2828,test,3836914342202002953
2829,train,12363291365211667214
2830,train,10618082334813953236
2831,train,9302378223721247086
2832,test,3513625028424600880
2833,train,16502783129287992985
2834,train,12110384067511121385
2835,test,813888988112181376
2836,train,16184068678771043281
2837,validation,6331219085588096097
2838,train,1025228781059613678
2839,test,10541493872343881593
2840,validation,13925070432432364160
2841,train,273272766829781568
2842,train,5487379676056707044
2843,calibration,7050245821662514498
2844,validation,8547395346922150257
2845,test,491167664466634674
2846,test,3567292544394797892
2847,train,14602203824865334823
2848,train,14178519035200106697
2849,train,16132159721144362040
2850,train,18166132993686757761
2851,test,11840015950752236492
2852,train,16410750192953040610
2853,train,10964775052794965514
2854,test,3955915005785268688
2855,test,6867743987728089613
2856,validation,6099951565077627975
2857,train,7829221310983939122
2858,test,10833818460834327205
2859,train,11620780754062025602
2860,test,2423206667041985931
2861,train,2489676161225151471
2862,train,4662445714174697749
2863,calibration,14681616882497935936
2864,train,3314333635522215033
2865,train,16834900898482674617
2866,train,7089813725883813832
2867,test,17310793063745715439
2868,validation,12235500308885133685
2869,validation,5907167336831001247
2870,train,17715027784898289036
2871,test,11911693724600642800
2872,train,16417684989487525098
2873,train,13123413946161822664
2874,validation,2443902193175461620
2875,calibration,17670608246178213504
2876,train,16375008408817489584
2877,test,2334375270609462656
2878,train,2397498245743746893
2879,calibration,10349962818897767974
2880,train,8221728354831931692
2881,test,13480384046489591553
2882,train,7460587935998719244
2883,train,606888283564119614
2884,validation,18308700151310246717
2885,train,324911503004565645
2886,validation,278139321443159616
2887,test,12706496115669095234
2888,validation,8839744140988070466
2889,train,17877185399664077147
2890,test,16473807109869343159
2891,train,8884132948073875361
2892,train,9724772065904363942
2893,test,7677730752678764632
2894,validation,11204920837765712442
2895,train,12464491381949523329
2896,test,8361407326806512960
2897,calibration,14019284257404749622
2898,train,8977263471946545995
2899,train,14854546699283818408
2900,train,15979580419676674621
2901,validation,10979053413350832182
2902,train,16637447080467666354
2903,train,2725233803909459445
2904,calibration,139309192880333863
2905,test,5934234704692624519
2906,train,5788778983533711913
2907,train,14236173274363537053
2908,train,14971821280334471312
2909,test,419774304279533690
2910,test,16756070235082820850
2911,train,5397403883115835084
2912,train,4498650071417413224
2913,validation,5884108725402042085
2914,train,10134098479563247033
2915,train,10149391112660443399
2916,test,6104814540037355721
2917,train,14207288499097496650
2918,train,460579386711500669
2919,train,3725271696612901381
2920,train,9252846000855409669
2921,train,1640548810830587718
2922,train,16923495202229963705
2923,train,11563417873835950491
2924,train,1152253753744281802
2925,train,7524622757644733317
2926,test,11338703734169336851
2927,train,2997777449176157517
2928,train,7931623175162885610
2929,train,2304597720292323323
2930,test,17752003703607878429
2931,train,12258768241057301193
2932,train,8209140583970942712
2933,test,6293711912271108852
2934,test,15630679062649110494
2935,train,4157028820325357491
2936,train,17278894422087849118
2937,test,2290987144618012272
2938,calibration,7550093214377805200
2939,train,2954334998029445112
2940,test,10069353871855286475
2941,train,6283756117556243624
2942,train,6049298170554177990
2943,train,9228370301689943642
2944,train,13996761785738392649
2945,calibration,5472624746757481474
2946,train,11419471258903820441
2947,test,4360357292535423228
2948,test,3260714791802520044
2949,train,17690346040250237171
2950,test,2282421476405153277
2951,train,41075646488358623
2952,train,5906343038963179675
2953,train,3605564699624481071
2954,train,126696497816139414
2955,validation,13151530287480925262
2956,train,1402847948256822423
2957,test,14097023713889672536
2958,train,3652095613989714990
2959,calibration,6275634833016892223
2960,test,1067749937432046080
2961,test,13862594477236414805
2962,test,12830116174540659831
2963,train,4658077721303448895
2964,train,6148143443504570017
2965,train,9846789608792319241
2966,calibration,10543963475240955641
2967,calibration,8290433272926833220
2968,train,4568709255277400862
2969,train,14754651605059284264
2970,train,15374501829749819929
2971,train,304973234872372757
2972,calibration,10096796449512058025
2973,test,13497708628812910973
2974,train,4510516490402480107
2975,train,9219438811961878521
2976,calibration,17078327925243020245
2977,validation,11511118521956233687
2978,calibration,5275878184410939331
2979,train,8933944581355158948
2980,train,6823509791861476181
2981,train,17469036828151927972
2982,train,16563018714020157737
2983,test,1002592709273815939
2984,train,10360796152402770066
2985,train,10461876846388081447
2986,train,5066214743245539427
2987,train,9115389929236879319
2988,train,17404940511756001538
2989,train,248883503805469192
2990,test,11282143336972411580
2991,train,12472549930439876792
2992,test,10614705789731504209
2993,test,17628389088961103916
2994,train,13401574577268526188
2995,train,17137742902999496696
2996,train,1375535427241715631
2997,train,15982367829711246778
2998,test,17667862721911213001
2999,train,1044562421091000121
3000,train,5437498502670863337
3001,train,16582110597902970568
3002,train,7905820272932772413
3003,calibration,5025547130757202412
3004,train,2580759646314765074
3005,test,769834414439116823
3006,train,10442620122052903044
3007,train,5113316937069510154
3008,train,7380316889706235948
3009,validation,16373420051103606967
3010,train,10441724186469446643
3011,test,18130129306408179133
3012,train,4808548391247000677
3013,train,12877664114940123715
3014,train,9727854707481715217
3015,train,5661281552140214675
3016,train,4483561886974285719
3017,train,7536562343072985693
3018,calibration,13117977394398103974
3019,test,13056847339479296154
3020,train,5366488236462109909
3021,train,8004116890145113030
3022,train,17140543348151268457
3023,train,9550254918099137244
3024,train,9142006831461639016
3025,validation,10678779936720669023
3026,test,5910824490639897711
3027,train,1134501952778379322
3028,test,13083940444761519875
3029,train,17907234338727849655
3030,test,17893833889826684838
3031,train,3012061438207656261
3032,train,1258050923265729268
3033,train,3838325400267424043
3034,test,10733830998593240369
3035,train,10156715358820994682
3036,train,17966977212071618619
3037,train,12932186864208466136
3038,train,12877688053832411834
3039,train,11177120918739888301
3040,train,1263600736728830160
3041,train,3498826132865201222
3042,test,11401681211900313533
3043,calibration,7932153614157850123
3044,train,13636772730366311317
3045,train,8424227194154451330
3046,train,11001736220189413843
3047,train,5754392345328912389
3048,test,9148514454762175426
3049,test,4772612192385893561
3050,test,597350271003914682
3051,calibration,15555265146052099520
3052,train,16972257666252445965
3053,train,3708354058247843127
3054,validation,18207059069389755819
3055,train,16343070855645578585
3056,validation,2151624024708894673
3057,train,7665325036709776100
3058,validation,10122870953154038030
3059,train,11133759548885373409
3060,train,15774820112328893209
3061,train,8626293998811361609
3062,test,4468571959241286471
3063,test,8223480306405856243
3064,test,28115185762054368
3065,calibration,4981419791363769553
3066,train,5640793876937111151
3067,train,17232111139790255631
3068,validation,6154471147168198986
3069,train,6210668575536037784
3070,train,11665597215081175195
3071,train,12054565629460894265
3072,train,3132432439690420804
3073,train,12474429786905056951
3074,train,12822976967418617569
3075,train,4949492910227892009
3076,train,9190727601396042674
3077,train,17415263616876001756
3078,train,385204835601461897
3079,train,15409131876953736170
3080,test,5032960723568841634
3081,train,12735127917833775715
3082,train,591893425404402690
3083,train,10216076667336311557
3084,validation,11212689149277007712
3085,train,11573787580034528355
3086,train,17516999835041378530
3087,test,3880388023547421627
3088,test,4193947329958030302
3089,train,16817255156183924610
3090,test,14168861124574490213
3091,train,9750512549921112984
3092,calibration,11056620394448680826
3093,train,15355805336108509968
3094,calibration,15749675562777366113
3095,train,4749398036474194478
3096,train,10220446611308736763
3097,calibration,11646403518793502988
3098,test,725758267373901145
3099,test,1469029618938210547
3100,validation,4428587682916800102
3101,train,17997695589944917109
3102,train,773994990142055728
3103,train,2247179542482069150
3104,test,15572786373089405729
3105,train,3246027528752186135
3106,calibration,16236229734763894808
3107,calibration,3145326595887820703
3108,train,1761173572523366899
3109,train,2908783897995377155
3110,train,15761491167753021151
3111,calibration,13126220787975682997
3112,train,5604384954738997731
3113,train,3333287300769985194
3114,test,3227002004027996047
3115,train,7300719298153037605
3116,train,6518694939785862599
3117,validation,13842444842779130934
3118,train,6650730137976008571
3119,test,7916052291594639672
3120,test,8183393412425101571
3121,test,9553536361803407129
3122,test,5755415724285490102
3123,train,4359742105112560958
3124,train,6255930056460631433
3125,train,9979991018395443112
3126,test,17013820633374429154
3127,test,14854121033873614863
3128,train,9906569635234581951
3129,test,9208804472832401777
3130,validation,15277132108290159221
3131,train,16301252025727060917
3132,train,15257058069427763373
3133,train,7771342237150011150
3134,test,7326811920343022433
3135,train,5798156300208426893
3136,test,12377629700351938993
3137,test,2865358375540906945
3138,test,9500432798621725845
3139,calibration,4697413069025511045
3140,validation,12141843990665911958
3141,train,2822759310086249733
3142,train,5929997334472096644
3143,train,12153805324594000779
3144,test,14529391821148611534
3145,test,12089853535496209570
3146,test,7680952918668377341
3147,train,12163565295807633153
3148,validation,13329341494920913071
3149,train,15864876102218388015
3150,train,17163056534643940685
3151,test,8965838825959177176
3152,test,8366933304733120578
3153,train,7798459902470000584
3154,train,10927618005166825174
3155,test,9719498467105571290
3156,train,17196889309538872774
3157,train,13206339141392443273
3158,train,16936024796332739499
3159,train,6568601917727503593
3160,train,8971459474634784456
3161,test,9069983644452070384
3162,train,14366833196667697417
3163,calibration,9142970014778024841
3164,train,1711578509561145821
3165,train,6362491625231339510
3166,test,12131524494312616402
3167,train,8312376376554063544
3168,train,11572110732560762025
3169,train,9569793339578979616
3170,train,11240415200104032554
3171,train,95478367424545375
3172,train,16135879797658179098
3173,train,3532756217524084904
3174,train,3886284038380481821
3175,calibration,4229770590597796732
3176,train,15393164933653883748
3177,train,8115003530535616240
3178,train,4203975383072807279
3179,train,8442644683318256786
3180,validation,16315614321727774009
3181,test,15490499188327192355
3182,train,6133433564002557963
3183,train,8935144636175212325
3184,train,7918409104510384953
3185,test,14031610646088284857
3186,train,14348034430102891906
3187,train,14291260695760959600
3188,train,16817255156183924610
3189,validation,7552228554527553247
3190,train,4115695547528790392
3191,train,14658521186310629789
3192,train,10664425567054639302
3193,test,18440144252811775076
3194,train,11701358380465231288
3195,train,5165837412141979641
3196,test,8576356633731653720
3197,train,2555980653755163906
3198,train,17354839749713933523
3199,test,11886363752324796873
3200,train,9402793994924824646
3201,train,2809394941583427677
3202,train,2427425176600089358
3203,validation,2658220215240798805
3204,train,1738720091574675410
3205,train,4309292853114953624
3206,train,12742979579810685293
3207,train,433726744625437218
3208,test,4339811833595385747
3209,test,641797973392995963
3210,validation,71784778062171783
3211,calibration,1012975418759364466
3212,train,15991882435327124687
3213,calibration,8595236838814864592
3214,train,16439836621942697129
3215,train,17131319068725858961
3216,test,14642813604370581179
3217,train,6568771079570345027
3218,test,1488948175099421035
3219,train,1044637239218559171
3220,train,362819571033691822
3221,test,9170212632835707695
3222,train,17694974897586079930
3223,validation,18031953125142509800
3224,test,14358398609879044142
3225,train,2839010872011859624
3226,train,852019820890787030
3227,train,9941664122643341422
3228,train,3646147377747423498
3229,test,16119963792816376003
3230,train,2305174853708625541
3231,train,4623297303393309539
3232,train,15621507923398008207
3233,train,17598160600926279821
3234,test,86024397617898305
3235,validation,3856317248149333915
3236,train,17595206968285785369
3237,validation,15887704994947325095
3238,validation,6225667754373271673
3239,test,7358683045767370043
3240,train,13675940608313711792
3241,train,12114222507164862868
3242,train,14513999601489219741
3243,validation,5003849161075460909
3244,train,11358279899136827194
3245,test,6282135249266142111
3246,train,13639881858932921249
3247,test,18388481964195842968
3248,test,7551831967063530752
3249,train,2719436805344035024
3250,train,18441293305693065159
3251,train,3064605308335740506
3252,train,4588326963818423055
3253,train,17175906906842949760
3254,train,2533849399252811345
3255,calibration,10505792358044851783
3256,train,3283999849961758299
3257,train,1508739531230564618
3258,train,16817255156183924610
3259,test,17780246750816185709
3260,train,3466581876000411500
3261,train,7857095781821594707
3262,calibration,8583564627930007495
3263,train,9812846359914951387
3264,train,2465533321957923487
3265,train,15807577310619283233
3266,train,8451308967106897101
3267,train,14662534487343887795
3268,calibration,10116448673923458131
3269,test,11682448221545515720
3270,test,10195087212273028459
3271,train,17337450625930763563
3272,validation,2939334633692438486
3273,test,9748971443430269090
3274,train,3892422028703544799
3275,test,10093724635323431529
3276,train,4985688415997887599
3277,train,16744432602515965396
3278,train,12213153902966905835
3279,train,14548255557801943501
3280,train,515449357135065351
3281,train,17725242907069398726
3282,train,10295636070841126142
3283,validation,81320047741295919
3284,train,10909954033109213520
3285,validation,3677365692707721687
3286,train,2973387126286361072
3287,validation,8596798807675098654
3288,calibration,1845558431950489431
3289,train,13949153204058728632
3290,train,4336012109981492806
3291,test,15437026799789930302
3292,train,15117776545085315235
3293,validation,16699342726457513132
3294,test,8201313167315370104
3295,train,3511339475744056211
3296,train,11813127202362921715
3297,test,5733238109117829482
3298,test,7750617195329216153
3299,train,4318643339331312032
3300,train,18027024600774058363
3301,train,2147778399226867460
3302,calibration,16015567589204753428
3303,calibration,11990718976216195455
3304,train,13496944146999000733
3305,train,13724891249000112055
3306,train,13118039238889244622
3307,train,15303263032803940345
3308,train,18152032701077250465
3309,validation,10390001951106580050
3310,train,14052328430468015672
3311,train,890675279875989045
3312,train,15995581618027884872
3313,validation,15093405853523520537
3314,train,12974872448815597212
3315,train,9182022634418237988
3316,test,14714809655585749059
3317,calibration,9266433332611559412
3318,train,763744713347797788
3319,test,4583424593105892418
3320,test,10516632921171041346
3321,test,17838434674503538545
3322,train,18439653187070118183
3323,test,5652423891907545459
3324,test,17471113671006447042
3325,validation,14686062215990289373
3326,train,16687131420494148640
3327,train,5605883316398611729
3328,validation,1148330109686232762
3329,train,1071893569099680153
3330,calibration,17771111212539472472
3331,test,1259607508697453855
3332,train,13463603057535274276
3333,train,2931687581747282465
3334,train,16865810059013428059
3335,train,6617370299093986381
3336,test,558430803470981640
3337,train,2956670324713807174
3338,validation,1790984813380298322
3339,train,4579038590356452172
3340,test,12526973612409195355
3341,train,6997763869516620169
3342,train,15725749434992877297
3343,train,12952059760309134835
3344,test,5166746772127677596
3345,test,1311677445891299192
3346,validation,7934236813760040162
3347,train,14426011420183657056
3348,train,16761934576434628729
3349,test,9275499324400781435
3350,train,10054238713155144017
3351,calibration,14131836095525253410
3352,train,2517582110257916143
3353,train,9747877102143489397
3354,test,8541495634905771450
3355,train,8598337538514896415
3356,test,6730546905063303734
3357,train,10043589559180571742
3358,train,4042699603109670045
3359,train,8057064790548714919
3360,train,9838477835063764635
3361,train,14398647123359198260
3362,calibration,6193820688667704968
3363,train,15284732190781128797
3364,train,3189800911404922326
3365,train,8456469608408072295
3366,train,14604278816450848293
3367,validation,10609022326424034603
3368,train,15531467697063980147
3369,validation,2349447770473140493
3370,train,14799229378556749743
3371,test,11834014574964163949
3372,train,17030121788158856953
3373,calibration,9721598714910140521
3374,train,6565671793319243166
3375,train,10994755699527292673
3376,validation,1124574163895916197
3377,train,9817717279283514153
3378,train,4519917360779388944
3379,validation,12185681709035270411
3380,train,518945587613454693
3381,test,724043078841146567
3382,calibration,17900832449107079584
3383,train,15363983941644120513
3384,test,7323414202571699447
3385,test,10007464409126229578
3386,validation,14122826796634937532
3387,train,12692280531741245565
3388,train,16895761629743459040
3389,train,16844970824595387454
3390,train,10282113530434075575
3391,test,15939229889508903539
3392,train,14698245277338507185
3393,test,1613715566480871234
3394,validation,16670989477379484107
3395,train,14901425173881551284
3396,calibration,8594304942217534799
3397,validation,17731820052915016847
3398,train,1894502415833775809
3399,validation,6932367573481446156
3400,calibration,17240566905123398600
3401,validation,1155453984119804590
3402,train,1357589447006963850
3403,train,6595408332201065532
3404,train,15864059101192607430
3405,calibration,6566277199599926806
3406,train,16846932285085912974
3407,train,7300536091051474483
3408,train,17325164610345727811
3409,test,1617232832321135195
3410,train,5301746484349064301
3411,train,13027371619062189158
3412,train,14454891636696735254
3413,test,14077711049023100474
3414,validation,7614902854936208441
3415,validation,8998192490279858667
3416,train,12148234440068821702
3417,calibration,9119902109855502648
3418,train,14138546252392209105
3419,train,3782196341972807346
3420,train,5723357850872522740
3421,train,711517047213241145
3422,calibration,914822323779156724
3423,train,5941879256712942345
3424,train,4494988373033827160
3425,validation,9120685529743029937
3426,test,6796358119550718242
3427,validation,3199766798331043056
3428,train,15953410761358216082
3429,train,8471335196957547809
3430,train,11363696613669262843
3431,train,4347057785276638240
3432,validation,8029230564777323169
3433,train,4719058442326766127
3434,train,11887684502015973793
3435,train,1004773461312377946
3436,calibration,13853966476143038021
3437,test,8545061202645011983
3438,train,17157488644013653110
3439,train,345427456743036035
3440,train,8461609554583405286
3441,train,7544086341457776554
3442,train,5903775067219238246
3443,calibration,5484388256010404695
3444,train,16936627155113063350
3445,test,13676769395821991834
3446,test,13242061744755175667
3447,train,14493721115785621947
3448,test,8138137131404690980
3449,train,7558737813309544747
3450,train,11906895857090165167
3451,test,15092356245917767471
3452,train,8344736913503208639
3453,train,4877209607416696017
3454,train,16974008542319340415
3455,train,7504069520969009630
3456,train,17500233336227776022
3457,validation,12702064547722511378
3458,calibration,9313303114078838937
3459,validation,15654930554760769842
3460,train,12941796388635082699
3461,validation,16423088808586841061
3462,calibration,11213498282829874874
3463,train,3316900116827181477
3464,calibration,2121506063222693661
3465,train,10733202447045815657
3466,train,13406702359265246923
3467,test,11910502339751921095
3468,train,14156337100119913809
3469,calibration,5301370718096702380
3470,validation,2148610957165894289
3471,train,3822498532396894232
3472,train,17156124909147803512
3473,test,17241424136257251822
3474,validation,1291819257247143782
3475,train,9570052927339043406
3476,test,14849291059877614194
3477,calibration,13965389690451070276
3478,train,8844684858622560428
3479,test,16727971752179132997
3480,validation,2911560163753648276
3481,test,5024034891145161069
3482,test,5544751041553978235
3483,train,13153340858923737857
3484,validation,1689734789944320579
3485,train,3880147748327834175
3486,test,604161451565812626
3487,test,10291880506263018697
3488,train,7167092855262376941
3489,train,12857174463676729699
3490,train,3510641616571276491
3491,train,2144786879485854410
3492,train,6618453259213313986
3493,train,13066931318174766928
3494,test,10366311200905478010
3495,train,1592552456333308875
3496,test,2310230979806417457
3497,calibration,6577607136610722919
3498,validation,17987982051237369422
3499,train,1155764131651086535
3500,train,4027909394772456017
3501,test,11722401553041026549
3502,train,10788639806696697733
3503,train,17723000833311006854
3504,train,708726831338620965
3505,test,5336591935951903074
3506,train,3624476322280632507
3507,calibration,5477938824192039909
3508,train,6953575375872374232
3509,train,9891362882819864451
3510,validation,6767752454805527709
3511,test,1023298705934316237
3512,test,2429600338631003241
3513,train,12070059619727130082
3514,train,11202495694358701649
3515,calibration,3846587704898489127
3516,train,3728274647833877833
3517,test,4490297306800469288
3518,train,1169195039873103788
3519,train,4378306133711087406
3520,train,3227790158581921895
3521,train,3597522897057751296
3522,train,15537838525722268134
3523,train,1073039443198795212
3524,train,3443137082817583228
3525,train,3588580772850962358
3526,train,15939660481852407250
3527,train,14671939638709115628
3528,train,5364267365909271239
3529,validation,14432179015872945819
3530,train,16817255156183924610
3531,train,6057159966435678078
3532,train,5378459138119350623
3533,train,781747369673078495
3534,calibration,13790275132546848929
3535,test,4378291733460327416
3536,test,8272937625470993704
3537,calibration,16335969557015931993
3538,validation,15817078136638770391
3539,train,18426109051254037604
3540,validation,6329202674247684854
3541,train,2513748409748483686
3542,train,12850827506077307438
3543,test,10836586478670458128
3544,test,4661683828943011865
3545,train,17070152745158124662
3546,train,13990766051798550072
3547,train,8711619379926661765
3548,train,10434347763459574284
3549,train,15120793287125303542
3550,test,5181790970001549380
3551,calibration,13533791525395549267
3552,test,4700314138299094821
3553,train,6391939526384586244
3554,train,14222508212903314628
3555,train,922658087891363720
3556,test,16599856240534854483
3557,train,9309004614148087506
3558,calibration,17831176159068374878
3559,calibration,14383719901936909346
3560,calibration,2540138559554477908
3561,train,10018220430037410063
3562,train,16648359844459654836
3563,calibration,6057587365600502956
3564,train,3639819859614574651
3565,train,3926488344729287133
3566,train,10510126313700962606
3567,calibration,3527756551433161489
3568,train,5271073681306441973
3569,test,11870911039455459628
3570,test,7643759876883616500
3571,validation,4716976658576011233
3572,train,16863667566103735133
3573,test,15714327203760777958
3574,test,2054589372402444097
3575,train,15710600921589768535
3576,train,8388008315576398130
3577,validation,15673528774708385154
3578,validation,12898020420568852041
3579,train,16590967797583940677
3580,train,147998644868609631
3581,train,451318734129161506
3582,test,15948986637897922382
3583,train,4219339676006864013
3584,test,9850700610486381058
3585,calibration,1793205767011846235
3586,calibration,5301370718096702380
3587,train,6057060792539896617
3588,train,18139350763273914420
3589,validation,13437488510355658483
3590,train,590082285121245721
3591,train,16759295266788313377
3592,train,16290806441965485153
3593,calibration,13389676509233769669
3594,validation,3168162956270133480
3595,validation,6626237517511244360
3596,test,9048891864376282159
3597,validation,1852701023994176342
3598,train,927639858523453093
3599,validation,15219721858319945596
3600,test,6979569241999764929
3601,calibration,14019284257404749622
3602,train,16817255156183924610
3603,validation,3329688367478141436
3604,train,5788521599238779875
3605,calibration,13145899660578429771
3606,train,17929107950598985418
3607,train,5861298388266068403
3608,train,4618377854974733086
3609,train,15392223662772787927
3610,train,4061593220908022420
3611,calibration,8979417034806896431
3612,train,9742746251498402938
3613,train,13815860139143199940
3614,train,14225626258576862417
3615,train,10852332039271106649
3616,train,16614629078626305655
3617,test,7362211104192102414
3618,validation,7010835447621854516
3619,calibration,11627084785549789567
3620,train,7310402085961128970
3621,train,6952904249408055381
3622,validation,17083625835173372090
3623,test,9929497826964664567
3624,train,12304318888318833572
3625,train,7549958979938513963
3626,test,9459143726317277411
3627,test,8288133942014413872
3628,train,15902803379791993950
3629,train,15558102961871170368
3630,test,12853544627639494687
3631,validation,6240279388825950150
3632,train,3818652611145235677
3633,train,7311594825736660465
3634,train,8253391134882789746
3635,train,16591482390056735277
3636,train,16469747520719480670
3637,test,5198113137487244075
3638,test,6812609218292646125
3639,test,4771151583421399247
3640,train,2172727088623338588
3641,train,17077630110021511601
3642,test,11260621188077706833
3643,train,961972360231443743
3644,calibration,7030424924414164085
3645,train,6929360475694492532
3646,train,8033118336561220635
3647,train,2877509629655791124
3648,test,5177260258942588385
3649,train,10610354481845922292
3650,train,6636686913845462550
3651,calibration,8177973149490421658
3652,train,17956903317934566771
3653,train,3225113370251292296
3654,train,5631883096995307701
3655,train,9978481470534849562
3656,calibration,288734049534459745
3657,train,10778601141402003800
3658,train,14761572243162335631
3659,train,17161729042169422817
3660,test,12865522327630757484
3661,train,14348610048807934687
3662,train,3010373961352151855
3663,train,5059385109032616421
3664,train,399545785881229923
3665,test,3175341902740404967
3666,train,5908201876936672986
3667,train,11070889480881564952
3668,train,13572214270823552003
3669,validation,3891033121263047590
3670,calibration,18342874179854248
3671,train,16817255156183924610
3672,validation,8936038442353511742
3673,test,17936584525531453049
3674,test,15724632191853876251
3675,train,2882647516278635931
3676,test,10337205544830264752
3677,train,10496469861082766036
3678,validation,17706410311446514667
3679,train,3584472772404744413
3680,train,12977021319129488518
3681,train,9349638127074422314
3682,validation,6813237712353572697
3683,train,15444294746370093863
3684,calibration,5281209041803615369
3685,train,8243208204358095813
3686,train,15421992265540296217
3687,train,16670614512811833877
3688,train,13455604590508568915
3689,test,153368962701673601
3690,test,10546818076900970719
3691,train,12476326592616573845
3692,train,3192524385522042332
3693,train,16817255156183924610
3694,test,5322322243078980188
3695,calibration,10760565546634128356
3696,calibration,12360348732376553006
3697,train,12569581299483530225
3698,test,4941812148521669427
3699,train,16817255156183924610
3700,train,6381165962817489428
3701,train,6380785346724592338
3702,train,264093015001695171
3703,test,11870357763105625623
3704,validation,13106274822716558210
3705,train,17421147511317432942
3706,train,16451718528246209486
3707,test,5803532542884128550
3708,train,5614209815558513428
3709,train,12867991533151456231
3710,train,15070767645733800522
3711,train,8157935866800097917
3712,train,18138772667903793430
3713,test,12254985118543164637
3714,test,9286693476644731245
3715,validation,5144546585038602248
3716,test,8480220332774240852
3717,calibration,13849848490173338438
3718,train,11441165717214418590
3719,train,14574163553199648481
3720,train,12039635500403872974
3721,train,11509140383385448017
3722,train,6052646883417075081
3723,calibration,4546391314256385955
3724,test,13575917391571502804
3725,validation,12204429761742483687
3726,test,7709720938984012023
3727,train,9036423294478727656
3728,train,1975364493160304563
3729,calibration,7727204179024365282
3730,calibration,801898479921583467
3731,train,4919142033696073635
3732,train,4065173224357327050
3733,train,13817287332311488292
3734,test,6063082899372814116
3735,test,14917096699122472360
3736,train,785108290468755773
3737,calibration,544172508428831414
3738,train,18304174868334581479
3739,train,16817255156183924610
3740,train,5677947226323245158
3741,train,13606437236915932149
3742,test,7902625620191893634
3743,train,1009005189634711201
3744,train,3671166681547043735
3745,train,5634528193188907624
3746,train,10382736080142822656
3747,test,12884020996389084387
3748,train,9025103432023192448
3749,train,10439477280207110820
3750,train,15278362063105102148
3751,test,6727060568584742718
3752,calibration,13994786796916575332
3753,train,1095575401313525234
3754,calibration,9847180307046506832
3755,train,9478180933607017235
3756,test,15083679070037030400
3757,train,5249575068450518666
3758,train,16354871965730118054
3759,validation,15869990954108477809
3760,test,3709582041627181432
3761,calibration,13135071550510908911
3762,train,18372769262295826557
3763,train,6345416067435970652
3764,train,7232154611070818337
3765,test,6705011636397546941
3766,test,1409897505815860540
3767,train,3722440329259012115
3768,test,8977065542204175966
3769,train,15895295638925080567
3770,train,8498856181370365041
3771,test,1222863278963515712
3772,validation,13451892711752136027
3773,validation,2817167577272965921
3774,validation,8483476361317662606
3775,train,14389773758654085874
3776,test,1043679226334991403
3777,train,2355634920916737969
3778,train,7102490097493729177
3779,test,6855447504382803381
3780,train,7724343313186692883
3781,train,10705299972741933563
3782,validation,10208124206292814057
3783,train,4856030615810437462
3784,test,5484941072441383003
3785,validation,7872600608905847411
3786,train,6644317694304556322
3787,validation,13823036347938046907
3788,validation,3856317248149333915
3789,calibration,12846426949610811599
3790,train,16264926106039952736
3791,train,12030338627117775173
3792,train,14413054418069107545
3793,validation,11816249385166614553
3794,test,14031336445085535473
3795,train,14963411741370070408
3796,train,14336512902212648797
3797,train,2899703760562331044
3798,validation,13676970263734505488
3799,train,555416453831019971
3800,train,10210990841107872239
3801,train,8102400366387727190
3802,train,10485194496533016979
3803,train,7072823656483706550
3804,calibration,16086079924357374130
3805,train,1827784865749921312
3806,train,16862602823475401151
3807,train,3332864791738415488
3808,train,17269475083412416114
3809,train,1612254171026035747
3810,train,769093480186284581
3811,train,11860619917207143170
3812,test,11830551134663257778
3813,test,8677309858193847224
3814,train,9917429799801473449
3815,validation,7860393144987943052
3816,train,14856020437948896562
3817,train,17873189998165760079
3818,train,13927133049102801932
3819,train,11002405064812589734
3820,test,15277765684508715934
3821,test,10858809205975395769
3822,test,5596576421535595430
3823,validation,514367430296434592
3824,train,12417296563146334932
3825,test,13511694585336377349
3826,train,6467359986627261585
3827,train,3814501459115756046
3828,test,6721903373556185200
3829,test,6485058951619784900
3830,validation,4208319077428356931
3831,calibration,13849848490173338438
3832,calibration,12529655631682493867
3833,validation,16828583259162123971
3834,train,12591990731409491794
3835,train,16572610148670040216
3836,train,9086069034098577435
3837,train,16411283351169287549
3838,train,11261767591604140091
3839,validation,7361033945101163068
3840,train,15140297186050018090
3841,test,3743725756302793632
3842,calibration,17588429455174437406
3843,train,5714625144700373738
3844,train,16742707212514634020
3845,train,2812573462115137812
3846,train,12157553824408996184
3847,train,11540538600450011726
3848,validation,5950293719322299610
3849,train,4331026673722670709
3850,test,17042245314444792667
3851,validation,4648832912846815079
3852,validation,12466953159029891953
3853,train,9804118897159054816
3854,train,12129070325815907282
3855,train,2062610588548853660
3856,calibration,1894425179203646684
3857,test,17245598329682678344
3858,train,18029961685897176174
3859,train,14731629712022638099
3860,train,2237806199767402382
3861,train,14171514345504715333
3862,train,13675463189964239322
3863,train,11235910375099828587
3864,test,7696405201872606844
3865,calibration,12176591408453039881
3866,test,15223382189858950164
3867,calibration,2785655851420404174
3868,train,17405777404530105145
3869,train,16182975709811836939
3870,test,5922462834447341792
3871,train,17070152745158124662
3872,train,5754617981102118735
3873,train,350055849207921641
3874,train,1798744520686679006
3875,train,5529161094761971972
3876,calibration,6094659939334630530
3877,train,13084410481553505249
3878,train,4114529377441242358
3879,train,8077155253616261134
3880,train,6932481544944441642
3881,validation,7037030990833956438
3882,test,2691546738354600374
3883,train,2480157972365271975
3884,validation,5147655640057926701
3885,train,4393345121471340244
3886,train,16604009087783468890
3887,train,13703791709089986712
3888,train,3371135806914796658
3889,validation,5035251540252531205
3890,test,17601433108535871556
3891,calibration,1548275341164229428
3892,train,8942126415843134374
3893,test,4348024457625293862
3894,validation,8999675860274290147
3895,test,10497697350701501100
3896,train,14530167790619919373
3897,validation,914478447386393676
3898,train,15126484237519753854
3899,train,1783202693289513342
3900,train,17669321040084121485
3901,train,9569542676566130620
3902,train,16614103829132812235
3903,train,13229210855028055323
3904,test,9948048752180232612
3905,calibration,10158078861692388469
3906,train,12647918675868290998
3907,test,15545799685826382787
3908,test,3470830640323995223
3909,validation,5316305036154104671
3910,train,17525022662263275072
3911,test,9569950373159490642
3912,test,16203341115329991840
3913,train,12052016417025381452
3914,test,9579247296996711741
3915,train,8047490478894408634
3916,test,17631426090130501993
3917,train,9149415465247232530
3918,train,10788167026110304820
3919,train,11767838165963558345
3920,train,1265761871889017376
3921,train,8136779140709746555
3922,calibration,123635642148216494
3923,train,6333630796518083325
3924,train,7829288694098371822
3925,calibration,14646926473547571028
3926,train,1732143063686073787
3927,calibration,9395718788601536260
3928,test,15726645205756200117
3929,train,12669127224218206136
3930,train,8871355176540429478
3931,train,10449677579891890329
3932,calibration,12542473072466714427
3933,test,18002125937637056987
3934,train,6757753854992611544
3935,test,10616282282975703539
3936,calibration,17291062123364100789
3937,train,267316832961467636
3938,train,18060305902375082502
3939,train,17867125162314142770
3940,train,13149243251966831033
3941,train,4583327756878414335
3942,test,17472195706956231392
3943,test,15934692514973973423
3944,train,4535582715974264427
3945,train,12043666824167753074
3946,calibration,7223346494739666792
3947,train,2059565555685277212
3948,test,9233877879591350493
3949,test,8083076606344643823
3950,test,5849712993971651253
3951,calibration,3854313739840491977
3952,train,17315346256929844860
3953,train,9600842013704375956
3954,train,16507630804595318873
3955,train,15406744946579247021
3956,test,7813525273126447090
3957,train,9334190790803785201
3958,train,739734592291810783
3959,train,14841659663101375062
3960,train,10975204138541595865
3961,test,11967773936764249561
3962,calibration,3506532761635008198
3963,validation,9641743829606303183
3964,train,17210544687539017542
3965,train,7633374118173045729
3966,test,10370434968537987248
3967,train,7798266085680975700
3968,calibration,7972602602476191224
3969,train,16209529643609064928
3970,validation,9349876681868162799
3971,calibration,1580905813147300495
3972,train,10564420290429167581
3973,validation,12810481874682039177
3974,train,12707362709529617288
3975,train,12483265458607770806
3976,train,11639752361487906361
3977,test,14037440891931818317
3978,test,15523479204730680768
3979,train,1547330477254347990
3980,train,6353906935539784638
3981,train,7578558706446163159
3982,train,15748301900599698908
3983,train,3975736653100061684
3984,train,14191256951942604367
3985,train,7849037976940532900
3986,train,2004588385331146494
3987,train,17486143874857539953
3988,test,9036322463723278826
3989,train,9080391073087267658
3990,train,16025427929927385842
3991,test,8346893306008936026
3992,train,13279383693256899429
3993,test,10736296888306305378
3994,train,5026557583464868759
3995,train,2583447011613389589
3996,train,17280423880696156569
3997,train,14099230330391243528
3998,train,8811490424449386232
3999,train,9925376353705094089
4000,validation,12011749160501427781
4001,train,10192401115349395690
4002,train,6597249278342540906
4003,train,5548766905371344150
4004,train,3126125926984760651
4005,train,625396074257215601
4006,test,9906932004476955477
4007,train,5432031727187516723
4008,validation,17427749591247429162
4009,train,12213153902966905835
4010,train,6619134686881269731
4011,train,16793534792915862624
4012,train,4248630430327716871
4013,test,9939022585524511811
4014,test,16436266681847202293
4015,train,534288463198157860
4016,validation,14116249088852366460
4017,train,12701960632831568825
4018,calibration,10437004312992640991
4019,train,16817255156183924610
4020,train,12959895218394805615
4021,test,17460782163644179047
4022,test,7862875702091156144
4023,validation,17815925898515195726
4024,train,16344625830490188452
4025,train,7351192815544518688
4026,train,7749240658210810104
4027,calibration,13112582315713277584
4028,train,14174541332508738742
4029,train,5982005104982118300
4030,train,5583407640128947233
4031,train,4562101474336030653
4032,calibration,16491858295859593657
4033,validation,2503555993582345392
4034,train,10807114603077249724
4035,train,11272379996238313392
4036,train,16124571066895740825
4037,train,17813093228780416723
4038,train,2558998672932860618
4039,calibration,10560839914595506383
4040,train,13572282472292250327
4041,train,4779058057840256988
4042,train,3872911696815102668
4043,test,13151820418482817458
4044,validation,9856812116340828275
4045,train,7455064845998269994
4046,train,1186871656313800737
4047,train,1380650514849883821
4048,test,17559145908107053291
4049,train,2770607152115324290
4050,calibration,5125008395958037602
4051,validation,4892212433225446184
4052,validation,6034994946136923208
4053,calibration,3347124083720198610
4054,train,3046870446382652900
4055,train,13815920213162210319
4056,test,17261632534550109058
4057,train,8429768744722748052
4058,train,9941593976914333686
4059,train,11404457565678664703
4060,train,9506930983645754403
4061,train,4759668996332942777
4062,train,523751775283848990
4063,calibration,2722163398663559417
4064,calibration,4743344172672998413
4065,calibration,3052518543397162775
4066,train,6737350442947045149
4067,test,8782914385747247273
4068,validation,10000213327066969027
4069,test,3966446018115412402
4070,test,15686572736566032929
4071,train,5517616724946810525
4072,train,2607215885961623235
4073,train,3702066511974409808
4074,train,9844412716538451904
4075,train,16764533898397693374
4076,calibration,10107218528716029726
4077,test,4519045159661267989
4078,train,11586800054561789778
4079,train,6324268299568311101
4080,train,8038781432993941849
4081,train,1928837268044168693
4082,train,1285946557548393881
4083,test,18401833725158181765
4084,train,18078535353788323023
4085,calibration,10304305180929331067
4086,train,13809652339187361448
4087,train,8418418240970784871
4088,train,5605255414469434317
4089,train,15185800599711464774
4090,validation,3856317248149333915
4091,train,6825912503211250489
4092,train,17275017839705201661
4093,test,4621926973984155988
4094,train,9057680649557407490
4095,calibration,1510481286306147156
4096,test,13378416281927505222
4097,test,14314791799105243329
4098,train,6664966541960682088
4099,train,2413111822327661782
4100,train,8697228353462219727
4101,train,11321286559794880801
4102,calibration,14556876052655076914
4103,test,17259002561161033676
4104,train,11201519299297013725
4105,validation,6139286948888406653
4106,train,15063494548600347647
4107,train,11610291460397268260
4108,test,7699730387648219997
4109,train,13670925180027759057
4110,train,6948378351337555060
4111,test,16529978493218983744
4112,test,14865877021756083695
4113,calibration,13980754935044798824
4114,train,10877192545326856722
4115,train,9326927892883951373
4116,validation,8612692847280347326
4117,validation,11948574954845207742
4118,validation,14828206438913768702
4119,train,1939733497621406368
4120,train,4772954972933180189
4121,train,8676035210782956509
4122,train,3590352010226071294
4123,test,1185633128213901466
4124,train,1384677724090534723
4125,calibration,15163192113295165692
4126,test,8832861138000462077
4127,train,6096528175703342910
4128,test,791938700638164933
4129,train,17936604568545735813
4130,validation,14034220801883179287
4131,train,7850078579023484005
4132,test,8811135699820377965
4133,train,6960583441285406554
4134,calibration,14260307303620835863
4135,train,10530392112734094694
4136,test,5806775673500295842
4137,train,15368762797998732814
4138,test,1982052205983096334
4139,train,4569239714595775915
4140,calibration,2199085725872666559
4141,train,11361254778361162326
4142,test,8305481621197523234
4143,test,9426215684708407375
4144,test,974905467408223472
4145,train,10060076184323458393
4146,validation,2419773104138168429
4147,train,9975370435184139543
4148,train,13473526966181025666
4149,train,4160980180496677761
4150,train,4173411441020477369
4151,train,4966131957834369933
4152,test,13868530102886012413
4153,test,2195263044398765242
4154,test,1792098540958962400
4155,train,2150829716457257724
4156,validation,14884483312274521458
4157,train,8194634057323670781
4158,train,12569360955405013257
4159,train,14381723903405965831
4160,train,15243706732812405266
4161,test,8601988690388453941
4162,calibration,5611475350789912095
4163,train,16268361492888346734
4164,train,9792391097226963181
4165,test,13710216711713131139
4166,train,13127600077797577150
4167,train,16990257606838517949
4168,train,11424670143399153057
4169,train,15457318228635128980
4170,train,11703317875910627396
4171,train,7846598518977292057
4172,train,15312082038308842701
4173,validation,1034756674670243313
4174,train,2904773392286659839
4175,calibration,2916375377479799605
4176,train,16168141349862958403
4177,train,275488709119609522
4178,test,9588171985311526183
4179,train,13252983272909909343
4180,train,8999517444971120099
4181,calibration,3151197534179645503
4182,validation,18249009863564788349
4183,calibration,2266245288217303621
4184,test,14343479023471034277
4185,train,6380073321361495729
4186,test,10637272868759544101
4187,test,4273158580717155937
4188,calibration,8820045463044888631
4189,train,3724808264715889468
4190,train,6442197033108418822
4191,validation,16946405654054742915
4192,validation,9263344252638009928
4193,train,8009730990477455379
4194,train,12329095865968899579
4195,train,11628350976058895944
4196,train,7478568139471891767
4197,train,12685499435381145140
4198,train,6874104165217762330
4199,calibration,12134171564251897892
4200,train,12452492932550062246
4201,validation,3304784128588697724
4202,test,6647247895127963536
4203,validation,159536496543275360
4204,train,7390209431915384015
4205,train,8746204936390299902
4206,train,10891722578024171511
4207,train,13026194621186043824
4208,train,5311357180410661383
4209,validation,18434516330759019072
4210,test,14388225363610877371
4211,test,13766144404774040292
4212,train,15810677546713167973
4213,train,12488620502366390217
4214,test,7664089852721850409
4215,calibration,18009109580073439494
4216,test,10027735759545261718
4217,train,15010755093335634900
4218,validation,4419375709169006234
4219,train,16464556340851652988
4220,train,7268790215747906796
4221,train,1295182400659218247
4222,train,11026999012360895929
4223,train,614443620571648281
4224,train,11108411593979143658
4225,validation,11930617004678271949
4226,test,15872405266309223480
4227,train,12048392296188918514
4228,test,9669134948759312120
4229,train,8200255344417182864
4230,train,8189746640310726312
4231,train,4016002974780390379
4232,train,1143958236639633608
4233,train,269006472671526324
4234,train,2474758928869800820
4235,test,1247940550776176962
4236,calibration,3032909011865214807
4237,train,6382516605894250725
4238,test,8562296008815915200
4239,train,11625103334501373063
4240,train,11243023533359082161
4241,test,9459130242085702448
4242,train,13241066659367292165
4243,validation,12431465859783245706
4244,train,4143288632239150218
4245,train,9009579540023561270
4246,train,8299905497904130502
4247,calibration,7388488408049205296
4248,train,16153755116502725567
4249,validation,17237331207416074929
4250,train,11950952993062167459
4251,train,2283230363071319581
4252,validation,3796901442756667747
4253,train,14739215584724009056
4254,train,2175388658425533514
4255,train,11899389859755642108
4256,train,12821734237871269612
4257,test,8458168640651269214
4258,validation,17008468471804379426
4259,calibration,9702317584588027778
4260,train,16406793860060394685
4261,train,5707330937942204747
4262,test,11281820625787952039
4263,train,3073876056302573028
4264,test,10189894511238446136
4265,train,18249560413872479931
4266,train,8567229894362393183
4267,train,7467076113708168255
4268,train,2904773392286659839
4269,train,17999188731817359048
4270,train,13356662110269394305
4271,train,6567063338910497756
4272,train,11476007031558052411
4273,train,5258501759400725343
4274,train,15759713834445247728
4275,train,14005781371084217352
4276,train,9957595221774348069
4277,train,2319417174103804516
4278,train,2243037301149423754
4279,train,1469569685932475669
4280,train,13009678388966979619
4281,train,14592423010170293521
4282,train,12637412020520770451
4283,train,8170287257251819016
4284,validation,3570514955684255252
4285,validation,13835614586945647309
4286,train,7184148422939942202
4287,train,3125158818421931870
4288,test,7003004086358627689
4289,train,4685308524788350307
4290,test,7237709330715054419
4291,validation,10764686474601848809
4292,train,1186318300844166862
4293,test,13684117811674305225
4294,train,8504989417350854366
4295,validation,8408306471126483025
4296,train,12437338159674085321
4297,train,8325983878101634867
4298,test,16802581553284996403
4299,calibration,16819949469377955956
4300,test,15103034310361412938
4301,test,9912444550686315492
4302,test,3848717425830114825
4303,train,3179143461138746454
4304,train,202809087896409638
4305,test,16797528447565421013
4306,train,10704275913885363903
4307,calibration,1660578132091199310
4308,test,16070859549972516672
4309,train,12812840986048601108
4310,train,3297847945870836766
4311,train,17713166654816867287
4312,train,12299576211730132879
4313,train,13165198560476952954
4314,train,16589935140107550700
4315,train,2648581140259431974
4316,validation,17078843475270533514
4317,test,15617671921464849274
4318,train,13171752907757410024
4319,test,13625595738868159903
4320,train,5907881405224028332
4321,train,58746620764188037
4322,test,16473886115540105585
4323,calibration,5705700651688478761
4324,train,4907483340648818087
4325,train,2129273739696021811
4326,train,18164005982476117095
4327,validation,8323639196721256814
4328,train,8713362290210293595
4329,train,12745786397230560225
4330,validation,11083717687131710741
4331,train,5151175248736540748
4332,calibration,10447277559165348140
4333,train,2796801248066282019
4334,validation,1230864738126258335
4335,train,16447672816016487775
4336,train,6141261500304547320
4337,train,3236230970364089794
4338,calibration,7618477886160401721
4339,validation,16182600035202567059
4340,train,13811176810988647115
4341,test,14156978009332643567
4342,validation,7827024577850328100
4343,train,7493933555730877970
4344,train,4843112175229131890
4345,train,3565740833619500413
4346,train,16610432375022170835
4347,train,12499879487097921113
4348,train,13674303210474262950
4349,train,5988240245329592365
4350,train,18098560800324164701
4351,train,15066700119336423612
4352,train,11700734178469591692
4353,test,6606305463770765596
4354,train,10864481904606900717
4355,test,10432821336770571118
4356,train,2627618317850723043
4357,train,4637930672028830409
4358,validation,11557563019581365115
4359,calibration,2729940092195102578
4360,test,371074049768812600
4361,test,5762070566709332291
4362,train,2087421591879692859
4363,train,9423392446134750166
4364,test,11621341279829200618
4365,calibration,17645018601078973357
4366,test,8295544667807206864
4367,test,2740096731154162789
4368,test,12881536384948207046
4369,train,15898766321565189667
4370,train,8070137739641913256
4371,test,15719233759144190456
4372,train,3930970569314558664
4373,test,5120540863778593845
4374,train,11987469420071608101
4375,validation,2109048845219922698
4376,train,9620371497191451065
4377,train,1711578509561145821
4378,calibration,3296761949124262857
4379,calibration,12403662697426402763
4380,test,8250789316939461977
4381,test,1678082345396028957
4382,validation,8484808246624483989
4383,test,14217418319693271555
4384,test,2833161265165614994
4385,train,6707485885837172464
4386,train,1419863343986905948
4387,validation,12912297203667000117
4388,calibration,1066516579713890036
4389,train,1222654333938976153
4390,train,17862496168692656602
4391,validation,14430264534426924353
4392,train,9470892450573836440
4393,calibration,18368970558981138840
4394,calibration,545840054325880293
4395,validation,17666399006209332599
4396,train,5781049856086466315
4397,train,5741136596836804440
4398,train,12176741653913618464
4399,train,10951223458899793991
4400,test,2930985366775950355
4401,train,674615802335230800
4402,train,16429309758766320687
4403,calibration,16950077024250430536
4404,train,16649779795966266229
4405,train,47351842748750945
4406,train,13731003750664420511
4407,train,2395415693598568032
4408,calibration,17405223070084057526
4409,test,14095255993585110452
4410,test,5735974830517421948
4411,train,14238981635697369849
4412,validation,13080862943474605741
4413,train,11330098541427653826
4414,train,2648064863060443338
4415,train,4308994094111426100
4416,train,1960678119678399741
4417,train,10314988704866814421
4418,calibration,10133341056705753449
4419,train,16318608891461290663
4420,train,96130822274658661
4421,train,10880158532649972590
4422,train,2449158014997608757
4423,train,11536033329774843545
4424,test,4514440581673690220
4425,test,15603262586651328694
4426,validation,6713296259135444044
4427,train,3651789715651243836
4428,calibration,17930538901990126407
4429,train,18395422321109818969
4430,train,3859819849804335920
4431,test,11835166841878848214
4432,train,18094439528524334980
4433,train,2848225368421548929
4434,train,2706591165306302918
4435,train,178312354703474153
4436,validation,13852145985833967724
4437,calibration,5301370718096702380
4438,validation,14949279613407886249
4439,test,5726303288370650752
4440,train,1112804656242689663
4441,validation,16202389409870962380
4442,test,7469897306336171573
4443,train,15308478030486093404
4444,train,11440114721185122347
4445,calibration,14952164532040087589
4446,train,13572077154601622716
4447,train,6476176718251222279
4448,train,5642163124472259179
4449,train,6501562623337332475
4450,train,13391918185383225590
4451,test,4981900755164192896
4452,train,9201420866678139607
4453,calibration,15832188767185565589
4454,train,12494008360340484167
4455,train,17167174880190982287
4456,train,7949611787107936489
4457,validation,8501974803024482611
4458,train,8024130407539802575
4459,train,3060440958669894908
4460,train,14240674907061534725
4461,train,10122357677079780534
4462,validation,5768049923921165355
4463,test,3639040077084995562
4464,train,8562360901957642698
4465,test,2418184244719276086
4466,train,211410736323570710
4467,train,3242466310952979090
4468,calibration,7096909485966163813
4469,train,3727283011992796739
4470,train,7916261931518455187
4471,train,16769389138458885604
4472,train,2057512221345341823
4473,train,8494744001861437148
4474,calibration,13745672800346776150
4475,train,7277216230723473180
4476,train,17229497465846735095
4477,test,6940616151845356463
4478,train,11380695796210983392
4479,train,11932543274058167898
4480,train,172054994565596578
4481,train,1138753729697889744
4482,train,5838148492061894074
4483,train,10348491043847564808
4484,calibration,6767583370962550649
4485,train,8231945186055715749
4486,train,11005565222084905934
4487,validation,9209448263206995782
4488,train,7747322582019776518
4489,calibration,15250408368027308917
4490,test,17518800541508240527
4491,train,12725800460738488565
4492,train,15419943737166343770
4493,test,6640905199785613984
4494,train,6588929841611264679
4495,calibration,18069079264294775041
4496,validation,15565980119703105661
4497,calibration,13686171710095293011
4498,calibration,12052862804463657829
4499,calibration,1264835039161809661
4500,train,7105414758915221840
4501,train,11937288474877575467
4502,train,2545832444010019330
4503,train,4450822531441377127
4504,train,9857194122581258822
4505,train,345788878764863520
4506,validation,9345529867648880445
4507,calibration,10937325521277520716
4508,train,2266091005592547079
4509,train,11519608863661197006
4510,calibration,4966362905825623198
4511,train,5529170396122242571
4512,test,11579822172242927516
4513,train,12814151281591154580
4514,train,15937761745374136520
4515,test,12584564968548741313
4516,test,7633788632943970510
4517,train,14235031253542479451
4518,test,7377053637314701310
4519,calibration,16657518153352824398
4520,validation,3876856624821223073
4521,train,17427815271281279422
4522,train,8740869335098752772
4523,train,13129823467965254314
4524,test,3978686643534200691
4525,calibration,12701945528813575156
4526,train,4643716864816566577
4527,calibration,14740364670118043797
4528,train,6250951484532487808
4529,calibration,5745306713104522297
4530,train,974551311588027526
4531,test,17800353761503157113
4532,train,10212813677530925433
4533,train,1096497362643323756
4534,train,16991145890707279079
4535,calibration,11919018464670424631
4536,train,5258501759400725343
4537,train,3771458704385714706
4538,train,11450634799603115071
4539,train,3900081722267902674
4540,train,7713265009497923516
4541,train,6106949203913193576
4542,test,10108658051794133408
4543,calibration,168631233718331436
4544,train,4332244297557614932
4545,train,18073554356420099269
4546,train,12641201991903432301
4547,train,13993355080252293898
4548,train,13035493402882759374
4549,train,5657099703155057742
4550,train,4790288422322439026
4551,train,11250316515086129801
4552,calibration,9081512603428124336
4553,test,8922686284641362100
4554,train,7432416632371669767
4555,train,6692135943845734493
4556,train,5138984454219757525
4557,train,17813093228780416723
4558,calibration,17657585117563308983
4559,train,12143197192612284111
4560,train,16171079016710808041
4561,train,5298610125150886360
4562,train,9152407982213769422
4563,validation,11809875135339486193
4564,train,9865160565168543709
4565,train,4131513583475856683
4566,train,2232798107062244601
4567,test,8664568691983032735
4568,train,1897359849284778730
4569,train,13656239514514717374
4570,train,14872179600239699756
4571,train,10218334211491869175
4572,test,3689648204650574017
4573,calibration,6972172483244275051
4574,train,15481674431460450656
4575,train,7332616274784024420
4576,train,7391783683944879920
4577,train,9677464428230273864
4578,calibration,5900696436842350243
4579,train,18439374280567000487
4580,train,12489876818921940459
4581,train,1043650134041992615
4582,test,8809440122889761428
4583,validation,11159596646934761565
4584,validation,13210917863554905347
4585,calibration,13391084613336505726
4586,train,17813093228780416723
4587,train,4206451635621215516
4588,calibration,143421452039009198
4589,train,8325457812361315115
4590,calibration,6825244277869648433
4591,train,2113593687276000605
4592,validation,16936697822217694100
4593,calibration,13859948792878254307
4594,train,15570870415872287814
4595,test,18288364449294612206
4596,train,17426140694569443165
4597,train,3310031942911055963
4598,train,12331883814373089227
4599,train,5124718225834531647
4600,train,957116162140426738
4601,test,7470581445422550142
4602,validation,15379954902888233911
4603,train,7723735112036810913
4604,test,18110733442361965910
4605,test,11472168921383685256
4606,train,2991712489385694221
4607,calibration,3564708237500759428
4608,calibration,143741076747430091
4609,train,9936518684031724971
4610,validation,12924108601343502072
4611,train,13170262170161068269
4612,validation,16588415733066715309
4613,train,3331637462010531300
4614,test,15829895299838850221
4615,train,4787756326280275562
4616,test,8590584507843636098
4617,test,16263574488130245829
4618,train,4741424094976408519
4619,validation,6829997481010541068
4620,train,16840120787303168124
4621,test,15974042846079036689
4622,test,9781732973465538238
4623,validation,1898524052818064907
4624,train,4495409777747853547
4625,train,12581113951955445379
4626,calibration,4947741578275855860
4627,train,62268328869454437
4628,train,2215556439581856759
4629,test,8562296008815915200
4630,validation,7877776943477842208
4631,train,13782298530908719911
4632,calibration,926557531846565692
4633,validation,10610669464747794825
4634,validation,15637655379316114534
4635,train,4709402082664984705
4636,train,11640984992575035956
4637,validation,5746588225744887819
4638,validation,11385063931201091651
4639,test,17887264271429715977
4640,test,1142034082641071012
4641,test,4420577117989965945
4642,train,11535505602609395100
4643,validation,6642834972678330654
4644,train,13632248505231893097
4645,train,8310743707757757711
4646,test,12709729143910813059
4647,validation,7918088391234818707
4648,train,17364169637553279719
4649,train,5258501759400725343
4650,test,17565369105429408086
4651,test,4839352818510409918
4652,validation,13054209493286104676
4653,test,5900741883792559901
4654,validation,11964835788677054515
4655,train,14313971563150951695
4656,train,4517968562822447621
4657,train,4107875346204924506
4658,train,9311272512896475700
4659,train,374190204398533305
4660,train,6412569443203093704
4661,train,5537059773878134459
4662,train,8787875569226980452
4663,train,5235239678603000908
4664,calibration,16364487535934089247
4665,train,14563200064945379099
4666,train,18394462380701898637
4667,test,1480079411270518999
4668,train,3480034023353135512
4669,test,1364219985608333923
4670,test,8189692936464871053
4671,calibration,1877186386714584160
4672,train,1669863454944294690
4673,validation,13657932526410154778
4674,train,14232195817884514102
4675,train,1087775882754003378
4676,train,11197867231208145241
4677,train,15093333143230413369
4678,calibration,17598303110767303583
4679,train,12852078951945698939
4680,test,18131289505767786888
4681,train,457005307447072960
4682,validation,2035074879007980027
4683,test,2358450646502137920
4684,train,17414930328061040278
4685,train,4057252218008196574
4686,train,12241192696578077245
4687,test,12924111898828313889
4688,train,10151390286480870234
4689,train,8938663361091559944
4690,train,344009313191588704
4691,validation,18270321542673283949
4692,validation,12311346597343601081
4693,test,1249328112221150232
4694,test,7843394982558828819
4695,test,1735402817785090889
4696,train,9477937929186227959
4697,train,6553739712945629284
4698,train,13091487666051604000
4699,train,7236028124666568359
4700,train,17369269108463808496
4701,train,3704097943553157562
4702,train,6184616050729152490
4703,train,15241054758623213748
4704,train,14854862604159472708
4705,calibration,2614019214423465949
4706,validation,15736478854712841900
4707,train,7628886265276428230
4708,train,5596628625536692800
4709,validation,12703325809665970968
4710,train,9987640791005178868
4711,train,6843396751807809645
4712,test,11506095733322291701
4713,test,3733424839033611505
4714,test,281414454097250466
4715,train,5314547653557337423
4716,train,9930208118406973029
4717,train,3990304187660483102
4718,train,18416343328624802300
4719,calibration,99037241461190359
4720,train,7208358492838695663
4721,train,6020386167526686881
4722,test,14214022979169760605
4723,train,11652961571327771010
4724,train,16564884165996469568
4725,train,5354272155381529229
4726,calibration,6694826361743091926
4727,train,5031052691351411909
4728,test,5499854706541181514
4729,train,11750838769906977427
4730,train,12987909796422804611
4731,test,15976681965728606359
4732,calibration,9528992247914072596
4733,test,18026143651833864221
4734,train,18237480396513368095
4735,train,6262662611614760927
4736,train,6084023811620052489
4737,train,4650211570645449744
4738,validation,3588250592152124885
4739,test,7282347931075261098
4740,train,17860994418061328809
4741,train,2499722360848500814
4742,train,17674764072224511864
4743,test,16203341115329991840
4744,calibration,13658614217365982116
4745,train,4636126844295373009
4746,validation,12658882444651745664
4747,train,6914747132787413772
4748,train,919980361711545179
4749,test,8662385219938714291
4750,test,17790223726201089020
4751,train,17949080749971538938
4752,train,3600083513028532072
4753,test,1481316581033910752
4754,test,5472089093468933202
4755,train,8190350305467201649
4756,train,3708585940385921399
4757,train,8929329425756185036
4758,train,4845516835090819472
4759,test,6123398574825179969
4760,train,18109445919603417844
4761,train,17930164185035210316
4762,train,16502227904124645621
4763,train,13009849926787553678
4764,train,2713363952796826027
4765,test,789256338652789930
4766,train,1207906502579941104
4767,test,18328566582751827327
4768,train,11288185490170783590
4769,train,11967715002876410368
4770,train,1940626937572400144
4771,train,16498401772650232233
4772,train,1425692599545481674
4773,train,267151442952290998
4774,train,3302969734957125325
4775,train,17329881131800568198
4776,train,4279578824119312218
4777,train,12971124801020886278
4778,test,4365758460249764388
4779,calibration,2333700458273962348
4780,train,7100575765057604715
4781,calibration,17301843705237265225
4782,train,7089935565083852143
4783,train,5258501759400725343
4784,train,9155991894683137172
4785,validation,9003523198467946054
4786,validation,6774335548293674987
4787,validation,10996312229974938464
4788,test,1657003516824845303
4789,test,836108250255870921
4790,train,1031214668963490768
4791,train,13385513300973942374
4792,train,5551858473782970062
4793,train,14644369304932188902
4794,train,431371546914727689
4795,test,3855536962784210809
4796,test,8366488978258240401
4797,train,5776488915361020309
4798,test,15499979713557200466
4799,train,4471137166839215210
4800,train,16373590509036427092
4801,validation,970207111170474196
4802,train,1937878802622179857
4803,train,16606415095764634044
4804,train,10526856200231744100
4805,train,9706768253140776621
4806,calibration,9498380877204835342
4807,train,17769685782691456099
4808,calibration,13194308400019661036
4809,validation,8714001418269916664
4810,train,16542151194344741061
4811,train,8317201017319645500
4812,train,15335426101394644370
4813,train,8344332099650973612
4814,train,10663264617356442346
4815,train,17858438708268752191
4816,test,11802125946814833080
4817,test,8381646986269779301
4818,train,17366260141966031491
4819,test,13763487897850176424
4820,train,11863656291605667797
4821,train,6025177022144154762
4822,validation,16264266051548150436
4823,train,11172170791829451188
4824,train,5471840333901505160
4825,train,17648724476077540549
4826,train,13718296097314400724
4827,train,12696353585442268754
4828,test,8786053928789921640
4829,train,8961348705497923199
4830,train,15370217622705367799
4831,calibration,6449042933373208901
4832,calibration,7463238320246731768
4833,train,281154307745420281
4834,train,9319275753010632040
4835,train,14146344128438971476
4836,train,5340163812569469133
4837,test,17902623688815284118
4838,train,7913765030751173967
4839,train,15072830059433960351
4840,validation,18174558555205269861
4841,train,11535192151321900342
4842,validation,12520946922574485531
4843,train,3839470785156144343
4844,train,4900446938988449894
4845,train,14517544962829377966
4846,train,12207791655187431820
4847,test,6641164891255646853
4848,calibration,932258453889603909
4849,train,359219751370222632
4850,train,1786198490974291585
4851,calibration,12841901059053553040
4852,train,10485315157802865748
4853,validation,10708650027302578573
4854,test,7837372772166054759
4855,train,904474385202318446
4856,train,14063600955164537082
4857,validation,17627385443162084143
4858,train,15704987339332653288
4859,test,4824644242236783296
4860,test,2091323686196272933
4861,test,17692330980553230428
4862,calibration,6499765266119496252
4863,test,824830718267626087
4864,validation,5722313882746671015
4865,train,17813093228780416723
4866,test,759989284182923114
4867,train,14372422292977593372
4868,train,4505997567916234461
4869,train,898880590878610624
4870,validation,11757136031428236320
4871,calibration,18075386757163175191
4872,train,10281305810822522240
4873,test,12790159655725276529
4874,train,5976625510860308705
4875,test,13893949338957258762
4876,train,9813901421158110528
4877,train,11945614752157318110
4878,train,16952912986338510716
4879,validation,16502634254801087824
4880,train,7035102796700691889
4881,test,8881920491548221318
4882,train,11608981825105368063
4883,train,4097695631657015462
4884,calibration,8229298330814643287
4885,train,274697280756378058
4886,train,8222431624102180671
4887,train,8820106447088834782
4888,validation,17376549705445118771
4889,train,7451892093601734630
4890,test,8880027291741872334
4891,test,6259250184683679902
4892,train,12616996542206997205
4893,test,14520113846116846861
4894,validation,12580727943673670963
4895,validation,9810859827320368263
4896,calibration,10722736457717017650
4897,calibration,18084469015177032609
4898,train,10061665681487204847
4899,test,10056884417811540663
4900,train,6288040127384647449
4901,train,14246753789233482115
4902,calibration,5975612804495095649
4903,train,13153223924864215237
4904,validation,16837702462332728557
4905,test,7023773160269985848
4906,validation,8076654871237234690
4907,calibration,16218144015438792977
4908,train,15112258357101768657
4909,train,13015464368890104613
4910,calibration,14408359497478632754
4911,train,16893072946592171735
4912,train,13337411196529614332
4913,calibration,7229359684364977019
4914,calibration,1419097098681954043
4915,train,11680556377541448082
4916,train,6445261052008796323
4917,train,1044637239218559171
4918,test,10152407386358136143
4919,validation,12481000675997494059
4920,train,10323183804504415060
4921,train,17921023373041394028
4922,train,17059459881146199581
4923,validation,7669812056641470393
4924,train,1711578509561145821
4925,train,2281610542324743622
4926,train,15723506541600135747
4927,train,15946995448350238270
4928,train,196191595549036059
4929,test,8258752728444990810
4930,train,10391968725051326773
4931,train,5596713017920520221
4932,train,14464569885888365078
4933,test,13297623636650732707
4934,train,7592703082883215779
4935,train,4523107568184518107
4936,train,17054339879825621459
4937,train,164742267938925812
4938,train,15010593398247809662
4939,calibration,1725368186681856269
4940,train,9742731761913247934
4941,train,10246016497124362077
4942,test,2063068312260275355
4943,train,16706287519346705020
4944,validation,5872511490092467455
4945,train,15175051602618081341
4946,test,13434188757035854482
4947,test,12808035888868301553
4948,test,2107137340520861410
4949,train,9229811649908248678
4950,train,5075361157533149691
4951,train,11657835430922378071
4952,train,10968975592245082316
4953,test,11002721613402601160
4954,train,13111584915393912489
4955,train,3159661663424549984
4956,train,10249165848757491359
4957,train,5192868104773106670
4958,train,11612509784829816718
4959,train,10018644846225227027
4960,train,10894194361905810653
4961,train,6329010557483792173
4962,train,6304477605257741351
4963,train,1007444457701495431
4964,train,11593284527636451332
4965,train,16682516811961590288
4966,train,14208255174781782965
4967,train,5306170592231239171
4968,train,15932975899447388430
4969,test,4185138349180203740
4970,train,7784978107870209576
4971,train,4791562326460994679
4972,train,15759883846395430333
4973,train,3548738096278786789
4974,train,13685066974747654569
4975,train,6385627634336844911
4976,train,13293789343083313307
4977,train,7075619789038749967
4978,train,9332212499366459379
4979,train,17861317049932721337
4980,validation,14158504135240187148
4981,validation,17788205459919262217
4982,validation,13525089383474071699
4983,test,16066862050375184832
4984,calibration,20764562402744852
4985,validation,8345133159615559807
4986,train,5979905667855079734
4987,train,10920327871265276264
4988,train,12639055797581484198
4989,train,10166815865567930804
4990,validation,15445796469109265839
4991,train,14957180001211200408
4992,train,6148542316950538255
4993,train,6898293243318574443
4994,train,5719614515990784060
4995,train,1600467930999567916
4996,train,3572540840986647654
4997,train,12423872376656418660
4998,train,13861787759597772709
4999,train,16790740818043927955
5000,test,18245876118386530546
5001,validation,9024276992352835633
5002,validation,5707147092482996910
5003,train,1994487367772696364
5004,test,674867956086147864
5005,train,16766340129005112804
5006,test,3252036622488614302
5007,train,16049689830975819078
5008,test,15646333345415486927
5009,train,863361841254821584
5010,train,18278352772174013830
5011,test,13655833363177220863
5012,calibration,4081089145978379017
5013,train,14284855653415951006
5014,train,10268163964127651540
5015,train,14503135627489321215
5016,train,10641383965425210647
5017,test,4738122856937913749
5018,calibration,8055899009059697646
5019,calibration,3378447129073008265
5020,test,10428426199121156462
5021,train,2139056264298220761
5022,test,5209617532277299923
5023,train,17634774217800832500
5024,validation,6031398940690577287
5025,train,6022653569062628847
5026,calibration,7361632809377921899
5027,validation,11160008994994517146
5028,validation,13509506508186665630
5029,train,16357510442445904295
5030,test,15336263324643143369
5031,test,4353635648188173014
5032,train,4214142885464246730
5033,test,3027435301964111630
5034,test,16791492241570225185
5035,train,15221401693152041070
5036,calibration,6061136876902491197
5037,test,5822815930544902594
5038,test,17048084175705331454
5039,calibration,1641488281031390853
5040,train,9549316062780407479
5041,train,17030350858917285720
5042,train,10150426844232865859
5043,test,14214884358587641281
5044,train,15069343624119554701
5045,test,11709434381985183711
5046,train,5521795041720100583
5047,calibration,14547313047413685552
5048,validation,4649249507384832415
5049,train,11162307249072276281
5050,train,15583013864916209068
5051,train,3394594588866422820
5052,train,4636781468459476781
5053,test,7412188033128805181
5054,test,6296813855262257130
5055,train,3717318266908513362
5056,train,15842469940016888567
5057,test,18175760896095315190
5058,train,4255391868463363331
5059,train,11687442941017071836
5060,train,13719867335116600710
5061,train,16667825619849550801
5062,train,15189479537364687976
5063,train,439891549531385073
5064,calibration,16407548096596564923
5065,train,8715866579428581791
5066,train,15765940274100665240
5067,train,15234653806345110974
5068,calibration,13401985741777419995
5069,train,11249130873187285604
5070,train,3141404250225242480
5071,train,16957572075974290320
5072,train,12394810865518933523
5073,test,16797949020156279140
5074,train,3862719076914141620
5075,train,4424189979479658077
5076,train,5815020587780756964
5077,train,18385119961883303872
5078,validation,12059632947776355232
5079,train,11335051632637028251
5080,train,5711948951368225873
5081,test,12793652077776912743
5082,calibration,12895752642723227300
5083,train,3554529634072706500
5084,train,7111465448168783502
5085,train,17395978599666619044
5086,test,3239122633110287587
5087,train,8978192119531548676
5088,test,16456138122726125637
5089,train,7578759726299528343
5090,train,1494854345276044375
5091,calibration,18274371786758484789
5092,validation,4481957370315175696
5093,train,1289055837139662698
5094,calibration,14019284257404749622
5095,train,14673667493605891697
5096,train,16855377957017083931
5097,train,5000512927283147363
5098,test,9224677209235478309
5099,train,5429321433230534542
5100,test,9369822136430599874
5101,test,12886005940514532734
5102,calibration,6168459756092582536
5103,train,12213153902966905835
5104,train,1850185416797355100
5105,validation,17026803734322416823
5106,train,1809537467629784927
5107,calibration,13151224953204432125
5108,train,15076191373505732000
5109,train,16221104478337581252
5110,test,2539829701600039521
5111,train,5009592273443992099
5112,train,4057252218008196574
5113,train,11012562648576906571
5114,train,13425331789473327693
5115,train,14035408547301194761
5116,train,3887762927011192561
5117,train,15301849698922696776
5118,train,8174760281672686579
5119,train,6711672769211933107
5120,calibration,1901334853418274177
5121,train,1805334060965497070
5122,test,3461639794285267714
5123,train,8264209389397223065
5124,train,15978458605797379874
5125,train,10997974761124612053
5126,train,13737754934272029385
5127,test,1903746435192318098
5128,calibration,3390184181831376078
5129,validation,10947406211811821909
5130,test,8908371082944137459
5131,train,697700146753817430
5132,test,6297576633429292567
5133,train,17254025395959658778
5134,test,12088795858943157752
5135,calibration,10801086856572537934
5136,calibration,2987039236104770654
5137,train,3535163951917021629
5138,train,10441386692450346943
5139,train,12504202332544124305
5140,train,3317618779869501715
5141,train,14396214541642235919
5142,train,7746261812009553120
5143,train,10892697417260524737
5144,train,88295020003927884
5145,train,10314622900628283870
5146,test,2076655838098993797
5147,train,5005645456242763652
5148,test,5893512930849418136
5149,calibration,18068469012702242521
5150,test,17054334047216851725
5151,train,595336423773173176
5152,test,1588997100561837468
5153,validation,8247772865582303754
5154,train,4111993313416907759
5155,test,3045812696603765302
5156,train,8276714593087966315
5157,train,4563094882187325703
5158,train,14893975451412760205
5159,train,8664420465718582272
5160,train,1456379858746076931
5161,train,17962925894872013137
5162,test,15193719168246158211
5163,test,14127184034393455145
5164,train,16838754499692407279
5165,test,1763806090178564943
5166,test,10843863003793242920
5167,train,6013601670862724852
5168,train,4957033201365963226
5169,calibration,13065494447022777258
5170,train,13801958640005555948
5171,test,14941110130351127705
5172,calibration,1019519337039454693
5173,test,10560330216508512117
5174,validation,773306181559766464
5175,validation,16108875527443971582
5176,train,16521515651722278158
5177,train,14939948642893347736
5178,train,8067349107151308656
5179,test,6470668981903515111
5180,test,11122466958671674973
5181,test,12676985285835655684
5182,validation,6896345998032614753
5183,calibration,16680872900918120343
5184,train,15609328640774797925
5185,validation,937450235902318093
5186,train,7138083090964760631
5187,train,9701774263053431427
5188,calibration,4116410293321915808
5189,train,16226557663656280717
5190,train,4951056181193875448
5191,train,4030886112763214366
5192,train,2779937289471737725
5193,train,9692427396203182295
5194,calibration,9173210160133659211
5195,train,16649972378262387439
5196,test,12151132865292635435
5197,validation,768485968330672913
5198,train,7285222923878284271
5199,train,15351432915849034512
5200,calibration,18125847328937206508
5201,validation,13476665192566495203
5202,test,1387599005531096337
5203,train,4289733653101191588
5204,train,6471734523046034707
5205,train,7360202252191101316
5206,train,11912446455569250079
5207,train,13526444451000591406
5208,train,4253484247808450986
5209,train,7454455012666523282
5210,train,5719101801272526306
5211,train,17372252967854143839
5212,train,17806697361576108539
5213,train,9367244062823300331
5214,train,17743335953431991054
5215,test,11617071413736059119
5216,calibration,9706584885271233176
5217,train,8129922063727645864
5218,validation,4569575581067822772
5219,test,5374359918430116267
5220,validation,16666340708447807599
5221,test,18343930303803376441
5222,test,5610895055925115388
5223,train,12201107301769864650
5224,validation,1379390997417724527
5225,train,3145830855764621108
5226,train,7462390384635713677
5227,train,4571634763095750393
5228,train,12946592879491535589
5229,train,9680526412264099609
5230,calibration,2622849861602355922
5231,train,12289343663040722229
5232,calibration,13548426127961425369
5233,train,12382024799218961775
5234,train,11789918094984502875
5235,test,1314902673274809516
5236,train,1286695969011525889
5237,calibration,16214916593724318769
5238,train,9906076155739396774
5239,calibration,2910501428862765122
5240,train,8334547106006795862
5241,test,6818992570984010716
5242,train,4125786302998205790
5243,train,11900109395788631313
5244,train,12465256440814576474
5245,train,9459104937626716426
5246,calibration,12623851326426997967
5247,test,9427250117103931839
5248,train,8904791713370182711
5249,calibration,7877462489526352448
5250,train,9693868317599244909
5251,train,16811929539073872099
5252,validation,9287060153732779574
5253,test,10369341009346804108
5254,test,5924630666840508040
5255,test,5501269327097450174
5256,train,1143572687040652832
5257,train,5256545230299643601
5258,train,14792314244973412597
5259,train,4122160242731001553
5260,test,13447864136910117913
5261,train,6056761519685039977
5262,train,14371294152976289544
5263,train,10430542777629385602
5264,test,14637729789805958851
5265,test,13683843573379708679
5266,train,13526407800912569879
5267,train,3727547619515251502
5268,train,13110818212179584861
5269,test,10566347643822193559
5270,train,7991677058187554044
5271,test,14664217892265208297
5272,calibration,12996345348540244174
5273,train,3112507777344042998
5274,test,16335574716918857282
5275,train,5554708364654550638
5276,test,8696625748113992711
5277,validation,6102345300555961358
5278,train,4795735051823059842
5279,train,10524738520586158820
5280,train,8573659167879843138
5281,validation,1482694977293749293
5282,train,5610558254400935365
5283,train,4300863483260381032
5284,calibration,3321035628260571966
5285,test,8273999445501598543
5286,test,11563171650233813298
5287,train,15702211544477823142
5288,test,10004807414699659482
5289,train,8241280963270316578
5290,validation,12936785309164471919
5291,train,5869072677713979254
5292,calibration,17113133866194867858
5293,train,14283623885948315466
5294,train,8204913314453521694
5295,train,12995057707453086613
5296,train,7539719320599987425
5297,test,9247382188454422664
5298,train,16017603689902598923
5299,train,12157795300219479871
5300,train,6789912690336035273
5301,train,14114126714387599558
5302,train,1952476008652491107
5303,train,1282969386929561388
5304,train,16585387098089593569
5305,train,3543870347334596727
5306,train,13075127513250798642
5307,train,11186042937521089234
5308,calibration,13768110405477373349
5309,train,14922032048460770670
5310,train,11511353904115084530
5311,test,8346150395102095285
5312,validation,3776004935563441117
5313,train,15467510027945399924
5314,train,16451718528246209486
5315,calibration,9817084112595959083
5316,test,10978050443112639813
5317,train,100433889623361273
5318,validation,1947383396710661435
5319,validation,7020420389418277880
5320,train,14664224888968603315
5321,train,17823246502592562426
5322,train,11546588289307983837
5323,test,9032630990326912656
5324,train,4057252218008196574
5325,train,13045761897838735815
5326,calibration,1852223299452321070
5327,train,3266602801000149332
5328,train,13512299299456971700
5329,train,10068146653995286470
5330,train,7401407304813761427
5331,train,6789828768733092304
5332,train,3384555759810664895
5333,test,17229910361866356567
5334,train,9131034575308204874
5335,test,17375763817279559191
5336,validation,13542368503127185554
5337,train,17897742308030720523
5338,train,12117993836841270387
5339,validation,13783920894977761910
5340,test,13050458783773742523
5341,train,345285474372416914
5342,train,5922752442843845659
5343,test,6680806691539322269
5344,train,3012655146443364581
5345,train,80309574974702778
5346,calibration,1834346910682464885
5347,test,10060916947715524199
5348,train,7293435242485876687
5349,validation,3853785590069821162
5350,train,9844121704589677945
5351,test,442301723839186462
5352,train,16662644472576579934
5353,train,15184934510524966875
5354,calibration,13703783570706647247
5355,test,13205615594272438997
5356,validation,8698831895393903125
5357,train,6241316171706301397
5358,calibration,16360384182793164746
5359,test,11119031192697815543
5360,test,9603658905716370324
5361,test,18010916263617127150
5362,calibration,5773079845536910202
5363,calibration,14320756858165541757
5364,train,12950279820919085907
5365,validation,9526421388511374761
5366,train,12431848837564114153
5367,train,15526970028398301007
5368,calibration,17567288911294953034
5369,test,10766489354759751106
5370,train,14856171775968156220
5371,test,5215990237236995019
5372,validation,16521073702492896931
5373,train,10701407930971562955
5374,test,12306277589274274852
5375,test,13946382613977923481
5376,train,6450871850099112076
5377,train,3784412746183716646
5378,train,3276906993739677829
5379,test,14059759532545888350
5380,validation,15923535706153006674
5381,test,6399387631008114581
5382,test,5531143343410381757
5383,test,10760860995007893122
5384,calibration,9515727708931282484
5385,train,17813093228780416723
5386,train,8363726974325391576
5387,test,7604033453506756945
5388,validation,11951498469063917082
5389,test,18008438577487655337
5390,train,1486429631122800885
5391,calibration,16063829696492520171
5392,train,3743665599731528217
5393,train,4512654737621849115
5394,train,195089863976370984
5395,train,5068364834223559197
5396,train,6898686377786921332
5397,validation,2491768499111931987
5398,train,5498963456249927458
5399,train,6587921342279541532
5400,train,9563405275249570249
5401,test,6447652660674620596
5402,test,11342276328828006109
5403,train,2090561417174772698
5404,test,7236642318459333302
5405,train,8833469855585809758
5406,calibration,7093596970216101921
5407,calibration,9451447727339393093
5408,test,8567516246434064691
5409,calibration,257576022884314268
5410,train,3152899020422968910
5411,train,4052231078275234429
5412,calibration,13849848490173338438
5413,test,13494334981963285114
5414,validation,17023842294059584836
5415,train,7490126422972058446
5416,train,2607603935122439815
5417,test,1661449938418693153
5418,train,3478468885766610997
5419,train,6248711226391396004
5420,train,540808071923160782
5421,calibration,4628972751481450319
5422,train,2731744342504034522
5423,train,2627159971123160855
5424,train,8340968100062282562
5425,train,15064100852712890949
5426,test,13584940602445423639
5427,train,14233395074571563113
5428,validation,6834927190851303670
5429,test,8096267720213504427
5430,calibration,1466720480844653990
5431,train,1558343508924012900
5432,test,5972901120107774880
5433,train,8533849082369047231
5434,validation,12284821764832368393
5435,train,17840275534504845948
5436,test,3650538696343632977
5437,train,12086926409072374875
5438,train,12507382462197062117
5439,train,16345849406853936038
5440,train,10710224821857162984
5441,calibration,13926350015469975766
5442,train,234730054707892857
5443,calibration,11800359412795578200
5444,calibration,16963394411479700445
5445,train,14738922089519299833
5446,validation,7954289506061477183
5447,calibration,10982105290632420617
5448,test,16667690154381078517
5449,train,9833109638827075329
5450,train,13202196418260891369
5451,test,48040982207028314
5452,train,15155885519835149711
5453,train,13451159250320514230
5454,calibration,791751473664744186
5455,test,608307973694194966
5456,calibration,11476914526292323
5457,train,8932270885049493673
5458,train,567510330666470341
5459,train,13786456962591852623
5460,calibration,1295170485309608093
5461,calibration,14732918931809838208
5462,train,1457238200959573155
5463,calibration,3538480456506487887
5464,train,18165887416413550784
5465,train,17623791614513853456
5466,calibration,9434712232288056882
5467,train,4832268940764276392
5468,train,11540395403984712346
5469,test,12543333972976188393
5470,calibration,6819838179984864722
5471,validation,2583968616649437911
5472,train,14074825128430346895
5473,train,9913527647782878502
5474,train,9327358553560469423
5475,train,12024401530111751894
5476,test,15706315696201972026
5477,train,17250268213250001832
5478,train,9440084247090517476
5479,train,4228305829787370631
5480,train,7447793935056500669
5481,validation,3687400198262213217
5482,validation,8668642627910102820
5483,train,17980124431288992516
5484,test,5072317291050952293
5485,validation,4801750144365729970
5486,train,1313470645733792609
5487,test,8014462749854060843
5488,train,7055504702064446223
5489,train,11900229226860556154
5490,train,13346391303664429200
5491,test,5706177451213203222
5492,train,10888465713703493232
5493,validation,18328622698664391941
5494,test,10588777333723589501
5495,calibration,894576038973736710
5496,train,16984204948053560528
5497,train,16854491925868771161
5498,train,5041210542868094231
5499,validation,10252478474349360683
5500,train,209264049817366345
5501,train,3307133109192967212
5502,test,7298594230265505375
5503,test,6845376093305460860
5504,train,10758655952268890127
5505,calibration,5386337034046795534
5506,train,3087298900044916863
5507,validation,9019583118283548506
5508,test,10394932860608561847
5509,train,15391284369050775379
5510,train,8925942780284767132
5511,train,1264384208359411581
5512,test,902597074831728280
5513,train,5059849617685934296
5514,validation,1070101081732166565
5515,test,12528360655610134228
5516,train,17240634188601734474
5517,test,11042379802736160135
5518,train,4989051390927749896
5519,train,10773295213943846352
5520,train,7471085047300865820
5521,train,6054334777788597049
5522,test,913219321217839377
5523,train,4519441339027095917
5524,train,10384449982878121643
5525,train,18317168966782847628
5526,train,16270029816458108508
5527,calibration,13436677419015765168
5528,train,2975537485760104233
5529,train,15270483419788873545
5530,test,6120554704030468420
5531,train,3267859402785666400
5532,test,6907574563112222909
5533,calibration,5418092904067795355
5534,calibration,4809031445419279141
5535,train,8504601664066281154
5536,train,12775516999028252323
5537,test,4130364648199084357
5538,train,15659539730046837448
5539,calibration,11437740217629846907
5540,validation,12008955928587617825
5541,train,187483837387175179
5542,train,9296953357800848586
5543,train,1891347003403748522
5544,train,12156558359739358408
5545,train,1534895283165001859
5546,test,14100857188755634167
5547,train,15403956452492220467
5548,train,18154344653684267682
5549,calibration,559554899409354922
5550,train,5077598756087139213
5551,train,17044702101073213816
5552,train,3955827758019681737
5553,train,9303889862923627607
5554,validation,4115297417346943367
5555,train,15295134415501545675
5556,test,6529031552367824896
5557,test,5400211673264023229
5558,train,10882930740435351961
5559,validation,2591274820729611289
5560,train,7390993804179146218
5561,train,4711698808105482627
5562,train,11146037372376977515
5563,train,15991524430815094253
5564,validation,15303662538268759101
5565,train,3261747944163749612
5566,train,12235627597136177023
5567,validation,8417698363083134903
5568,train,15549249122019113055
5569,calibration,8137851654209246370
5570,train,18334141185576311864
5571,train,9841811378729346571
5572,train,16709235962553086530
5573,test,9928733424204744082
5574,calibration,7832054251400941567
5575,test,14053872666190944039
5576,validation,14777839924686866540
5577,calibration,10898172410788132755
5578,test,3842880277017764371
5579,train,14889729251893073593
5580,train,10433881031894726086
5581,test,3488537899745255409
5582,calibration,1023117080027721979
5583,train,15802077401503739880
5584,train,5535903534941833183
5585,train,15934599017555227976
5586,test,3616274483689499794
5587,calibration,8619236331726174257
5588,train,3884285399843979478
5589,train,17346938924895752067
5590,test,11693515382358348429
5591,train,7085314064539596899
5592,train,11346314798802165124
5593,train,13851222218569340981
5594,train,9576365605568242610
5595,train,5108886499779194890
5596,train,15037696900651532718
5597,train,1383563569541867454
5598,train,9829139334827569534
5599,train,14134635826179071645
5600,train,10457382573606345619
5601,validation,15836175017989372745
5602,calibration,6572686415490978767
5603,test,8083575821455136894
5604,train,6271832737722507001
5605,train,13037921796298265836
5606,train,16857856751872484223
5607,train,14950931955304610143
5608,validation,5818902853221593961
5609,validation,17957874491564447927
5610,train,2316661091968585032
5611,train,14202315357906765913
5612,train,8518164866473090605
5613,test,17203730183060083060
5614,train,7756310910861687402
5615,calibration,17759665345492116005
5616,test,2101975526108676657
5617,test,16253472115935937443
5618,train,8382916460408204747
5619,train,10034432594326604364
5620,train,11809211337524706123
5621,train,10204102747960764237
5622,train,9296439818300282923
5623,train,10325538065312631549
5624,train,16357510442445904295
5625,train,2063342250604154276
5626,train,3453001624510037352
5627,train,4323184674475858352
5628,test,547412806927898385
5629,test,8373402876441666344
5630,test,5924630666840508040
5631,calibration,3110264324308099777
5632,calibration,16401875827419072754
5633,train,18199015351625792048
5634,train,10239026533810043740
5635,train,13307979681913981963
5636,train,8580502009492545392
5637,train,15472634284031243615
5638,train,16980493831271732529
5639,validation,6663572917535200124
5640,validation,17075218174522442501
5641,train,13033810858450065592
5642,test,640982825162794302
5643,train,3990756756718545512
5644,train,5010516300696287158
5645,train,9858207886566637763
5646,validation,10797040755188072094
5647,train,13602771126534699939
5648,test,15753340561229643526
5649,train,5835849846141283946
5650,train,5467718938124240546
5651,test,11947330500588517320
5652,train,7164291211832342438
5653,train,18034561757140753410
5654,test,9715567069149568238
5655,test,16867694121789108235
5656,train,1202379672708434675
5657,train,4796696712051214612
5658,train,11408167563589889503
5659,validation,8599493658952181865
5660,validation,15728072343139197816
5661,train,4686190175944215064
5662,test,10291051974264407848
5663,train,36648633039213849
5664,validation,11076466072856678165
5665,train,10950192975513670085
5666,train,133031002583800812
5667,train,6484058773933075322
5668,test,11115433704520231080
5669,test,11735823404813478629
5670,train,4003957097344246380
5671,calibration,16218144015438792977
5672,train,9610785138006082217
5673,calibration,6016788164904359074
5674,train,5332704766931209503
5675,train,14850659404173489184
5676,validation,10175018524966682646
5677,train,15547313612690890913
5678,test,5811176453784373269
5679,train,7092813453823781805
5680,train,674615802335230800
5681,validation,15078997788006766113
5682,test,9409112318403752054
5683,calibration,6964485109746125218
5684,calibration,16891494209264500534
5685,train,12243582498336385275
5686,validation,7845415729214433375
5687,test,14462842434442548369
5688,train,11370600024337419603
5689,test,8250386584520262740
5690,train,3917204283810881625
5691,train,15965254520545159805
5692,train,12216520718278984276
5693,train,5078475027441813110
5694,train,10177255920176877869
5695,calibration,17367861655317616473
5696,test,17846899523468241203
5697,train,825577420684669019
5698,train,2232609096129747773
5699,train,6007564808799411592
5700,train,6170976904583683594
5701,calibration,2166926896112230670
5702,validation,9768624215301989019
5703,train,18277749599857842826
5704,validation,17393156361967736713
5705,test,17268227010797666025
5706,test,4821908160924142951
5707,train,8325744144147479845
5708,test,4188520648962860676
5709,train,81611206670163427
5710,train,9112360077403159079
5711,train,3058966521921202154
5712,calibration,7615385320632546025
5713,train,5857493818136503230
5714,train,10419414659830258977
5715,train,9302682053804406825
5716,train,16873240079400312057
5717,train,14876316681445102994
5718,train,9162824565667011761
5719,validation,16890787740295012661
5720,train,10005435195020088820
5721,test,3412406934059864506
5722,calibration,12543607597261180148
5723,validation,17687775638147257320
5724,validation,5193382179688809674
5725,train,5383570463919915945
5726,test,3854793833163762462
5727,train,9813091243268634272
5728,train,17946550162902536724
5729,test,15338038391365088199
5730,train,8346647010016200123
5731,train,2077380620385283214
5732,train,9511999217469229121
5733,validation,16842618070058850512
5734,test,17912909147000879909
5735,train,9519638643648049214
5736,test,9572640790327796157
5737,validation,7462611381113839560
5738,test,13875815547559307493
5739,train,12515312354727652305
5740,train,6491969971125600600
5741,train,5202189591173498760
5742,train,3166295167354576046
5743,calibration,434234694133404068
5744,train,17614149817977151515
5745,validation,4560346035048472886
5746,test,365604192734142327
5747,test,3883810296834818017
5748,train,3108970428773783204
5749,train,4702618297398787298
5750,train,14971941712291594240
5751,train,46572013010193468
5752,train,15421469910476572074
5753,train,9599500229824383971
5754,train,6482480275465388339
5755,calibration,13617756475950026965
5756,train,16908765076321487073
5757,train,14552018336490674105
5758,train,1620578766037485207
5759,train,11284860167842035857
5760,validation,9246357498915613288
5761,train,8059683265815869444
5762,calibration,11605772137371677084
5763,calibration,5713272199067193769
5764,train,13538978105255240250
5765,train,10826074307704476271
5766,train,14226650682321173952
5767,calibration,15011005859401080974
5768,train,8948797645627643239
5769,test,12282076604615467989
5770,calibration,12284943934428701258
5771,train,5495652782361390074
5772,train,14013114853968676484
5773,train,16164815254361496744
5774,train,17532537124034204393
5775,train,13617123241158972295
5776,train,1326060887851346474
5777,calibration,17411602966653447850
5778,train,3369018762144913019
5779,train,7074332068910644506
5780,test,18276957997579142259
5781,test,9654652915622939009
5782,train,5432449675014090655
5783,train,1832181406311262976
5784,train,9988221682632604739
5785,validation,1224086548993629145
5786,train,17629494210219986654
5787,train,13963212093581842983
5788,train,14417019963197083703
5789,test,18103884494864319422
5790,test,12868685555986284436
5791,calibration,15154007568873299555
5792,validation,14122646325779387799
5793,train,12625415619200346336
5794,train,16911997083810351524
5795,train,16804003980570957872
5796,train,8193047224975640215
5797,test,13210404848585360570
5798,train,10376576604092682638
5799,calibration,1205367148776190804
5800,calibration,7595820725765123403
5801,train,13085189274288999649
5802,train,1059560432868044702
5803,test,10465093063203506750
5804,train,9096748366283543149
5805,train,14715468003771873461
5806,train,16780340434796022023
5807,train,719015710583454375
5808,validation,8932055851764578522
5809,train,1612263937638497057
5810,train,13684143004317130513
5811,calibration,1007871243233115601
5812,train,11246932516069846556
5813,train,7714543165745435417
5814,train,10412983645170762437
5815,train,3048237465209319908
5816,train,15881279496082353710
5817,validation,3856317248149333915
5818,train,17979231685499364831
5819,test,2541942735447681064
5820,train,11379515677339579559
5821,calibration,770457983119086490
5822,train,16271289916395250471
5823,validation,8072803875501554937
5824,train,1591679982057925187
5825,test,15479788323940380354
5826,calibration,665595432632044255
5827,validation,18259865857725756547
5828,test,11254198459683508043
5829,train,8818490873306478696
5830,train,13411935713876079222
5831,test,10288329598772125974
5832,train,2052794261475688755
5833,train,1538283550092546569
5834,test,6229342744763199578
5835,validation,13121618751555671509
5836,train,12411394614084023071
5837,train,14008288621839420163
5838,test,4592086099115845707
5839,train,9828280460286923040
5840,train,10670223945014503815
5841,train,11190884420051473015
5842,train,7057669101676116893
5843,train,8003005963935864132
5844,test,14258379327227563139
5845,train,3244540493229073980
5846,train,13193468364003827929
5847,test,18405900692898709114
5848,calibration,4005478340677528078
5849,train,5566205698505523882
5850,calibration,4792206147077466931
5851,calibration,15323965127904350202
5852,test,14948210030584591938
5853,validation,9702509084728841037
5854,train,5259063374237245724
5855,train,357853951477546130
5856,train,3675656885059979828
5857,test,5145320319701160306
5858,validation,16411450881515630511
5859,calibration,6352877643613691306
5860,train,17372252967854143839
5861,train,15081516988350384999
5862,calibration,3967116187934818484
5863,test,3487877054427502151
5864,test,15914189418198898920
5865,train,3712228961065629632
5866,train,9852825216604031958
5867,train,1382458737176974517
5868,test,827876669761029972
5869,train,3541507143171908296
5870,train,2718159267047322560
5871,train,1453896094475561863
5872,test,9471001128578909703
5873,train,17582331680994340232
5874,calibration,8564208542354122156
5875,train,10593157039836757412
5876,test,5992990451303838577
5877,train,2748426415350280242
5878,train,18164882799931633025
5879,train,2870010762077153730
5880,train,12804711187602326042
5881,train,15112310717144046808
5882,test,8138667458129603036
5883,train,14007615624630792062
5884,train,17919495044886574249
5885,validation,13503773245975745012
5886,test,18381851222230780714
5887,train,16435490230673924220
5888,validation,9967843714128518545
5889,test,15105576086903081721
5890,test,13309050642590934643
5891,validation,2038451780806188448
5892,train,12669582080774176078
5893,validation,8773640764493000963
5894,validation,172377613928879368
5895,train,14642624971425141889
5896,train,913869140461575875
5897,test,5033607836254926546
5898,test,6358179226563353946
5899,train,17087490945161339347
5900,test,9583950794494971422
5901,calibration,7177285429385163856
5902,test,9573697329173286509
5903,train,4189228338036484312
5904,train,13536905719425427808
5905,test,10650959614679067110
5906,train,15960622133147031265
5907,train,4049945059178600327
5908,test,8703689392574695370
5909,calibration,7385483744569988855
5910,train,610936535927671629
5911,train,7537153280054193921
5912,train,15834808632006485438
5913,validation,8062222852738701624
5914,train,17596475312688072215
5915,train,411340535388252201
5916,train,16679900631135760820
5917,train,5406779160591380831
5918,train,13576099661813304024
5919,train,16582030138597165094
5920,train,977741881777812990
5921,train,2139679316082618705
5922,train,16663719108798661271
5923,test,8956764640480210513
5924,test,17481025782989277798
5925,validation,3861417226917851575
5926,calibration,18372452689970648689
5927,calibration,3365899040510843977
5928,validation,16890548739842589280
5929,validation,4798556898899691592
5930,train,17473413937044298189
5931,train,9140058803808208583
5932,test,11613115406058233026
5933,train,16382535500542555874
5934,train,13140017856498677834
5935,train,883693132227953465
5936,train,17482597792668973864
5937,train,15471627327430621651
5938,calibration,10904471797681719271
5939,train,4238451370991611868
5940,train,2895288075167324646
5941,test,6047318201594389069
5942,calibration,15917533857506334616
5943,validation,3387303402397064102
5944,test,4568345117786945975
5945,validation,2779034106255117209
5946,train,6577424100995714312
5947,test,8850266746152773538
5948,train,16749996944093830362
5949,validation,5428778139113450557
5950,test,13834401333957173530
5951,train,3731446257567598862
5952,train,18154476487809815760
5953,test,15017063708723864577
5954,test,6514732566900020551
5955,train,4490561281721769004
5956,train,1460422870014523367
5957,validation,8316882965848214075
5958,test,7223042260515118338
5959,train,7499539174568746807
5960,test,6635100291568875552
5961,train,2034262405876676487
5962,train,3448380789259971100
5963,train,8258941414268664822
5964,calibration,13766058888770516369
5965,test,16759412274019743627
5966,train,7534001949328943096
5967,train,1162024079612691089
5968,train,16691903904410359821
5969,test,540466359029712127
5970,test,10858606010231228178
5971,train,2269806824377833775
5972,train,10794192901778627319
5973,train,4937883743226954660
5974,train,15465685670673929104
5975,test,9427039310323961177
5976,train,12350690652878684885
5977,train,17181742273955716173
5978,calibration,2290679045821245564
5979,test,14653291003811697168
5980,train,5639623857981837944
5981,calibration,4017162062309961582
5982,train,10252831086408522818
5983,train,18203574466941469198
5984,validation,2630206219346986514
5985,train,10444405958274963445
5986,train,18321956951663489991
5987,train,5733365921502634523
5988,train,16817255156183924610
5989,train,5557064565076326599
5990,validation,16209282408111048507
5991,train,5719736974827612231
5992,train,17230930319828490024
5993,train,14959211978993332622
5994,validation,15670878642486552750
5995,test,6244691880031819435
5996,calibration,14286697457578702502
5997,train,12191537629250965444
5998,test,4301374216489228210
5999,test,10834907139138559645
6000,test,17507412159462565890
6001,train,9185941740987189387
6002,test,8940522256565300200
6003,train,6937266957367366620
6004,train,10232405831625078621
6005,train,17229218641635814933
6006,calibration,1413297355432569587
6007,calibration,18108063029436950534
6008,train,12954741112464701816
6009,test,9267631570727343852
6010,train,16451718528246209486
6011,test,17186314408085556893
6012,validation,15328569060994073429
6013,train,14780136454492836295
6014,test,16870051631151903334
6015,train,9566134159678077731
6016,train,12075593900857893599
6017,test,13055278685017594136
6018,train,4728217570132857529
6019,train,15082648388233446739
6020,test,3216830575580570880
6021,train,6530128421159217233
6022,train,8474670994852621729
6023,calibration,14019284257404749622
6024,validation,10532311284971078549
6025,train,12787708969440012032
6026,train,5765174861140136047
6027,train,5302069064542596557
6028,test,15915451730469429667
6029,validation,1246590285470153114
6030,train,14198558923763339019
6031,validation,556598179018583149
6032,test,4608972635882177844
6033,calibration,16745193566077357713
6034,validation,89369014449588899
6035,validation,15837668865615942704
6036,train,9472440671813520661
6037,train,14643561404818992408
6038,test,2189525962699718261
6039,train,3844951063584492448
6040,test,17629167128288478670
6041,train,17711430115320126545
6042,train,8266034555216767042
6043,train,4328562234820775462
6044,train,8094455016232040150
6045,train,8008858254294260096
6046,train,2977424506421635299
6047,test,1107592010670115956
6048,train,17372252967854143839
6049,test,5181998824832178645
6050,test,1555835880124277105
6051,train,6107615417447783082
6052,validation,10282393557074611283
6053,calibration,8950082325067329323
6054,train,654207120465146229
6055,train,12593281656116798936
6056,calibration,11857889716418134712
6057,train,16843892758892447177
6058,train,12334634619399120889
6059,train,3064240143967328667
6060,test,5421508008796630008
6061,train,6473940291336993202
6062,train,9597785373628294842
6063,train,6561521913834159458
6064,train,9201130911337943614
6065,train,1218676009859134321
6066,train,14214286511704346242
6067,test,949480647628794028
6068,train,8221368532649264626
6069,calibration,5313910326836033783
6070,train,15938925264548720849
6071,train,7070595660818138989
6072,train,11596281982341126929
6073,train,3707581556598589332
6074,test,131636289103757336
6075,train,14679101537280169468
6076,train,746917575553497971
6077,validation,8251365527761934762
6078,train,5546844596359211374
6079,validation,5985435866411405535
6080,calibration,1381370135289328149
6081,train,10376613794341327775
6082,test,14619911886935526920
6083,train,6396568901762417911
6084,validation,4158270492950143011
6085,train,5432031727187516723
6086,train,15936812592874118615
6087,train,6605926788836408324
6088,train,11805531069456578188
6089,train,6675107039153138580
6090,calibration,10448409982917228129
6091,train,8421160791878036692
6092,train,9998669399490465245
6093,train,37165413889932863
6094,train,8850273122265543048
6095,train,604002859365407211
6096,calibration,1194916371425179843
6097,train,466784038488014223
6098,test,10749779485924809210
6099,train,3929578673086830820
6100,test,4492480187054116955
6101,test,11432598622396594441
6102,test,9160829625742509958
6103,test,11699992004478327109
6104,train,8704202890133499445
6105,train,3358080496045121404
6106,train,16575778400979216468
6107,train,17813093228780416723
6108,calibration,16633193534694041649
6109,train,14888925871473980763
6110,train,18162261870215458923
6111,train,7460306425562773105
6112,train,15382722754519871105
6113,validation,12032935224127302957
6114,train,10336292132708667453
6115,train,18268912331305149535
6116,calibration,11641798926703084688
6117,test,9233877879591350493
6118,train,813867015157055450
6119,test,9424809494740558106
6120,calibration,9483354447179532515
6121,train,5082760610703822416
6122,test,12879017625748566512
6123,train,854283234601379447
6124,train,5712807889228740360
6125,train,1044637239218559171
6126,train,18385719240207265823
6127,train,3222015151556269923
6128,train,8054329151099797575
6129,train,12567358254520344555
6130,test,14475914224185509296
6131,train,15233699320235887146
6132,test,6049005913388775341
6133,train,16817255156183924610
6134,calibration,928521694561711646
6135,test,1313350378571977850
6136,calibration,9603600061701230896
6137,train,11857984066449844310
6138,train,10848206099543231301
6139,test,11773507562773981190
6140,train,1803444485499470986
6141,train,5202692470291505059
6142,validation,6838439988039496502
6143,train,18366060396917623236
6144,train,16308521146296558734
6145,validation,9317198909831263223
6146,validation,5952658396008633201
6147,train,6761600273175447105
6148,train,7800733161428556751
6149,train,7732425045542676001
6150,train,9288347013737274203
6151,train,4040200374723986802
6152,train,16692845683722340505
6153,train,13926339554747625288
6154,train,732437050372306198
6155,train,11322858327175175963
6156,train,12342162775658871578
6157,calibration,2481714414681039581
6158,train,552394460659783817
6159,train,8465822498173140770
6160,test,13469902886097370952
6161,train,4049991671941540262
6162,test,18434394159591598967
6163,train,10429209397469177469
6164,train,4264169100984220316
6165,train,14654327514469571535
6166,validation,10137501897811625500
6167,train,13002109140608401818
6168,test,11110821493170495706
6169,validation,11313762555299938151
6170,train,1044637239218559171
6171,train,9750579465520823993
6172,test,18011912081090115371
6173,validation,6225527062555762606
6174,test,9371167820411030102
6175,train,5633602629231608025
6176,train,8930409741807816628
6177,train,3908337678755449585
6178,test,5585776318123117732
6179,train,9584115426485725981
6180,calibration,8242099391329514660
6181,train,5292053074526957273
6182,train,7646433346269522311
6183,train,947737440252057383
6184,train,1223948942858779996
6185,train,17395674075924789584
6186,train,6687087015331674133
6187,calibration,12120655693861732922
6188,test,999703710686527500
6189,train,15986527716674544042
6190,train,7175788495687655632
6191,validation,8984862441608108472
6192,train,17070152745158124662
6193,train,10186781175923115297
6194,test,16398751829945794018
6195,test,18023474859703788005
6196,train,12594709450306509054
6197,train,12672211938973996869
6198,train,12843098476217257333
6199,train,9864190725790035282
6200,calibration,8396669684176305073
6201,train,11386296798369781833
6202,train,16927528610266273477
6203,train,14419350909401547571
6204,validation,15255847761033690685
6205,test,9358621500523678757
6206,train,4037540306234309309
6207,test,8859797424994770062
6208,train,1976381844362831764
6209,test,13084072467263463516
6210,train,3105376809724442625
6211,calibration,14363417877495742893
6212,calibration,9079367250497737181
6213,test,8109409868243291260
6214,test,12554104506927358791
6215,train,13650156303266494262
6216,calibration,11148194764077377438
6217,test,17106237267180381427
6218,test,17923396494341622641
6219,train,14665255049651680915
6220,train,5462481796349571365
6221,train,6501988414383725251
6222,train,8234778721196212002
6223,train,13637324480355032070
6224,train,8451007600104002071
6225,calibration,8535200227460239736
6226,test,9216163829208249883
6227,calibration,3066572364333498723
6228,test,4825630120038668677
6229,test,14027675874783648340
6230,train,9471028229918952069
6231,validation,6843008730415256894
6232,train,17846769504154541145
6233,test,9176420494485057494
6234,train,18163459954958860265
6235,test,14449944360566865471
6236,train,1714120890070251020
6237,train,5350735819554482387
6238,train,5832275031045119729
6239,test,18156006147042411298
6240,train,2116114132472120886
6241,train,16664746757695626609
6242,train,12361619230395230225
6243,train,4774943705929318273
6244,test,17658927224731188997
6245,test,15731888823078514766
6246,train,6268874911571733336
6247,train,12365627431879584299
6248,calibration,8738102725924475502
6249,train,5197013892844225431
6250,train,10432904283483322346
6251,train,5828015402400470238
6252,train,1194200041679171550
6253,train,1926986360322758598
6254,train,4144960282793457889
6255,train,15415469167197104350
6256,calibration,9533522850285167023
6257,train,5069982293831723941
6258,calibration,13891209654313107367
6259,calibration,8899564128340940609
6260,train,16322526000067668012
6261,train,10797415969971918971
6262,train,6614299975876600429
6263,test,11726441747988920246
6264,train,10821594147130459328
6265,test,9779585179021953025
6266,calibration,1971480361216064272
6267,validation,11264071017373155429
6268,train,18196878501375602241
6269,train,11014191602813722795
6270,validation,12998613702846703979
6271,test,796774283174821394
6272,test,5337279821599730588
6273,train,5693206630893345912
6274,train,14126422383659188020
6275,train,15452172108381288075
6276,train,12816633239306918746
6277,test,2829923759810797604
6278,calibration,18052570938721580011
6279,validation,10568973822376687110
6280,train,9908709179002756239
6281,calibration,8595110197479009304
6282,train,13772387203264215723
6283,train,1711578509561145821
6284,test,2884755121323612046
6285,test,5444894150788105914
6286,train,8008327668285145722
6287,calibration,5655599103938317687
6288,train,9518526316539776257
6289,train,16842319658057064412
6290,train,268103825797702386
6291,calibration,18140804437118891220
6292,test,14326233074343586749
6293,calibration,15707646391801442104
6294,calibration,6434432832158787768
6295,calibration,13226611851767996817
6296,train,4460808662417036762
6297,train,15515474314869806024
6298,train,4374890535947897344
6299,train,14090892531150103954
6300,train,6466036218649218019
6301,test,295935000148187623
6302,train,7574715157914616650
6303,test,11032186776648243375
6304,train,4249749789288510573
6305,validation,9604280479897182011
6306,train,12477032741581521962
6307,calibration,17268374634614327301
6308,test,4388658005232805035
6309,test,5915175162519567864
6310,test,17521874237502295693
6311,calibration,16110420349224660242
6312,train,8748346847750747766
6313,train,1847638896917532986
6314,train,16817255156183924610
6315,train,3300156668528084168
6316,test,12786316161391253317
6317,train,6403011593766524384
6318,train,18038737001585486907
6319,train,2177174264028070149
6320,validation,6888974392496121152
6321,test,4766103123735527180
6322,train,4103463287389387933
6323,train,4550330620879544556
6324,test,791672717108246888
6325,train,16124206437906631950
6326,train,2610159485487329021
6327,train,6314937633339799393
6328,train,14202473906586690379
6329,train,16307718723895981658
6330,train,6317361021813163407
6331,train,9342014092359272579
6332,train,14420853592143108594
6333,calibration,12331540523102090641
6334,train,10585960084071730743
6335,train,14313796296377138325
6336,train,17463660779882306787
6337,train,11244991402518375020
6338,train,7376872618634006401
6339,train,2071090766182309098
6340,train,13554488960221124411
6341,train,2051655676995587411
6342,train,13145139670752802366
6343,train,2038940276004009542
6344,calibration,717263948985504409
6345,train,10974060848192434492
6346,train,14665255049651680915
6347,validation,15393094442757701662
6348,validation,11376404868930102533
6349,validation,2315062941268006713
6350,train,14604278816450848293
6351,train,865909731673885786
6352,validation,17817177348978063591
6353,calibration,2602179865422060726
6354,validation,16525545844962597064
6355,validation,13820322077697601667
6356,calibration,17906544506377471921
6357,train,13593826881259041388
6358,validation,5819196933919379113
6359,test,1401320231669022837
6360,train,4577974516268690472
6361,train,10494614928063123065
6362,validation,5250977025188640987
6363,train,10882508412041665630
6364,test,18226612129015657456
6365,calibration,1195644216441757460
6366,test,8404453668115473870
6367,calibration,10646876550239811641
6368,train,5432281001366290471
6369,train,9394801220017598731
6370,train,1848953144538144668
6371,train,9318674773749136859
6372,train,14324558370665807302
6373,train,13348345637686916005
6374,test,8922025235046399204
6375,validation,4239174527334522716
6376,train,2143966788804418700
6377,test,2652391583327618524
6378,train,16834455655503443578
6379,train,115986202630419998
6380,train,351500406676493280
6381,test,13383054804338236562
6382,train,6702027003386219017
6383,validation,16047353571540236950
6384,train,16330875687877558903
6385,train,4542840213532479208
6386,train,6790400594808653265
6387,validation,13017309159770038271
6388,train,11117085866493396136
6389,train,11647648384902685508
6390,calibration,10153453910494982555
6391,test,6396179751452203981
6392,train,7766645046910015767
6393,train,4110982863732710149
6394,train,2226578459270156501
6395,test,7780235693468942474
6396,calibration,5301423592625944596
6397,train,10541718118170390257
6398,train,18287919999848927100
6399,calibration,8271741327037589026
6400,train,4032957760230865296
6401,train,240751166550163845
6402,train,5308236437250733860
6403,train,1117035773187676604
6404,train,11692159938242359168
6405,train,10220859220859766385
6406,validation,5403160149745470257
6407,train,3553148755774001709
6408,train,8586828826818949087
6409,calibration,13250674562393045101
6410,test,1860528333707580893
6411,train,7618056071808502620
6412,calibration,10021175552619904868
6413,calibration,10739517748454998260
6414,train,12403725300663210865
6415,train,16445175945175298675
6416,train,17555355734202140836
6417,test,2479638853593990017
6418,validation,335675347437590020
6419,train,13014690109290234607
6420,train,5100306902865777378
6421,calibration,15871671481965510532
6422,train,11431334489390064585
6423,test,17603972008018882926
6424,test,692862611004251131
6425,train,3225077227611662600
6426,calibration,8390745677168113468
6427,train,14827256554464484007
6428,train,1345720880330879963
6429,train,14906779091568602863
6430,train,9837774438268555732
6431,calibration,3342163544065977769
6432,train,7168955639539631447
6433,calibration,15975463201492510242
6434,validation,15629449696713641347
6435,train,4684395951315789588
6436,train,1039330310928152756
6437,train,12204031494165870319
6438,calibration,5404788599042183717
6439,train,18052932626272788471
6440,train,3580012255007580060
6441,train,6403881667322259737
6442,test,10508043579371155919
6443,test,7050189567611137941
6444,train,15592710206767708162
6445,train,1544467628682813735
6446,test,13226832248645208250
6447,train,5672367293134847266
6448,train,3007454970244895845
6449,train,13236387182197643411
6450,calibration,1450032884525461990
6451,train,4088373021999522814
6452,test,18166673220625350948
6453,calibration,14949626308428522658
6454,train,8758873558056969571
6455,train,2490689440521194
6456,train,7089348133055476333
6457,train,14081635859216292253
6458,validation,18109984990087522828
6459,train,2881444670918533484
6460,test,10285067266758505267
6461,train,13149215211362122147
6462,train,8647583100277580009
6463,train,5636572304279621877
6464,validation,8102347885722776834
6465,train,6137626719147715989
6466,train,6291016974581317346
6467,calibration,14019284257404749622
6468,train,7281721586885069274
6469,test,2977152576884517815
6470,test,16524325132131919513
6471,train,9368869847031142327
6472,calibration,17560703970230673481
6473,test,2919287253600042298
6474,calibration,17319101573774025776
6475,train,12612278724010718931
6476,train,16817255156183924610
6477,test,2379214214447584050
6478,calibration,17146366348887259127
6479,train,13646643111277061393
6480,validation,6234029332145666842
6481,train,18159362524028299849
6482,train,1711578509561145821
6483,train,1140729888812589316
6484,train,950751824242650286
6485,train,13900523115937827638
6486,train,10753925939635676996
6487,train,7019004825413954582
6488,train,10050614964407922061
6489,train,5489031457485643893
6490,train,6938950972164138575
6491,calibration,11052396798133754004
6492,train,17837425900479140468
6493,test,6888410621474992309
6494,train,17290920337935899529
6495,train,15423271489780532196
6496,train,18299656800495416466
6497,train,5122241994784568025
6498,validation,250310171472105911
6499,test,9844176137947902444
6500,train,2097089417371193176
6501,train,8046045112647099110
6502,train,15131206194481562398
6503,train,3177226191354644148
6504,train,2245991124365720981
6505,train,13416386847145223698
6506,train,15074823758387001738
6507,train,12053915047058614407
6508,train,264854567704639554
6509,train,3772281020103509828
6510,train,4100390734444913416
6511,train,15474339607843437979
6512,test,11006174413961387178
6513,train,16817255156183924610
6514,train,18394753319910534670
6515,train,9495002937272975098
6516,train,18253897693230829533
6517,calibration,15917009612174624007
6518,validation,5880457142814118758
6519,test,16489552518904603179
6520,train,2369683255553290144
6521,train,15531318892436836904
6522,calibration,3751506177175067915
6523,test,8003444949040303853
6524,test,840002423865156240
6525,train,6793815824096509582
6526,test,10432720246318575143
6527,train,15863869676390331521
6528,test,11348086703831939942
6529,test,15718627249508439070
6530,train,5082465022860192148
6531,train,5258501759400725343
6532,test,2900075616866004694
6533,train,8224494988438935573
6534,train,1185521719231962230
6535,train,11405668052338314173
6536,test,16452562196072293275
6537,validation,15752664791985030101
6538,train,35029573071042983
6539,train,16092423334949242855
6540,train,10706385091260160632
6541,validation,2178534561154817236
6542,calibration,13955201197366237426
6543,test,12825969356325177330
6544,test,9560625784314655154
6545,train,14082333096275252247
6546,test,15819440600636431048
6547,train,4070614542358196291
6548,train,14769146395329067040
6549,train,601130412554380051
6550,train,14674869626912850132
6551,train,3998879824344323858
6552,train,11062253995847340780
6553,test,2037570419824552803
6554,test,2167775953486973231
6555,train,1600673283001979148
6556,validation,10261717601772223013
6557,train,595048681366220044
6558,calibration,15146747133304676178
6559,validation,18004835909483630708
6560,train,1527235035767657837
6561,train,13488920322921002037
6562,test,7455790219922247432
6563,train,6813503354145541564
6564,train,9331490225540444669
6565,train,18392608464712270478
6566,train,8451724699175323757
6567,train,12242033978885312532
6568,validation,17579357944669465800
6569,test,6477885172965215304
6570,train,11428550188991254722
6571,test,4583406384314685331
6572,train,9459803143267171216
6573,train,17563895322343818091
6574,train,7551907173601564723
6575,train,14003890618221824396
6576,test,2557998863128088556
6577,validation,6433118954846805838
6578,train,9572583813464544321
6579,train,16841853609134656989
6580,train,3110893262595440375
6581,train,6345062454951538730
6582,train,16080609589278178535
6583,validation,17722294735978388485
6584,calibration,7373657290987923080
6585,train,2617770513268387082
6586,train,16401158170467155416
6587,test,5978107584558614438
6588,train,5070750669352164342
6589,train,11009188288807422386
6590,calibration,15169132151174054194
6591,test,135516776250036008
6592,validation,5188812762718795481
6593,train,5585403372263551228
6594,validation,10044638103140562532
6595,train,6318129600735391492
6596,train,6220317039205999823
6597,validation,7555259252165094750
6598,train,9983415116257557234
6599,test,14089926599890465930
6600,train,6402862094242870129
6601,train,17944603765357694780
6602,train,6467870282281740127
6603,train,12493017659012342137
6604,train,1665026876757809618
6605,train,18230574110409672060
6606,validation,9619742221402379709
6607,calibration,4201238655500265987
6608,train,1145125555587309182
6609,validation,16933358460221789344
6610,train,1877241516893616988
6611,train,5620969484018845012
6612,train,11273286116904030539
6613,train,4613865799965567372
6614,train,8586978524735980903
6615,train,470534850589371035
6616,train,10398908341816603752
6617,validation,3248285468090605451
6618,train,16136755345553988229
6619,train,12386363998891538475
6620,train,8000028067646311998
6621,train,10664622732347948050
6622,calibration,1136012123970735780
6623,train,8144801221851769133
6624,validation,13750197840721128316
6625,validation,14326674991218385705
6626,test,154434284027347493
6627,train,9861643095538866163
6628,test,4220321960367124014
6629,test,1548756046107466480
6630,train,15777600356975292563
6631,test,2318622836039040240
6632,train,4813179167486375251
6633,validation,12882045703552626574
6634,test,17443044872444579573
6635,train,3926779786960198214
6636,train,2008645222047503129
6637,train,1642729782021085985
6638,train,9773866931329891095
6639,train,6552715672830511720
6640,train,8713009311130649198
6641,train,6897039917265832608
6642,train,15232727075647806088
6643,test,827229684286673468
6644,train,7991689360882482605
6645,calibration,14092058754818235042
6646,train,8082105496797039942
6647,train,10103167507787106528
6648,train,3598317242289381600
6649,train,2879401913045122470
6650,train,13516037312149081278
6651,calibration,3197313596896812523
6652,train,10140081289313593228
6653,calibration,1046375635715126384
6654,train,15506690153383143438
6655,train,208773078280761329
6656,train,9337114565447027418
6657,test,2538255275213510360
6658,validation,14864200910614522927
6659,train,2157270756174373580
6660,test,8340594975715706299
6661,train,15334714970155796032
6662,test,16506009135286799951
6663,train,2365673605293900992
6664,test,14426442017690536953
6665,train,17048542208954593283
6666,train,10184410031156243383
6667,calibration,3736649072837519423
6668,test,7431908063244277963
6669,test,8713533456032940099
6670,test,694335314795950270
6671,train,12134236416760555312
6672,train,8960051869505653405
6673,train,8089955517715768818
6674,test,16337776522311771301
6675,validation,9422823329722991927
6676,test,7209098836373603630
6677,test,3623516516124860431
6678,test,6914200383128841884
6679,validation,6145381618413079539
6680,train,9591671560345437583
6681,calibration,16060316228402618773
6682,train,18229361097485265360
6683,calibration,13295858906009163444
6684,calibration,17869323681752991490
6685,train,12262000522437230224
6686,train,10911931185012133183
6687,train,1298675539719974639
6688,train,3972002955905161362
6689,test,8039879581569860327
6690,train,13032214210779388963
6691,test,10515783374820221550
6692,validation,7311932454818660147
6693,test,5544652069362503079
6694,train,6680388201413580090
6695,validation,995409120715155877
6696,train,10398155521194457100
6697,test,12110705138365583568
6698,validation,2919948146399404332
6699,test,8214730830158337633
6700,train,16796799083771972965
6701,validation,2610946915163614904
6702,validation,15038861642180369515
6703,validation,3034231875355198547
6704,validation,12100649964285903899
6705,train,5897456835329487181
6706,train,11605357954943783727
6707,train,18029305359705485114
6708,train,12536062342643129348
6709,train,10434347801406779738
6710,test,11325371817886896178
6711,test,1707375363845792959
6712,train,13448944891688513466
6713,train,13397300368108870123
6714,train,8097356104527004024
6715,train,2963468860204884088
6716,train,888528365592399753
6717,train,17421439903858758910
6718,train,15418817292968889681
6719,train,1836878927508054545
6720,validation,4501854423449288052
6721,test,9491592300298716071
6722,test,10746730729661525788
6723,train,9397854116800460182
6724,train,5759569572771580460
6725,calibration,825443378437561484
6726,train,16413151454586834503
6727,validation,10245543028753761256
6728,train,3186742777061005548
6729,train,3997657782465029629
6730,test,11545784408784665136
6731,test,2982959802552040788
6732,validation,18353133285473585768
6733,test,905084682099121697
6734,test,11696025690179481815
6735,train,15831097668200783120
6736,train,5298428364838315024
6737,test,390039603299638306
6738,train,12855141219955824559
6739,train,12594403411888335490
6740,test,16469567948153023881
6741,train,17813093228780416723
6742,train,13928345605902254281
6743,test,8242367520893810660
6744,train,229045552719158046
6745,calibration,17347583674315202154
6746,test,16645455925222151524
6747,calibration,16708382888272525940
6748,train,17758591489749690566
6749,test,15072203284884913438
6750,test,6592769518505741081
6751,train,4419326389903942238
6752,train,17794451495794024141
6753,calibration,9049708166569149982
6754,train,16826204510629654269
6755,train,4491479341415383621
6756,train,1866217052996910414
6757,train,15793479868737584284
6758,train,2439732485689373362
6759,train,15504926703644716340
6760,train,14537563088778540116
6761,validation,2978010118895292123
6762,validation,14660206219503538245
6763,calibration,4743344172672998413
6764,train,14722622932020020665
6765,train,6471176445320993169
6766,calibration,1365799007992826509
6767,train,10503188705128337956
6768,train,9488049676975935816
6769,train,140448478707532914
6770,train,3558265720751901322
6771,calibration,10488432303925536224
6772,calibration,2052346475572319560
6773,train,15216813788192852614
6774,train,16880975728889120531
6775,train,15633007523752483990
6776,test,10884842053882781798
6777,test,14429238674404725123
6778,test,6514732566900020551
6779,calibration,2210356248175370101
6780,calibration,13290548257982150146
6781,test,10910591902889237911
6782,train,9792658421980078595
6783,test,14114707684311316342
6784,validation,4862320068526698735
6785,train,9346808152035785489
6786,train,16357510442445904295
6787,train,9848787753681021835
6788,test,9496241631392204138
6789,test,16481755816710269980
6790,train,6258589896404173599
6791,validation,5742720957593736502
6792,train,4744055677363963428
6793,train,10703269103545952578
6794,calibration,7542801683032385990
6795,train,10594846016975406023
6796,test,4017848289075419584
6797,train,14723341989868809836
6798,train,2822954900124276389
6799,train,7333339996305236729
6800,train,8241865965627609100
6801,train,5301467284371753595
6802,train,18108387695958022134
6803,train,5876849908617470924
6804,calibration,2645239041231143233
6805,test,7455790219922247432
6806,train,14842797872484789633
6807,calibration,8199907762292377544
6808,train,13848666262495478990
6809,validation,17213170438832878313
6810,test,7197306921791759089
6811,test,7931704603482131128
6812,train,6532061160954815468
6813,train,17768518605622712712
6814,train,7269454201466214154
6815,calibration,12335337434142386567
6816,test,5048643090117733406
6817,train,12912674097159249794
6818,validation,6357659320424096758
6819,train,15413455119450785622
6820,train,13544756869358147141
6821,train,3209604635437408877
6822,train,17343389705373295518
6823,train,13728530110997606629
6824,train,2401205048479563114
6825,test,213416091267465389
6826,validation,17469536970009663325
6827,validation,14120662093610112829
6828,train,11555869294641827200
6829,validation,2658286280617741855
6830,train,18050548556965538101
6831,train,17673957174781711680
6832,train,14694735791268516584
6833,train,3433243022411847818
6834,validation,3883110917416146986
6835,train,14063263310906665652
6836,train,6800467240092031569
6837,calibration,17421914279020874676
6838,train,8517035225476548957
6839,calibration,12597947399362597029
6840,train,10063435434987796761
6841,test,5811943606694776454
6842,train,15300629715711065777
6843,train,6376503504731761400
6844,train,4323189314516077203
6845,test,8093641618866396868
6846,calibration,8094135775901441307
6847,train,2098944929825434195
6848,test,415768480932811189
6849,validation,16208158686808675736
6850,train,4745838335194432568
6851,train,9662484256347252544
6852,validation,2432163247237839622
6853,calibration,2892042450428556040
6854,train,10294663661395956312
6855,test,1295835176885245580
6856,train,14756142836950115127
6857,test,16224586731117880972
6858,train,6039760960535172242
6859,validation,14661752008071010847
6860,test,8334860552778142638
6861,train,11902837546244049345
6862,train,1868222828439229445
6863,train,4911151238326705246
6864,test,9815832649989394427
6865,train,3874229264241422840
6866,train,7813091134277795747
6867,train,13261515938540254836
6868,train,6079137609067673594
6869,calibration,4940277895134322861
6870,test,4898486384675641397
6871,validation,17195822787412608642
6872,train,13719821557613448035
6873,calibration,16662601492821218764
6874,calibration,7389773420717639511
6875,train,12396123469917477419
6876,train,17514469432029654423
6877,train,13491760193090856945
6878,train,15954591180990449475
6879,test,12109759769715758528
6880,train,5047989603764370413
6881,train,8697283563078546576
6882,test,6519458210336161287
6883,train,4846997792476758784
6884,train,15524843681643701079
6885,train,17119562764675873802
6886,calibration,3995390891600821962
6887,test,14913620878408740202
6888,calibration,6306162194996195651
6889,train,7606167357110531988
6890,train,17777141637727115400
6891,train,10602441410205296994
6892,calibration,3034343713103070402
6893,train,368744797869764867
6894,validation,3673061696075946431
6895,test,12481914843831736924
6896,train,12814944744341717357
6897,train,1324538950986871181
6898,train,7823196320094276027
6899,test,330383249962028947
6900,train,594722989384876015
6901,test,18300118859572484366
6902,test,7045143401750783390
6903,train,5740867046083009894
6904,test,11523215343516708201
6905,train,3972115325019269462
6906,train,4259784914575594013
6907,train,2660260301398182246
6908,train,9538740750505397304
6909,train,381857976125779433
6910,validation,12269147867958612003
6911,test,814306478049937305
6912,train,3692034104873584387
6913,train,12364317840313111429
6914,validation,18250544406855787940
6915,train,10275450323870627929
6916,train,17777028540587980660
6917,test,15329281081362621619
6918,train,8437966364757246020
6919,validation,3776359248193718316
6920,test,16750314104795575202
6921,test,4607923356898086859
6922,train,15165912730506615951
6923,train,18000813142112190398
6924,train,1811243707380273723
6925,train,7513437911251511938
6926,validation,773306181559766464
6927,test,2073649852687089667
6928,train,11199206407845714254
6929,train,14017877909193888902
6930,calibration,5279850488313063967
6931,train,3756693497241543922
6932,train,2280873779137310568
6933,train,6647530272767789396
6934,train,6710845905974153303
6935,test,2316899300761996152
6936,calibration,11513425221097294270
6937,train,11088530035163156244
6938,train,6586559458210279151
6939,calibration,3714912992492340797
6940,train,5672832482891922013
6941,test,8453362995937408867
6942,train,1876196273610145704
6943,train,17372252967854143839
6944,train,3536010674643986435
6945,train,13315649476322346261
6946,train,13288297843265514838
6947,calibration,6782071552384507753
6948,train,13865953954541218666
6949,test,1253995768716825700
6950,calibration,770457983119086490
6951,train,9458371534392690807
6952,calibration,2244089436167370370
6953,train,10521513750191985126
6954,test,9622842936024837384
6955,train,15064100852712890949
6956,validation,17236410704030154369
6957,train,12879404486857685306
6958,validation,6333539725902227865
6959,train,5366961054235555990
6960,train,13396879581554164441
6961,train,8313253121587117918
6962,test,14083145751159459645
6963,train,15198253482594248096
6964,train,10851031784664572496
6965,validation,16939234084753584265
6966,train,2728059933850955642
6967,calibration,13849848490173338438
6968,train,659145563369534626
6969,train,8436895066485131573
6970,validation,16353255889605373283
6971,train,1908493663320595678
6972,train,1014194340145596325
6973,train,15443307262319127215
6974,test,11277287261266252806
6975,train,1163669911599366279
6976,train,11582077681657405193
6977,train,17369826509266385878
6978,train,2262241137389088405
6979,train,16651835776701902091
6980,train,7395768515293289301
6981,train,3016865921449951657
6982,test,13151617072561326915
6983,train,1909031035770361763
6984,validation,7979862770724591597
6985,train,14471003421974339518
6986,test,17726720668204990056
6987,train,15373943263655573698
6988,train,8148312283746949284
6989,calibration,8448186157464293029
6990,test,9929261755772029259
6991,train,244256343946174270
6992,train,13721776654999303908
6993,train,6890788453671447804
6994,train,4057252218008196574
6995,calibration,4942923354505722412
6996,validation,441847939686223557
6997,train,12047395796487825467
6998,train,1642534462867832026
6999,train,14595717031004767917
7000,train,3573105656942454626
7001,train,7143086771102433195
7002,test,4150733250098063288
7003,test,11285266614470081149
7004,train,1109655830454868072
7005,train,16928930771207328189
7006,train,3041931882938724674
7007,test,13321455680325145255
7008,train,7128025952149129319
7009,train,9237186851289208235
7010,calibration,9811264100353527768
7011,train,8843470236915048427
7012,train,13482143233853606860
7013,train,11237920460098883270
7014,test,10520374739255152055
7015,validation,17126246361318036961
7016,train,9693465658475775420
7017,train,4430008146217191007
7018,calibration,14838615488281486397
7019,test,2410727201705438213
7020,test,17883199356585065072
7021,train,3283890405055681359
7022,train,13900994073777398117
7023,validation,14626899427169311592
7024,test,16595604702284279569
7025,train,18240472699464563046
7026,test,2837348339583891356
7027,calibration,3459570179351397847
7028,calibration,9191062813772373214
7029,train,8951261662618339517
7030,test,11541844169367746424
7031,test,13135737970699645825
7032,calibration,7961560872112700822
7033,test,11778183154963456632
7034,train,12700256775145493735
7035,train,10014241264257779189
7036,train,17809045211468326550
7037,test,217195301975735890
7038,validation,5657218727945408505
7039,train,17659554503299146005
7040,train,12762910629108687776
7041,train,5327358323649770023
7042,validation,17685268321377399925
7043,test,15389510073632895541
7044,train,3506778429467957328
7045,train,2574537373138970553
7046,train,552235466771009744
7047,test,14952495191817516456
7048,validation,7231022062247141367
7049,train,2610643484517540657
7050,train,11780174368827487727
7051,train,4836054506262061640
7052,calibration,7645546328412473858
7053,calibration,13950524427866708332
7054,train,5012950785077586701
7055,train,8282226566669118328
7056,train,135839096198119781
7057,calibration,5012657385545645717
7058,train,6705261060752607706
7059,test,5397392890017747462
7060,validation,7694425956163421327
7061,train,16296162724745834125
7062,test,2456121398304675506
7063,train,6664769823507607217
7064,test,5036857370116332045
7065,test,1701771063855051164
7066,train,9594312080307133630
7067,test,9741549805506843926
7068,calibration,2969066404234510299
7069,train,15169235263266681524
7070,test,5175084166003883650
7071,train,18324971801620936235
7072,calibration,17363597920331295434
7073,train,903196115591337618
7074,train,11653520040711710479
7075,train,14901863241588359266
7076,validation,4418411075407681656
7077,calibration,252647509230555192
7078,validation,590828141248747802
7079,train,8359716315178962800
7080,calibration,1313438510020589860
7081,calibration,4134467907148354709
7082,calibration,4282869148076387578
7083,train,8268964473732965253
7084,train,13727834410595203980
7085,validation,1377621182099990858
7086,calibration,14019284257404749622
7087,train,12213153902966905835
7088,train,12415168060457342458
7089,test,7650756011023412140
7090,validation,3308889898431209478
7091,train,11586448859703558524
7092,test,9149181475428081619
7093,test,15346796241180365845
7094,train,785507520256690559
7095,train,16571807384751836498
7096,train,13644495898810463934
7097,train,15506801471161268886
7098,train,1194048090593624939
7099,test,12079919004994347767
7100,train,6460143407311783134
7101,validation,11254108278627437595
7102,train,4992373966551056751
7103,train,7246922163634190066
7104,train,12688917624082400291
7105,train,15174241701785298431
7106,validation,2574376818562016926
7107,test,18388481964195842968
7108,train,17226981583482495238
7109,train,9899417893097802365
7110,calibration,16406330195483267503
7111,train,7013394430708971325
7112,train,7512257394525956029
7113,train,9046818258015259620
7114,train,10917454342930905358
7115,calibration,9496575445451132281
7116,train,12662281100823805294
7117,train,2723227624732279114
7118,validation,8400137013707517863
7119,test,8301407467603459436
7120,train,6496889162023857752
7121,train,6088577112446076746
7122,train,9064775239334943689
7123,train,14970930676952325469
7124,test,13383084422497552402
7125,train,5884313457871756134
7126,train,16330600350558585745
7127,train,9990961801042715689
7128,train,4737715382917789257
7129,test,18259974237021690996
7130,validation,13152438919055391864
7131,test,2573445515943319224
7132,test,2479334048853971916
7133,calibration,18376885620105196864
7134,train,12418102658011460166
7135,train,12635667657122446765
7136,train,3753742177217884658
7137,train,1409761630754888697
7138,train,5610216818394105607
7139,train,6307665569771527512
7140,train,210852663199012544
7141,calibration,16060234121689706293
7142,train,7705642191747697645
7143,train,2482084521847100546
7144,train,10428265038752956410
7145,train,2872277957263420671
7146,train,5887436492276459381
7147,train,3014009775158344322
7148,test,659585663166209947
7149,calibration,4743344172672998413
7150,train,8827594517933341976
7151,train,14350615938049413882
7152,validation,8400795237335916081
7153,train,1814850799128357713
7154,train,2772395239349886242
7155,test,7324100660079531972
7156,train,14686423858984278341
7157,train,6211305525170166650
7158,train,15064100852712890949
7159,validation,401920293528799046
7160,validation,9189757346855992412
7161,test,1799318140556070718
7162,calibration,2984305586989491170
7163,train,10367114235880670188
7164,validation,6652763048034908063
7165,train,4510888298779957109
7166,train,11333081749141449475
7167,train,15041279744265859863
7168,train,1154497720155036154
7169,calibration,13956994487820071454
7170,test,325687136386431763
7171,train,1711578509561145821
7172,train,13600063614987034625
7173,test,5569284129759133415
7174,train,6330480828211172739
7175,test,8780823131441850292
7176,test,15764244153402093578
7177,train,297403320789025260
7178,train,14604278816450848293
7179,train,5273784212547167679
7180,train,594722989384876015
7181,train,9921214148030267299
7182,train,4627791390918408880
7183,train,15928571520322043565
7184,validation,13424756940569055680
7185,train,17432402121536595411
7186,train,2888317144826808082
7187,train,377724700310608644
7188,train,685299655546925801
7189,test,10988946999528724546
7190,train,4195306800417375762
7191,train,3111102810205375439
7192,train,13568352032373576368
7193,train,3545050328227579060
7194,train,5694877721392013958
7195,train,2289783948480185448
7196,test,12139250432860637544
7197,test,1481841947190173612
7198,train,16674401893006090195
7199,test,9088070047211764721
7200,train,15002837870183736267
7201,test,14193765865528617304
7202,train,24881923877130687
7203,train,3273800313540974532
7204,test,10320023382920712235
7205,validation,12570534947501115345
7206,train,6382864020020165559
7207,train,13390375928712927116
7208,train,1072913846080774499
7209,test,6604264758482449072
7210,test,8233294462119310080
7211,train,17200872663466710297
7212,calibration,17304453983474297934
7213,train,969728024253479965
7214,train,11845563797806031288
7215,train,14206217382757698016
7216,train,17371043043247438232
7217,train,9431242276179748192
7218,test,5544195740216497936
7219,train,15413357487567783903
7220,train,9298652524399600184
7221,calibration,15759441914533508033
7222,train,14200584940156014080
7223,train,8910927364784155720
7224,train,16525406791863081002
7225,test,18341590670563257271
7226,train,6955894306104583962
7227,train,12512164534870489453
7228,train,6355808707395109352
7229,train,9295434055151396231
7230,train,1936612600492344745
7231,test,4186294088613510146
7232,train,15076953200820614392
7233,train,4063969280220838987
7234,train,13225182477923100172
7235,train,17346868319340071725
7236,train,3961365445639490177
7237,test,11061122655076634349
7238,train,16748863194297014618
7239,validation,4017332965600767542
7240,train,9764726022272014730
7241,validation,4678791541304305699
7242,train,9563474489033865511
7243,test,13046945761354409606
7244,train,7619375955632722694
7245,train,18045471246701238319
7246,test,12400647803695772570
7247,train,15895295638925080567
7248,validation,11004452435325871388
7249,train,9544965309508746049
7250,train,12264525119230418474
7251,test,1598660815012280336
7252,train,7219120918460228668
7253,test,17845880228053021347
7254,train,14679244772859815170
7255,test,7412057416121983520
7256,train,5685399716888485951
7257,train,9560420016018635812
7258,train,11229876540103312525
7259,train,12840154749289138482
7260,train,6045498440647030932
7261,train,11575689555976758485
7262,train,612385085825324041
7263,train,9040136090147723635
7264,test,8719724113384027674
7265,train,13505301962379114542
7266,train,1044637239218559171
7267,train,16817255156183924610
7268,train,18402628252739399422
7269,train,3002157234211770368
7270,test,9411513462345521478
7271,train,5606332784746312596
7272,test,17672983354763596930
7273,train,15570765269359895332
7274,train,12968405184343310737
7275,test,10004461269303131992
7276,validation,2452136489563641539
7277,calibration,17996764402555470373
7278,validation,6803880238216462156
7279,train,15460534386307642171
7280,train,8393100428622912573
7281,train,13148160874606080402
7282,train,11186897520195230200
7283,test,18260266951175251269
7284,test,11967475496761750488
7285,test,9022383806217827721
7286,train,9727153507834152565
7287,train,14443539491304148964
7288,train,8201801881445071280
7289,train,5785333452281018693
7290,train,5452217737765555563
7291,calibration,11589617377267328982
7292,train,8737636672364031474
7293,train,7680405068133841353
7294,train,2146103291169997675
7295,train,16628250563661658907
7296,test,17586582011214584328
7297,train,11810329788817885488
7298,train,1456399042788997044
7299,test,6905369648218367758
7300,train,12173188973338688564
7301,train,10232873402097202312
7302,test,17880665447045895560
7303,validation,15527310717000573966
7304,train,9742806192625286650
7305,train,3269348880223231285
7306,train,12688800193861571522
7307,train,16033674911167350306
7308,train,10155658684417697919
7309,train,16655985819208429834
7310,calibration,17490921786175060000
7311,test,6850426458586157448
7312,test,5539795647059619000
7313,train,8321480219428026187
7314,train,3153606990298270225
7315,train,17144215959664674398
7316,train,16404156579933173441
7317,train,3403202973971448556
7318,train,5186546704097565106
7319,train,14195585430464119641
7320,train,14604278816450848293
7321,test,12584581844345689056
7322,train,3034151772054926895
7323,train,12204535637018943665
7324,train,10632630763380176912
7325,train,14912493332017806108
7326,test,5162832508579440558
7327,train,10769317931020202025
7328,test,17363559771829535482
7329,train,16049178836103251646
7330,calibration,5084376510523328049
7331,calibration,887773690050544407
7332,train,8437303464387612558
7333,test,13524904432239910717
7334,train,16919167029324013922
7335,train,3057975075920442533
7336,train,139823945017610438
7337,calibration,8224937907287679511
7338,calibration,3237081507435844199
7339,train,8903385708006763008
7340,train,14645988443581457135
7341,train,10839667440696783890
7342,train,11773537757654841813
7343,calibration,219030554713037586
7344,test,4370191924228987149
7345,test,5173288341845126654
7346,train,3507249861794491660
7347,train,2948984702661232251
7348,test,10265801066377710790
7349,train,5207209872008242079
7350,test,3532833241756925662
7351,train,9040091452551434575
7352,calibration,10478934483698692033
7353,train,970724482002793065
7354,validation,7567169913421766420
7355,test,4874926939784029423
7356,train,3768650064193617030
7357,train,11578568744408527915
7358,train,11195962077505645811
7359,train,9597946834058690747
7360,validation,1806067081634946450
7361,train,2868243586868366496
7362,train,13177856634838596098
7363,calibration,8081912873179831731
7364,test,15686286296470028369
7365,train,11936502819693368019
7366,train,14307517799447632333
7367,train,16357510442445904295
7368,test,14882444983944618189
7369,train,12052265752821029472
7370,train,3230809413005986154
7371,train,9070624650532628552
7372,train,17869169822933406002
7373,test,7330059844794908342
7374,train,16817255156183924610
7375,train,10346688821828942823
7376,train,17158684971017342559
7377,test,3912784406225179204
7378,train,1458993558642706102
7379,train,11827705549219156107
7380,test,45430728613776902
7381,train,14392870517926792130
7382,train,11676515958260309388
7383,train,15744800947409960190
7384,train,14354803049658567273
7385,train,2865637193720828418
7386,validation,14183389340854001458
7387,train,8244133997726578366
7388,train,15118221156760412205
7389,train,14041242792277782565
7390,train,15397949403423111568
7391,train,17230707104771235726
7392,train,12586757697612989
7393,test,2690070594692774535
7394,train,13640661394498034687
7395,calibration,13130530150755444853
7396,test,17044411817991145297
7397,train,6177517120335031860
7398,train,16817255156183924610
7399,test,16967675470611367489
7400,calibration,4261800882641141257
7401,train,13519740126967938259
7402,train,9361568640667793
7403,validation,18111095527488843693
7404,test,1114999539604599936
7405,test,13393226452031565444
7406,train,83884530142472310
7407,train,4076535838067934405
7408,train,12447638526375441044
7409,train,2726495871990385704
7410,train,12865157852229303512
7411,test,1546432609984035930
7412,train,15900613178521037142
7413,train,1711578509561145821
7414,train,1793841769601103028
7415,validation,2248509924727207683
7416,test,11162650057056490509
7417,train,8416434112911583483
7418,validation,12795213864609815032
7419,train,14097234926870131267
7420,test,15083273831564707538
7421,calibration,11701844764069529936
7422,train,1164458186038058337
7423,validation,2118103784020940621
7424,validation,14047307204282567473
7425,calibration,4317991309897128878
7426,calibration,13904256347481332617
7427,train,4361298609718994461
7428,train,12484780130515341367
7429,test,1148054322511326777
7430,train,2023775421018725693
7431,train,7075619789038749967
7432,train,14379332779044119528
7433,train,8824258047247807673
7434,test,9286495290360745604
7435,train,14487326188613575650
7436,test,9322531212804716851
7437,test,6514420915896780993
7438,train,15928701476985919632
7439,train,401710861303928755
7440,test,12224609491542230672
7441,train,5908859199445611334
7442,train,14187603705399861432
7443,test,15892861489814369596
7444,test,13113857160632361638
7445,train,11483953232865540646
7446,validation,10793478204566748534
7447,train,16228014250250310361
7448,train,15724630138307646810
7449,calibration,15587565332160303350
7450,train,16182474067451301132
7451,train,13066975033970226705
7452,train,16817255156183924610
7453,train,9111015472880837880
7454,validation,13666142779154615207
7455,train,17983991000633741949
7456,train,7776240321294766962
7457,test,5386373659674473573
7458,train,14827166796127909578
7459,test,13440157002854099723
7460,train,3877246122912413199
7461,train,12521287344377256674
7462,validation,16277780096910096506
7463,train,696039460589095626
7464,test,12662222613649757999
7465,train,3759371615623568659
7466,train,2881906155583708142
7467,train,3690511817043373699
7468,train,16495840187912229715
7469,train,8385416229101455281
7470,train,16408759446701557875
7471,train,17944193690520030787
7472,train,9273724199945037865
7473,train,16302495703823625345
7474,validation,4429707654998478218
7475,test,17471019287208591357
7476,train,5042207652092935251
7477,train,15145735234976103119
7478,calibration,17508588460383700404
7479,calibration,15819385148290448160
7480,train,16968041069798548429
7481,train,12697005342430367072
7482,calibration,9590437410254701808
7483,train,4672988798575187079
7484,test,9862881081435210459
7485,test,3338868176379831129
7486,train,9042263050131037294
7487,train,15914926648699587033
7488,train,1871679962976055902
7489,train,12738384723287013827
7490,train,16978171862927313291
7491,test,8232469788685611336
7492,train,16670841771262096871
7493,test,7591232102601779244
7494,train,7783877067205789721
7495,test,1757906172044931406
7496,train,3739542250867954620
7497,train,4223403975072484018
7498,train,16432590414290481013
7499,train,10526218032466585720
7500,test,10702201342549534442
7501,train,15019860063566643823
7502,train,12634271537989689490
7503,train,8625647880887594924
7504,train,12136131270783141791
7505,train,2419740586900219465
7506,calibration,13255436304297924255
7507,train,1044637239218559171
7508,train,17066733121097704879
7509,test,16967615109633943205
7510,test,11929356020117506756
7511,test,1585818116944391083
7512,train,459997945294093759
7513,validation,1084404713552337385
7514,test,13650926482835354132
7515,validation,7364907265162076003
7516,train,3356046898762580567
7517,train,16451718528246209486
7518,train,13487180306542999146
7519,calibration,2741843327233422700
7520,train,3277031976330883975
7521,train,131960806403530908
7522,train,12637412020520770451
7523,train,15073168147294232527
7524,train,10917342615302922165
7525,test,13066708693668483017
7526,train,15498578409541647401
7527,train,6942807799457176477
7528,test,1307249980254342241
7529,calibration,4743344172672998413
7530,train,11574306877329876066
7531,test,2823205809483580585
7532,train,17642318081663159889
7533,validation,15139077402684473811
7534,calibration,17472795293079274914
7535,validation,15451154124236993090
7536,train,7613407315463997879
7537,train,17035058755308623672
7538,train,727969623729189759
7539,calibration,16959072686079827288
7540,train,3021581723434185669
7541,calibration,10170736244202833033
7542,train,13947894776478566613
7543,train,7865900669744254285
7544,train,5565224817334748099
7545,train,14391128952954392422
7546,train,13625284807396246512
7547,train,4938670877890856130
7548,test,8699498293452013826
7549,train,8897931299641809202
7550,train,11411137308628896880
7551,test,10834513850175187428
7552,train,12454155636207501559
7553,validation,2429431966008091670
7554,train,10169746457182184479
7555,test,12959161591892218849
7556,train,16226429403928178123
7557,train,1859967746163558114
7558,train,13503868117259485494
7559,train,10151391974431003131
7560,train,5571528179592770298
7561,test,13047910881215604670
7562,train,14024782179827763643
7563,train,5139897594002133429
7564,test,1548617620297216173
7565,train,11598805196190083440
7566,train,13574610633155814723
7567,train,12104648086941797426
7568,validation,5332778765345049137
7569,train,13613572787899397557
7570,train,961164342034911240
7571,train,18210069924353994576
7572,train,8149046767779797785
7573,train,15113132982577828218
7574,train,11535920488758746038
7575,train,12264525119230418474
7576,calibration,11966596678737097299
7577,train,7889952243408390342
7578,train,11852883287347357261
7579,train,17703085322678070313
7580,test,5149292619585841112
7581,train,14603171575555915450
7582,train,5148286592316644698
7583,train,2494523667042923615
7584,train,14328516244595108072
7585,test,10465067638661946145
7586,train,6930604314081934099
7587,calibration,1970577334013670739
7588,test,17210533824893735763
7589,calibration,171631464557910529
7590,calibration,14854976521707515393
7591,train,10002217363361895017
7592,validation,8919521114345002855
7593,test,11203192348198217242
7594,validation,10119408580348544508
7595,train,6177801728713578411
7596,train,1711578509561145821
7597,train,7017167286729913419
7598,train,17350404623820773692
7599,train,12660352377215071491
7600,train,11873102206741182525
7601,train,17046763127108441916
7602,train,14772358676437016163
7603,train,17452948994569326943
7604,validation,3947437114224357548
7605,train,752439645500658959
7606,train,6006895307426354709
7607,train,902373016536500660
7608,train,14812611916562315475
7609,validation,4182671319538343776
7610,train,16859898313773685014
7611,train,14869753490555937875
7612,test,7010598752711800303
7613,train,644981082741245721
7614,calibration,2821010220060115934
7615,validation,17092969638798213553
7616,validation,17840677352437682234
7617,test,16906321830011597737
7618,train,792425401570464559
7619,train,12608461795112535253
7620,calibration,9818714515580862944
7621,train,11758821593618017962
7622,test,15609344927686026356
7623,test,3140847856035569226
7624,validation,10451247104889301553
7625,validation,16068199821004168761
7626,test,12521787357978792442
7627,test,3110149795960743612
7628,test,235928139702539884
7629,train,10808967224834956127
7630,test,14623862158839126155
7631,validation,11757051582017818362
7632,calibration,11921552460233213800
7633,train,1075978607335326438
7634,validation,12627935954328745634
7635,train,9862056674995179218
7636,test,5567486046135823548
7637,train,3040396706310314715
7638,train,2949994989155649795
7639,test,6200574913568959647
7640,train,6479945338576398011
7641,train,15083294989965584116
7642,validation,8595837493036869225
7643,calibration,7095879128021387874
7644,test,4871070290319800568
7645,calibration,2629948027610369613
7646,train,3405700203941764254
7647,train,4128795007596809462
7648,train,14464773027594825118
7649,train,13283709926666222440
7650,train,14054493145770950259
7651,train,5441781263212132959
7652,calibration,9192099518975093233
7653,train,9060291707218154422
7654,train,6252829138903345582
7655,train,1947248058868884821
7656,test,1505394639000871726
7657,calibration,12601302702351391023
7658,train,10677071206655624072
7659,train,11289719617986146808
7660,train,6114272060601033765
7661,validation,1997069604737830098
7662,validation,16954771434462873842
7663,train,10479649788866581247
7664,train,10505892941403868743
7665,train,18103271086084524261
7666,train,5037116164435740330
7667,train,5482889216335568351
7668,test,16207972810331043380
7669,train,17874314319556360832
7670,train,2209417635463608874
7671,validation,462091517928124846
7672,test,14670230926285638214
7673,train,16321335719430899302
7674,train,3611355519863513768
7675,calibration,536366166300655376
7676,test,29999923375239750
7677,train,6032742720569208355
7678,test,3373646629675883984
7679,test,11005879824054448595
7680,train,9340641800124197901
7681,train,13349179337941645443
7682,train,13053556336367526877
7683,train,7580249057767393427
7684,train,8451308967106897101
7685,train,8437780846873732418
7686,train,7257970204232767489
7687,test,12463232271326175438
7688,train,791593085409139176
7689,test,14625364670009216478
7690,validation,10093245591862277815
7691,test,17588778841616182266
7692,calibration,2631131720162871692
7693,test,774497094786503110
7694,train,13663309017696020167
7695,train,8813298179335087026
7696,train,10543554268676046136
7697,test,2620963336452041871
7698,train,11490541900667436911
7699,test,6437729300973383164
7700,train,9562831808719648207
7701,train,18313760682234844096
7702,test,6022077250394649819
7703,test,10429919073813867782
7704,calibration,6227357691739689084
7705,train,16950153973459509884
7706,train,14377527456887671364
7707,calibration,17402348319027105548
7708,train,5737503584526536987
7709,test,6783512458339922705
7710,train,15549874449303449572
7711,train,2892879415204567817
7712,validation,13296774282259606322
7713,train,667965642781409944
7714,test,3990916922477697084
7715,train,10950251167765731378
7716,train,12367435068227380372
7717,test,17861069314571824749
7718,train,16652984051363823575
7719,test,9875353828348206298
7720,validation,5909512509262650139
7721,test,3899936878893510972
7722,train,16817255156183924610
7723,train,4973927032121817336
7724,train,2396760056753950799
7725,test,1886707913925110833
7726,train,5550023227877026246
7727,calibration,4743344172672998413
7728,train,9611575291539459213
7729,train,5333940362504870941
7730,train,10259939315367046959
7731,calibration,3127320219832532478
7732,train,1689871323453640362
7733,validation,1864007322429096015
7734,train,15999995952092303398
7735,test,17336707249309408322
7736,train,2863646488670595671
7737,train,10371162973011741274
7738,train,4696018412460147853
7739,test,8693950327031573359
7740,validation,17121744588823575765
7741,train,4292676349707001044
7742,calibration,6249928164983289032
7743,test,14300521124599714947
7744,test,18269339429307904343
7745,calibration,4482721537428591176
7746,test,2966636717680194897
7747,test,9233877879591350493
7748,test,14807663723149913130
7749,train,7756444167092431999
7750,test,9758842965377127444
7751,train,5248964458290441691
7752,train,3439713352252645510
7753,test,14553411588773260951
7754,test,6331522726976282756
7755,test,15603152223235233112
7756,train,4510665050975915493
7757,train,6628485028594136163
7758,train,3231358737212800848
7759,train,2940320070253589189
7760,test,15034653420043697898
7761,train,9129251382191918960
7762,test,13162867859154238310
7763,train,14288802294366671960
7764,train,11186218993750964966
7765,test,13209738168004830586
7766,train,7306006725825259552
7767,train,3786042443094858083
7768,train,5649834474694616383
7769,train,13037109480923321078
7770,train,15292257306865826459
7771,train,9676308792491093856
7772,validation,8063115876607197114
7773,train,3625461450336291059
7774,test,3562261410935710013
7775,validation,12599275545414089093
7776,train,4152992240431434566
7777,train,16817255156183924610
7778,train,11903479909410907386
7779,train,16262112885596463484
7780,test,7680057840485843866
7781,train,428189289632434705
7782,train,12482300385978873350
7783,validation,13119721987608279824
7784,test,14623128557727718697
7785,calibration,16833436388288932669
7786,train,8074120347661882506
7787,test,15873674308290900986
7788,test,8084100658115008260
7789,train,6433769130115848706
7790,train,16194835522455911551
7791,train,10210990841107872239
7792,train,12048182909873149054
7793,train,8736542528263543721
7794,validation,2841210176459369179
7795,train,1971052841240888440
7796,train,6378133662812693782
7797,train,9757514776949506561
7798,calibration,15314894793873816147
7799,test,794449312571487829
7800,test,12430580874310386651
7801,train,12168218890624517528
7802,train,5256794001195202510
7803,test,17946017258349792970
7804,test,11000833299238659974
7805,train,16263185848490704518
7806,validation,16483565485826817691
7807,test,6948200682349585931
7808,train,9779971440308801345
7809,train,13951970217304465931
7810,calibration,14319961265804095125
7811,train,1699708101057980925
7812,validation,12905700921148218627
7813,calibration,10215744729418402504
7814,train,13587349059816827574
7815,validation,871605790884477114
7816,train,11540835659307940043
7817,train,8241523568296089470
7818,train,5834282265425452263
7819,train,7189051827979423991
7820,calibration,14512528746392146021
7821,test,13723450480521539034
7822,train,7477209971767072123
7823,test,12466183203334320582
7824,train,791443147404072016
7825,test,6271571964880496874
7826,train,5435279009521024705
7827,test,14365553152766262178
7828,calibration,11090571673426100550
7829,validation,3423804826884369757
7830,test,6242073107651610816
7831,train,2222566961963105876
7832,train,5375707960511352150
7833,train,14978428709607789756
7834,train,217180730980140471
7835,train,10564547874117270744
7836,train,5281446120225940850
7837,train,5551109669155325321
7838,validation,9651329612637996681
7839,calibration,2541225495737470763
7840,train,13968737450148347112
7841,train,7655893630276074017
7842,calibration,7071475576534472791
7843,test,6514732566900020551
7844,train,16762879318435420381
7845,validation,9588819108529849918
7846,train,11342023827116382004
7847,validation,13659305647676101416
7848,train,11965935407492900328
7849,train,5844011715975368268
7850,train,7946721005907495274
7851,train,18144605962588972654
7852,train,349299313966510012
7853,train,7972160397049874378
7854,train,16443235129835253040
7855,train,14134598300459243988
7856,validation,18020948293962003008
7857,test,10660572228912154444
7858,test,17449113913084871480
7859,train,11385736002341058306
7860,train,13678251896604724635
7861,train,7524363695437795795
7862,train,16117128185588121509
7863,train,11528899830254467543
7864,train,12232274146067710778
7865,train,13812579492362461807
7866,train,16814791363251151046
7867,test,7886025339644444126
7868,train,13584299303034488857
7869,train,10750292980817178357
7870,test,3178875435985354011
7871,train,11268129344427829070
7872,train,7354639579886288787
7873,train,920823040975348231
7874,train,7592373971241966849
7875,train,13286311120234254093
7876,train,5779278893742258712
7877,train,16875214111456259551
7878,train,7098588066939907182
7879,test,6535333978276602413
7880,train,17143313630986250246
7881,train,13960915297610505616
7882,train,4112702865203002908
7883,test,11349454386829902410
7884,test,15131266563210903844
7885,validation,5264382645504656043
7886,test,6757530093959324793
7887,calibration,6797501205526692251
7888,validation,2458464601472303565
7889,train,2516270987848105332
7890,train,5170815292622489352
7891,train,13712710236610282202
7892,test,5144979709518826355
7893,calibration,9741012253639666152
7894,calibration,16400895999385602001
7895,test,17752886320626277359
7896,train,2355220362449748590
7897,test,13360778933130144958
7898,train,11192094624935769833
7899,calibration,9834406499554638399
7900,train,10796486741153184529
7901,train,7267823152524366083
7902,train,7472549728744733838
7903,train,17034919407425516289
7904,calibration,7833376452323772972
7905,train,8535557427492052707
7906,validation,12185528673704767507
7907,train,10074114037664852182
7908,validation,581514227297958264
7909,test,4942697328230422473
7910,calibration,14886319972919105707
7911,train,7036313010347777375
7912,train,14748016435082629387
7913,train,86139192051684384
7914,train,9475682984685048469
7915,test,6831512675679279213
7916,validation,7346340834091577679
7917,train,7374063207433914766
7918,calibration,6221842549007628585
7919,calibration,14989525650162247856
7920,train,14835378485396687754
7921,train,10021713369385530882
7922,train,9144505603426326566
7923,calibration,11617521036407829659
7924,train,7627607772761998260
7925,train,12012804060170429519
7926,train,16651202581211219350
7927,test,1027604342111023129
7928,calibration,416091916101281448
7929,train,5137210046956649197
7930,train,5898836787180060068
7931,test,18309171881113916015
7932,train,10549688156492791240
7933,train,12213153902966905835
7934,train,13095346290484613977
7935,validation,11238390044355746202
7936,test,10784280316795815898
7937,train,12142712215924517604
7938,train,3449119847858671832
7939,validation,18355195144999234648
7940,train,4365090294030113141
7941,train,12408606961187451839
7942,test,15107283475138501840
7943,calibration,7888510639991813318
7944,test,10026959962498144124
7945,calibration,3656986778928281612
7946,train,16326246677747331018
7947,train,9833009410957528894
7948,test,18388481964195842968
7949,train,185503070802225959
7950,train,13383504012374259724
7951,test,17898123776348236863
7952,calibration,7690821145875430639
7953,train,15392577327052039279
7954,train,16787507784769934450
7955,test,2179861821874905943
7956,test,12255684564599809118
7957,validation,13666142779154615207
7958,train,8445808936459875555
7959,calibration,7990748510045229275
7960,train,9576339862862646449
7961,test,15153674360707547489
7962,train,8949689842695686823
7963,train,17729278559072397677
7964,train,1881422564135810669
7965,train,5616201431494069583
7966,train,2976620617845100712
7967,calibration,7408902406852941650
7968,train,8872978605326499372
7969,test,12738772886462828702
7970,train,538370520840836434
7971,train,13431102424193092268
7972,train,284019573799975822
7973,test,3447521055680434347
7974,train,14306232614671183605
7975,train,8027716976808444684
7976,train,4815505130944364851
7977,train,14802381572392841001
7978,train,1603293205346473823
7979,test,7014983197911846248
7980,train,4205419047542846490
7981,train,14028616449469058087
7982,train,11151295733725285408
7983,train,3997329843023591815
7984,train,4127980311258893750
7985,train,12985719241825127617
7986,train,11674393837212977635
7987,test,9414020708040194994
7988,test,7955913570182905977
7989,train,7908913505530103781
7990,calibration,617845466347376433
7991,calibration,14074411578893117289
7992,train,12043213594228852145
7993,train,11538007471636053775
7994,test,14143460866735683810
7995,train,8572398169422380859
7996,calibration,11522248357030808919
7997,train,3182187190315771560
7998,test,12025222174228944880
7999,test,789337750914224839
8000,train,14150856795740822012
8001,calibration,16318510566079005818
8002,train,18273501171961492432
8003,train,15165830508297272294
8004,test,17136910186578054189
8005,train,3866453335314557975
8006,validation,16169473012539597157
8007,train,5797653171841681720
8008,test,17375395104011315743
8009,test,10873645722196248939
8010,test,10848028672310475567
8011,calibration,12615031770291265188
8012,test,936611022391605422
8013,train,4513681949847114192
8014,calibration,5444811733249284303
8015,train,13194188382480730804
8016,train,11441804837798396163
8017,train,1837955554631274687
8018,test,5427326756602851048
8019,train,5122544065135027863
8020,calibration,11923199490616352217
8021,train,16021432927863608564
8022,train,961075774951311191
8023,test,15285907494354139648
8024,train,17665492069573718984
8025,train,5432016790450451034
8026,train,9902046467360317139
8027,train,13358604724428805052
8028,train,3062247749534214470
8029,train,11264351435252314689
8030,train,11056009039226221
8031,calibration,12660040984795291648
8032,train,4257525227424488387
8033,test,3786523884219647834
8034,train,7896775898747910143
8035,calibration,1524801504715228533
8036,train,12894626811346529786
8037,train,4324338272595490191
8038,calibration,13500967288159173627
8039,train,16733802136245379698
8040,train,16146998861150386297
8041,test,14206654659363857690
8042,train,1846107727299166204
8043,train,18443604616322194705
8044,train,9288283932628379789
8045,train,5791282902237958936
8046,test,10811636744521460909
8047,validation,18292102172932868201
8048,test,16494716769856383393
8049,train,17068029960724925209
8050,train,9494039364426477093
8051,test,7831762139838232968
8052,test,5486995903839448446
8053,train,262708566674840386
8054,validation,3462999094164139278
8055,train,11012020774249512475
8056,train,18049445567429025040
8057,train,2320305191473255924
8058,train,11849890708704839013
8059,test,4457036413599455409
8060,test,9763846940535447802
8061,validation,6766366540625665801
8062,train,12394029721719890339
8063,test,2600387709332708533
8064,calibration,2793276750595852006
8065,test,3729792666811692297
8066,train,16840804629040248459
8067,calibration,16184331353732433986
8068,train,9553263414146720178
8069,calibration,15677387791497797573
8070,validation,2061535510309070164
8071,train,2106149212267055582
8072,test,3648546401819935203
8073,test,2545706547089553877
8074,train,13951206393855242817
8075,validation,58235019946487392
8076,train,17414269214211347195
8077,calibration,12789485620020366339
8078,validation,17191106146993699698
8079,train,15662151187260944380
8080,test,11989192181627620041
8081,train,17682264324887345645
8082,train,11384986175474277825
8083,train,3624462056150068017
8084,train,18045247195987610814
8085,test,3438168593877066915
8086,calibration,2141241349845470217
8087,train,3225875875363833714
8088,train,4612235380162009195
8089,test,4722779960704658489
8090,train,10977603129226458425
8091,test,4805704120278193803
8092,test,14108554088652275011
8093,train,17240096507863584375
8094,test,16639890287451399472
8095,train,9084067291510941270
8096,train,16755354872705121641
8097,train,3412884176989461330
8098,validation,13536028007433206117
8099,test,4529830886394483226
8100,test,3007631964508116542
8101,train,16562295071478041576
8102,test,16071093984207855701
8103,validation,8743749361756577078
8104,train,18107842696068428570
8105,calibration,9272752106862496740
8106,test,5977806347075509838
8107,test,4111192852434786966
8108,test,13681406578926205833
8109,test,9371167820411030102
8110,train,12342090556453119716
8111,test,14940152413649442555
8112,test,13137275384870529445
8113,calibration,3951332868767488352
8114,validation,12685658966798504293
8115,test,14557749769698386311
8116,train,16477776048833940782
8117,test,12917044606637863102
8118,validation,1156282426365886264
8119,test,4055104395936566340
8120,calibration,11381137091934737076
8121,validation,9077707036496851370
8122,test,6696092079586792920
8123,train,6775972661223370694
8124,train,15804898474442968353
8125,train,16153893056115704834
8126,train,2566493907275678911
8127,train,12548642340330265931
8128,train,17266355516252445653
8129,test,5123019788798570948
8130,train,14045988712677656999
8131,train,11349230622921535401
8132,train,3184787108065238534
8133,train,13174767053396656130
8134,train,2135642568136359454
8135,calibration,17916994418639239978
8136,train,4148326523757033700
8137,test,4813694694051062989
8138,train,15047674854542272126
8139,validation,694800828597027754
8140,validation,16754723684267190932
8141,calibration,17233655773492044833
8142,calibration,5488670280636805172
8143,train,1044637239218559171
8144,train,3548030182476374785
8145,train,6824570592933883181
8146,test,15782304693826050493
8147,test,14308533461081507257
8148,train,15216413550347566068
8149,train,6363259672464190468
8150,train,6152333188591844904
8151,train,16391197759125567635
8152,train,5112863115859855737
8153,test,9379748352790514319
8154,train,1302020947717842070
8155,train,17863080208161922283
8156,train,8222615880679306692
8157,train,9098320058966226497
8158,calibration,18385123458044426105
8159,validation,7804794364098724825
8160,test,2194917161285915285
8161,train,13546340073248959755
8162,train,1275876193236169906
8163,calibration,13454242295674263495
8164,test,17061795940970955153
8165,train,36988042297466207
8166,train,428940876883292663
8167,train,4526544269372455128
8168,validation,6465772541308557878
8169,train,13178779559636944889
8170,test,8125236528912967440
8171,train,12644876687653222074
8172,test,1089261473715284886
8173,test,15497322816323047213
8174,train,6507913593476833225
8175,train,14531291514225397325
8176,train,8339157333241093558
8177,train,12328748378575617786
8178,train,760532553530800196
8179,train,3650205106590582547
8180,test,6265328920263799846
8181,train,9862520554536418955
8182,train,13464998252359164776
8183,calibration,13677667565315202657
8184,train,7606683184619148710
8185,train,631646502838880344
8186,train,896702594681737087
8187,test,626393697441819183
8188,train,13513135751677211304
8189,train,7894204686207183158
8190,train,10013366246403831952
8191,train,1463818155010561231
8192,train,3168469697413325512
8193,train,8810300206887380183
8194,calibration,8144073236719977054
8195,train,13278433953327101869
8196,test,7906977894493143834
8197,train,10829938235088660698
8198,validation,5306870134374706664
8199,train,13183644609207452089
8200,validation,10279034934215416620
8201,train,17970130909454213436
8202,train,12943188076539186609
8203,test,16110781375623974722
8204,train,4808181961073102161
8205,test,9188077830076644679
8206,train,4085678703726809954
8207,calibration,17932169465605065316
8208,train,9267083868999008570
8209,train,15344779295035199622
8210,test,12018797937495233828
8211,train,6093677966390410116
8212,train,16884559374219005766
8213,test,11604388613474984414
8214,train,18101473871859456268
8215,train,15064100852712890949
8216,train,2152369662349056682
8217,test,10397881864101726538
8218,train,14474420896797915434
8219,calibration,15955195629972207037
8220,test,6012192117567960839
8221,calibration,1529415556974530028
8222,validation,9360005931687544858
8223,train,8379527628863500161
8224,validation,1318744344969135393
8225,train,5192395442272363793
8226,validation,8917637870812878073
8227,train,12318203091489279405
8228,train,17273731678711659551
8229,validation,9539235116195565372
8230,train,10539686686667040761
8231,train,13018244810123521480
8232,calibration,4636971088209629508
8233,test,9438965570160099894
8234,train,6855291240804368525
8235,train,8409137855110189084
8236,test,3832518086507747511
8237,train,16906396165476803712
8238,train,17767963051007003695
8239,validation,1382725490590378498
8240,validation,18437951078447860594
8241,test,17891690236979956272
8242,test,6093215838422650147
8243,calibration,14019284257404749622
8244,train,12643700374038938200
8245,train,4015860164369976710
8246,train,12334402238843451511
8247,train,17629928885216485945
8248,train,11058871282609017619
8249,train,7176550412653755107
8250,train,8390978167970258246
8251,validation,18031552017749049314
8252,train,5411198990637513016
8253,train,3292705196262321549
8254,train,7566676353192955581
8255,train,7083191325008630683
8256,test,5704438206314761366
8257,train,16357510442445904295
8258,train,15077760791295438110
8259,validation,14523438034719757584
8260,validation,1615617710785834610
8261,test,3860161310234845788
8262,train,11631822208734848192
8263,train,15681864817390511668
8264,validation,4716371515271713165
8265,train,9495549285786990866
8266,train,2622777462346372101
8267,test,17701145802952347150
8268,train,14330215105327593391
8269,train,3133733667523584416
8270,calibration,13263835812738201206
8271,calibration,8994518830857249094
8272,validation,17248590925799654678
8273,train,1516211706637167161
8274,train,10732260790070530706
8275,train,8013647421248288948
8276,calibration,14043903358653998315
8277,train,10210990841107872239
8278,train,6047640281199282940
8279,train,5929954675643587831
8280,train,9834525731998449326
8281,test,12527868914017924456
8282,train,11998428936848542113
8283,test,15438242777385664201
8284,test,13762142922189484127
8285,train,15043680436034923345
8286,train,11417205920846362227
8287,calibration,17952463657349311092
8288,test,6348784678583601115
8289,test,11508509046783915004
8290,calibration,2708726255767651724
8291,train,17134741424625158436
8292,train,17591229985241181253
8293,calibration,5394892392656960308
8294,train,6806358665435532247
8295,train,2378942064188147875
8296,test,13720037527107911134
8297,validation,14018973933074530863
8298,train,1711578509561145821
8299,train,12117708894119484880
8300,train,14592042752251784158
8301,train,399407495451685106
8302,test,5013360249688750521
8303,train,5185538200290782767
8304,train,13611005325281261780
8305,train,11179844109673681018
8306,validation,2877715032982173273
8307,train,6136676147887309862
8308,validation,3849510038125267498
8309,train,16357510442445904295
8310,test,7867724247838154214
8311,train,4220666690340028008
8312,train,6394275400956802164
8313,train,18205241823764744650
8314,test,5486726540991090911
8315,train,18436975340425682399
8316,train,16976803721161957821
8317,train,16308392249191625820
8318,test,4164460410174398493
8319,calibration,11304321794143927447
8320,test,16316954513067297602
8321,train,16817255156183924610
8322,test,5674055168889566710
8323,test,14008240687907866427
8324,train,11141648973901954111
8325,train,16004306091530672593
8326,train,13691600096499901619
8327,train,17595615503054835541
8328,train,8941365716684927686
8329,train,6371012350959500303
8330,train,11749609920057998237
8331,train,13532267436930913399
8332,train,9860777811556816209
8333,validation,14933114255215368199
8334,calibration,11780081232597655087
8335,train,12309625082759588582
8336,train,10764271847720070254
8337,train,18263834725879782224
8338,train,15602256128299697639
8339,train,4653603761303573243
8340,train,17561529957414786215
8341,train,1245422135669331159
8342,test,8677309858193847224
8343,test,13089472004040351743
8344,test,16349871981635135344
8345,train,7811204772106777315
8346,train,13263250683804180554
8347,validation,5093192411020000836
8348,validation,7552376303721970637
8349,train,9676127587847566151
8350,test,12074322894186186380
8351,train,2934740063069355018
8352,train,3472850497314925033
8353,test,15156294065239172001
8354,train,8226660622330357340
8355,train,8935562496686341124
8356,test,15743460901372563799
8357,train,13729692080848797591
8358,train,5071866903549137414
8359,test,7668515936997252559
8360,train,10869293887306746868
8361,train,11455255215858970968
8362,test,16301584931239117010
8363,train,13896733598836077876
8364,train,12139168542503268179
8365,test,8138177106831951225
8366,test,10375606635319650996
8367,train,14746994322038842654
8368,train,6340699346063308359
8369,calibration,17482006032221733747
8370,calibration,18277656190294523566
8371,train,8587665125121121649
8372,train,13696881272177123115
8373,train,13047219123555939966
8374,calibration,15793528119315178823
8375,train,16094442954181821920
8376,train,18125744541148361853
8377,train,9721472169152158506
8378,calibration,5301370718096702380
8379,train,11244529884347550667
8380,train,5540912712963868970
8381,test,15679811657631508956
8382,train,7005058522728848880
8383,calibration,10703830956570722328
8384,train,4664839716697948451
8385,test,15319742803672726540
8386,train,10223447358742193770
8387,train,13950888593440451245
8388,train,900893067831054392
8389,train,6681728796323253319
8390,train,1974176867563136727
8391,train,15881032478120520927
8392,test,16946666922466029074
8393,test,10390404843957056551
8394,train,8151753418201530960
8395,test,16781821947735341927
8396,train,15383843178163021042
8397,test,269332063822786248
8398,train,1341132674424910290
8399,calibration,5301370718096702380
8400,train,17268116965462709571
8401,train,17500966794030427054
8402,train,7317609391819855620
8403,train,1149971480438524534
8404,train,4716462661572759429
8405,train,10083194809448139622
8406,validation,16637473250374941481
8407,train,8286838300894750999
8408,test,3032864199455361304
8409,test,10133408731773729695
8410,calibration,454541414824685269
8411,train,1712651994457263211
8412,train,8175578200973465442
8413,calibration,4065969333995202162
8414,train,7735452085965786099
8415,train,16763180840505794631
8416,validation,10525265189823849370
8417,train,9727186492949122768
8418,train,13655678333096964610
8419,train,3258822219064726332
8420,train,15287905647310170030
8421,calibration,12036876081328027652
8422,test,8728369726628785393
8423,train,15337171289155271944
8424,train,3378018676626084847
8425,train,7091655331139026160
8426,validation,6075962263282869706
8427,train,10814657379513652082
8428,train,8533440596980191338
8429,train,207468299783222011
8430,calibration,10588647743807838261
8431,train,4705801299464756131
8432,test,11135925964587027656
8433,train,3636912005975745708
8434,train,2075828479520720781
8435,test,13117995470907659550
8436,calibration,2742562180356457256
8437,train,2831662203024587876
8438,test,15103020579984363278
8439,test,14122835804136930776
8440,test,5899194788685244360
8441,train,2027332013791197526
8442,train,11715446527005091232
8443,train,14802033668684787133
8444,validation,5524058280679643632
8445,validation,5800103064120550329
8446,train,2937486077443890591
8447,train,6187266715275851060
8448,train,8907348471290271854
8449,train,5846288280675353158
8450,validation,489358836176275001
8451,test,7042874567247846127
8452,train,4638283875992967968
8453,calibration,7372208263259027267
8454,train,7768941302770699764
8455,test,103686734292392358
8456,train,7193522467724730226
8457,train,2978108242230407391
8458,train,2901023989776926419
8459,calibration,6421807800127800588
8460,test,17841336966916112447
8461,train,14521188902550456934
8462,test,6443958043194101101
8463,calibration,13789445970004353284
8464,train,6827725759201906584
8465,train,2823165915680803284
8466,calibration,10105604160261521088
8467,test,10673024649932474513
8468,calibration,14020231960059484296
8469,train,7207584261289290515
8470,test,16638282164044815483
8471,train,13053470041329873744
8472,train,11923980804626301459
8473,test,8622845435658207968
8474,train,14747610013077737505
8475,train,6164005335185908986
8476,calibration,7496702044888098981
8477,train,7670150928590506748
8478,train,16954650492945426866
8479,train,2620373447260406031
8480,train,17202456908835400409
8481,train,2839457775345284674
8482,train,2371206388629829296
8483,train,18027555812006315394
8484,calibration,18093002101747874792
8485,calibration,5996455615839754528
8486,train,4962099875599111501
8487,test,15615949482760224270
8488,test,4277039823444229320
8489,train,16896277737234772709
8490,test,17087183293741133238
8491,train,3539083086189489391
8492,train,9644953091954922242
8493,test,569284249938069514
8494,train,201433265669373769
8495,test,16623444080919797331
8496,train,7193800217403472633
8497,test,11791428130914662538
8498,train,11039176841771015909
8499,test,840629135272655913
8500,train,3159908073727605310
8501,train,10374227182495941977
8502,train,7399395521483976348
8503,test,16716144864065280586
8504,train,5527222529089484548
8505,train,12562820596288171169
8506,test,743988931490030410
8507,test,14782716095191217126
8508,calibration,10711554735491307037
8509,train,1711578509561145821
8510,train,10069556383836568726
8511,train,4745581207291311555
8512,calibration,9053390669243253714
8513,train,9420367925200943858
8514,calibration,2308747486334323592
8515,test,9351883209397133253
8516,train,14902667822584365412
8517,train,6741086672691796794
8518,test,11688009069502325188
8519,train,646022344488452767
8520,test,14567228522914217264
8521,train,12504078375002351658
8522,train,11559829415307549133
8523,train,17307585867345136211
8524,test,783151462378986725
8525,train,16866308293259308552
8526,train,18128368667004318681
8527,train,18279358794458943872
8528,test,2669029186833272545
8529,calibration,4868434992515405589
8530,train,10129007316180557523
8531,test,12087929807574074169
8532,train,2450816461755141144
8533,train,7277869204857733766
8534,test,11709522213988706573
8535,train,2290812975150727964
8536,train,3047371731560642612
8537,test,14005247648384878465
8538,train,7014588493139395399
8539,train,6963781970752900871
8540,train,11969831389772567788
8541,train,597140326014912749
8542,train,16762695623326125632
8543,train,7980164464456594210
8544,calibration,13406056487995722898
8545,validation,2694569551422190203
8546,train,17528615335478952182
8547,train,13932046411452456933
8548,train,11390361990407688927
8549,train,6512085297516147334
8550,train,6522017748419973877
8551,test,6826061476244591035
8552,validation,10939283268366291118
8553,validation,4734858675344318128
8554,test,3252228202577694400
8555,train,675316737573163720
8556,train,16252165951091546547
8557,calibration,15440127906086964086
8558,train,11737783835384933144
8559,test,11402807642474164214
8560,test,2511932887536312559
8561,validation,10775003283129396689
8562,calibration,6160428398511212473
8563,test,12517108831697012193
8564,train,12897262682915076631
8565,train,3522770098973900861
8566,calibration,10809508711284237426
8567,test,4287697164532263644
8568,validation,5506674225233464178
8569,train,18149937745801447913
8570,calibration,4536482913563357712
8571,train,17208848699528503729
8572,train,3313249001547810107
8573,train,6231640301119831430
8574,train,4530498518876611557
8575,train,17813093228780416723
8576,train,345788878764863520
8577,test,7368999717766971779
8578,train,12546707536040284968
8579,train,4153208266494960122
8580,train,16231511107125542113
8581,train,11813727862516333825
8582,train,15444081859677383995
8583,train,12637566849346547216
8584,train,15801196091040721545
8585,test,15561487525963663661
8586,train,14862955198192334742
8587,calibration,8021941502555637953
8588,test,1038204939549188904
8589,train,14877166195614811078
8590,train,15004567144814969905
8591,train,6546261105261931006
8592,train,5988464223745666566
8593,train,685041790792613425
8594,test,12890573046657890296
8595,train,7075619789038749967
8596,calibration,2912401551548999912
8597,validation,15646371450846395124
8598,test,5994945210012051685
8599,test,12910068900352870813
8600,validation,10437659125454834347
8601,train,12285294567218436198
8602,train,15454988928854627914
8603,train,1257936846854950964
8604,train,322547051577572244
8605,test,2880808679567691247
8606,test,12933945065880073880
8607,train,644878979921975510
8608,calibration,17754193070350581963
8609,train,5307953843967402688
8610,train,18044547583371234985
8611,validation,16745277765069590274
8612,train,1044637239218559171
8613,calibration,9814745890516368372
8614,train,3689384565798811935
8615,test,7590138148457568521
8616,train,12211151631666248585
8617,train,2521283915900207683
8618,train,9624308155363813686
8619,test,10928823330975186808
8620,calibration,15066593273604737041
8621,train,15569214198425878352
8622,train,5811189343024759084
8623,train,9507944285639625641
8624,test,9759194531732959973
8625,train,7801058456615656389
8626,calibration,16939043074484031795
8627,validation,14039231949021519031
8628,test,2978955839849838009
8629,train,262468460722298217
8630,train,10673084650925092627
8631,train,15308244284917413820
8632,train,13960178843035866964
8633,calibration,15069016346857185336
8634,train,18118696506908309825
8635,calibration,2442344761124111564
8636,train,9570543241192861939
8637,test,17070777955799329172
8638,train,13578394120678449546
8639,validation,556446755475154058
8640,train,1678896453014700887
8641,calibration,3023915878130781979
8642,train,16812626142893134538
8643,test,6768850827263697302
8644,test,2207976643747029236
8645,test,17978564845944323232
8646,train,11305002593988227764
8647,calibration,10982642521144940538
8648,train,990441663429511693
8649,validation,5194535002673327406
8650,train,7297206917798547171
8651,train,6119236858812344982
8652,train,16877978253627699130
8653,train,189471431148290210
8654,train,8966990821858044648
8655,calibration,16617654656513174451
8656,train,8605302737874638578
8657,train,2074129216924674388
8658,train,15964573428225581886
8659,train,10465628271506860764
8660,train,1711578509561145821
8661,train,2338066957835606477
8662,test,16908572246077579279
8663,train,5745699640237475418
8664,train,3212888097589942776
8665,train,7194226740966534822
8666,validation,13730574168372201377
8667,train,9806279997081455967
8668,validation,7977942571233291805
8669,calibration,15895482853728990450
8670,train,5459536566210898081
8671,train,8513127120337912114
8672,train,11362722625246111068
8673,train,5874732650798431274
8674,validation,8652211106818885184
8675,test,4853014959280400243
8676,train,14601734277410196085
8677,train,14371157048887313523
8678,train,15806239458361290263
8679,train,3418244224823362612
8680,train,12410507725619778735
8681,train,11466079164185006897
8682,train,2521374785955260822
8683,train,16602542460306144609
8684,train,2622083982849917442
8685,validation,217730011609495062
8686,train,958275929801355626
8687,test,18104349616042305585
8688,train,16954918134652702161
8689,train,736602813032736937
8690,train,7001680815400733715
8691,validation,8026505395442059560
8692,train,16965660389192680082
8693,validation,3044903195352242176
8694,calibration,4743344172672998413
8695,train,7445958701044660096
8696,train,4362365831589610179
8697,test,13931224671401270022
8698,test,16094775722144993378
8699,train,17242499906448188079
8700,train,4039065878650320056
8701,train,13171667021211378342
8702,train,9311871003506756749
8703,test,5827993362483048124
8704,train,4691803172828548548
8705,test,17254764799458451764
8706,train,8220795708527974485
8707,train,15244301099551054703
8708,train,9265777517710705416
8709,calibration,10080653550492013199
8710,train,674615802335230800
8711,test,8103065933795711265
8712,test,764894313955498262
8713,train,6882943759992162153
8714,train,237030184947130637
8715,train,2075482369706672354
8716,validation,648155768067956434
8717,train,10543062904101389493
8718,calibration,17243670636407625612
8719,train,16417916750207879430
8720,train,570197753511965082
8721,train,16785198420947741249
8722,test,5335524474388545490
8723,train,12768589499433246198
8724,train,10525034101248973449
8725,train,7341794120550094197
8726,train,11790380203736300353
8727,validation,13670205654271511952
8728,calibration,8940677400817334855
8729,train,3322585735589900697
8730,train,6625241060778548133
8731,train,5122414355224585874
8732,test,5664210159581106543
8733,test,16415516684930537755
8734,train,10089595544025794433
8735,train,10069962165546633977
8736,train,15259978645180836126
8737,train,10040918459392296181
8738,validation,2871290517247376690
8739,validation,17478069384075988344
8740,validation,15394498425926302403
8741,test,10011511471480569992
8742,test,7401855468954975784
8743,test,8605276761066923237
8744,test,5809713972687833664
8745,train,9701318359946262564
8746,train,17189687925879265583
8747,train,15557841646496787819
8748,train,15838954774767524438
8749,train,15404675290357377044
8750,test,3676624043838465002
8751,train,1774317373412680587
8752,train,1056992179046815510
8753,train,15319954719151237386
8754,train,11752190370228178686
8755,train,989095911721291689
8756,train,14460110708617837523
8757,train,3392358009828769504
8758,train,16196007982406546810
8759,calibration,10310038281572009878
8760,test,18269671994009531225
8761,train,6041815099147278681
8762,train,9506483443116822727
8763,validation,10006617818819149828
8764,train,5793814522070046506
8765,train,654421825929452506
8766,train,4005578917387001499
8767,train,1494541768272482857
8768,calibration,3628748333254472622
8769,calibration,8345376444519678183
8770,train,11853291412345303873
8771,calibration,1549112425552562632
8772,train,11046107251178331171
8773,test,2122794465305186898
8774,train,9855077968252101746
8775,validation,17174818891940152783
8776,test,8078172017775767065
8777,test,2059654116148897204
8778,test,8568005377418040848
8779,validation,13614240287473184384
8780,train,2418454889433321669
8781,train,942400858050057310
8782,train,16817255156183924610
8783,test,10644025179390345644
8784,train,5648892198287394467
8785,train,4745817125874922222
8786,train,11121166696243450139
8787,train,6975415006976630582
8788,train,3484520011388319356
8789,test,5224621003443081043
8790,calibration,1169278728421394642
8791,train,1805905854610773573
8792,test,2095674584272252329
8793,train,15234463733618553777
8794,calibration,2481290307510175361
8795,train,10092044295267640525
8796,train,10715327655433486323
8797,test,11582022286842363565
8798,train,7163087398221594515
8799,calibration,17716836477404600277
8800,train,6817046708649432248
8801,test,7613630892184777108
8802,calibration,7131874081362660246
8803,train,13772412188651930049
8804,train,7510866972786781712
8805,train,7553954720259040420
8806,train,13975331695444576369
8807,test,18086360432719274811
8808,validation,9944048043141780214
8809,train,9409005410808106547
8810,calibration,16522767053022942778
8811,train,2921768039457777768
8812,train,15901071099908067216
8813,validation,10104163094698327645
8814,train,16061165974196702126
8815,train,7182043648587438186
8816,train,8292633287801451595
8817,calibration,16127297817657081040
8818,train,13278993944219392352
8819,train,108551884756945804
8820,test,16298684407806527066
8821,validation,10931105183172846034
8822,train,6865220589369337319
8823,train,3845307423883732206
8824,train,6500488828749471878
8825,test,9532690963041535730
8826,train,4631093942732339465
8827,validation,4451556651260099322
8828,train,17172234170336950250
8829,train,2538649011459270409
8830,train,12406701890354975637
8831,train,4184628600750443175
8832,train,3630823104036153540
8833,validation,10983658565641377565
8834,calibration,16832389495063429793
8835,test,1783149386899625940
8836,validation,8313853553027399152
8837,train,10485129023033362265
8838,train,2393709204584860835
8839,validation,39501745891865471
8840,train,1466728684421553215
8841,train,3064381370528395256
8842,train,10995279402907089634
8843,train,17509033604640058635
8844,validation,17054026517802133553
8845,train,15895697293120833234
8846,train,4790579919753678876
8847,train,8677245441409004799
8848,train,15870843965133687082
8849,train,1037427961300919350
8850,train,3896877750841703394
8851,train,11464066861844042568
8852,train,6378519929095919356
8853,test,13827799487656928368
8854,test,16914447742675615598
8855,validation,13429774203538782495
8856,test,10498456509341177619
8857,train,6027444401971566977
8858,calibration,12110258533997262222
8859,train,4057252218008196574
8860,train,11159715852575138472
8861,validation,3901787506354010176
8862,train,3863195949606153655
8863,train,12761117745084867808
8864,train,5469006482570002938
8865,test,1481863036659783149
8866,train,14604278816450848293
8867,train,726145956395900667
8868,train,13907330324332709978
8869,train,4409023117337213611
8870,train,3019122856017600726
8871,test,741853221542134211
8872,train,16451718528246209486
8873,test,151352351274970953
8874,train,14697460818113004583
8875,calibration,14094783712574071861
8876,test,7468658449093735348
8877,train,5605805576368737058
8878,calibration,8886177458240236434
8879,train,17940487783076453221
8880,train,12987403724669075518
8881,train,12436893915002901180
8882,train,5870029882231337810
8883,calibration,2719236707179966520
8884,validation,16555250764632011497
8885,train,15491984990184763863
8886,train,13721668934416676731
8887,train,811760269472656504
8888,test,12976140723348372852
8889,train,12255513690141224560
8890,train,9412602284940568332
8891,validation,15914844958482434248
8892,train,10395976793058957451
8893,test,2110601039480687120
8894,validation,8935949087499933149
8895,train,10984132394714715468
8896,train,15031915602572224823
8897,train,17561719764748598192
8898,train,3450723904737349349
8899,train,3774554628318185939
8900,train,7160411627476555860
8901,train,11670374176235619940
8902,validation,7327698616663113315
8903,train,11543753745112963745
8904,test,10912105899087435235
8905,train,1097102589743025742
8906,test,6766261844471173226
8907,train,12313866757405572994
8908,test,1531495411030766377
8909,test,7100410834431454895
8910,validation,12597665989157083307
8911,train,10867388127569693467
8912,calibration,933888902524103733
8913,calibration,17712948022297157457
8914,test,15391935374871343077
8915,train,14245066810371780062
8916,calibration,11978874468198128815
8917,train,18094904288376300861
8918,calibration,13123350415591216034
8919,test,9504670437794754990
8920,train,17427845161892042753
8921,test,17237542083290310942
8922,test,8004011997359873884
8923,train,12603210390567273818
8924,train,8142097786406996908
8925,train,651923776710918559
8926,train,9308441618651571276
8927,train,4079686301404925460
8928,test,960286630309628258
8929,train,2350484994285576240
8930,validation,11015553802006747524
8931,train,7658671020704153730
8932,train,14472786280254155416
8933,test,4229274923522652153
8934,train,4757088872265018975
8935,train,8141435487608111609
8936,train,4572221146091710198
8937,validation,8605172514779916392
8938,train,5803579491179355019
8939,train,514236258899635955
8940,train,9282893912443537349
8941,train,5873310185138895545
8942,train,14434180706763540415
8943,test,8648030783363302011
8944,validation,11297749866214098327
8945,calibration,1977781492807557961
8946,train,15091927131117085105
8947,train,11379093270601801618
8948,train,15895295638925080567
8949,test,4753969112148938395
8950,validation,11918487767435326452
8951,train,15150813957641718787
8952,train,17372252967854143839
8953,train,6103508982321239007
8954,train,12042306504444903633
8955,test,5436224550407185982
8956,train,16288044075017493723
8957,train,12719578753338243409
8958,train,5325844484135954964
8959,train,15108875171804331753
8960,train,4057252218008196574
8961,test,3658084575093430196
8962,train,12117144031444938529
8963,train,16243723351899249834
8964,train,12861704060697537120
8965,validation,12604482540083954739
8966,test,16340172318149451142
8967,validation,6287872054856365972
8968,validation,6399058711053764102
8969,test,11706114936764289155
8970,train,7794030899042417637
8971,train,7542503558976777515
8972,train,4127168327804898592
8973,train,4344535178635950141
8974,train,8597039381640293480
8975,calibration,15173537164043510203
8976,train,5060034711313065818
8977,train,17288009788725704210
8978,train,8473108832584777730
8979,train,4272911865079130764
8980,train,2650478674930582757
8981,train,3954011462518632018
8982,calibration,6421538124166461910
8983,train,5295353302473191959
8984,calibration,2211207872482179047
8985,test,137462108607232718
8986,validation,18213042344816112155
8987,calibration,5062128847109007358
8988,train,17244118951271642446
8989,train,8434026525855247020
8990,test,13568331987962032377
8991,train,6675167195914986768
8992,validation,923974417198401476
8993,test,15866798673267200802
8994,train,1662716187187252405
8995,train,12956916835265550210
8996,train,4706323695661854404
8997,validation,127880043474495459
8998,train,5679959681824304713
8999,train,8401128093231793094
9000,train,9303333928150151941
9001,calibration,6338339493016508998
9002,train,5944787296950330654
9003,train,15846753179477033104
9004,train,17852857381862647025
9005,train,15736992237569009566
9006,train,4178449145131235010
9007,test,1675234080296908010
9008,train,16624633890705056769
9009,validation,2376417617854523090
9010,train,4092841569970773954
9011,train,5866762780774059417
9012,train,5219507256258111872
9013,train,16564001387372745353
9014,train,1176929071207795346
9015,test,12398611008132428174
9016,train,5983360996694182266
9017,train,13766142717541690132
9018,train,18072018001166584034
9019,calibration,9928703788440372976
9020,train,4859822562291008041
9021,train,17400555729395253340
9022,validation,5708831469386600935
9023,train,2948331458515743863
9024,train,5952745320994468735
9025,validation,2558315268659424626
9026,test,4674903439046131107
9027,train,5135360661451486735
9028,validation,13970337330685845917
9029,train,2423449472346868629
9030,test,175744803019278434
9031,train,1608154046479218442
9032,train,11127362353410426488
9033,train,18073349661136666987
9034,train,8453063471211345094
9035,validation,16512610820043356405
9036,test,5419615786554705130
9037,train,11813742904292345602
9038,test,8129842220327300858
9039,test,9460324576594099777
9040,validation,2146488471524023734
9041,train,3734454834404195802
9042,train,8664311381204779723
9043,train,14427474176091452891
9044,calibration,7588497030322480467
9045,train,3467793937862911284
9046,train,14172271235663006193
9047,train,16708039957064181766
9048,train,9151347761901147185
9049,test,9534084821375548049
9050,train,18020699102394160959
9051,test,6514732566900020551
9052,train,12804048845544512273
9053,train,17552525999328639659
9054,train,5088961460984901816
9055,train,15492015849643794166
9056,train,3177279627229459445
9057,calibration,1102235612897902353
9058,calibration,762377415448831684
9059,train,6705136274645457802
9060,train,16231541270639496726
9061,test,4751498383071782985
9062,calibration,15548682272806267935
9063,validation,5282953603964577176
9064,validation,10917863306292688105
9065,validation,9394105110268164361
9066,validation,17207062453425940847
9067,train,13027082933408384754
9068,validation,4437096961872227267
9069,train,9395795850642003032
9070,train,2538259809737996629
9071,train,5093251256052568010
9072,calibration,292193851744248712
9073,train,17749737854154865217
9074,calibration,362179155845809618
9075,validation,8166720332628828688
9076,train,14428408415020015662
9077,train,7686081667703520143
9078,train,9349543891429802520
9079,test,13655208539975647346
9080,calibration,10268597027984267501
9081,train,3936684890867731616
9082,validation,10103715930082797002
9083,train,15160921518442404350
9084,train,12987935940849789152
9085,calibration,15215125088230510935
9086,train,13048248558869737661
9087,train,8463602553893064365
9088,validation,13563940844991731146
9089,train,7023550409700606789
9090,test,4330533388523616225
9091,test,4519671932222632119
9092,train,10673060936492291077
9093,test,12616231623766435739
9094,calibration,9565783830530647761
9095,train,11162937390365562091
9096,validation,3856317248149333915
9097,train,7366669488134739725
9098,calibration,9861591794390645485
9099,train,1449460829518332544
9100,train,15426183053184939560
9101,test,10641676230466548244
9102,validation,9909598602725911722
9103,train,8098303833839902375
9104,test,5639311362674997917
9105,train,17617753294684638285
9106,train,1894451519352998468
9107,validation,3856317248149333915
9108,test,11449476410038661516
9109,train,13229257182356069344
9110,train,3204491529759254091
9111,train,14819473369631409805
9112,train,12075381696051914869
9113,train,11878858681087382745
9114,train,701376457360762277
9115,train,10928735878189830065
9116,train,418170273630502389
9117,test,6062658205051741585
9118,train,8809962778827990333
9119,train,4477420779197739772
9120,train,454398131348735082
9121,train,1664568732310213455
9122,validation,15710668756490122744
9123,test,6351316478493199444
9124,test,2864502935040065365
9125,test,5672397253686301726
9126,test,14478156392678146633
9127,train,8537944390374107523
9128,test,12428662971883340471
9129,train,16728350829091258591
9130,train,1206134480743806888
9131,train,4753038934967343083
9132,train,12127018256680564371
9133,train,12716820124498150596
9134,train,961552476026387436
9135,train,8925402912964201427
9136,calibration,14280330695892191886
9137,train,18203578505281110002
9138,train,16741023709910669956
9139,calibration,11869878864353725076
9140,test,1192782757083705134
9141,train,13698810067583965751
9142,train,15826542096692710704
9143,calibration,10492205438160780317
9144,train,4135842317647796771
9145,train,16817255156183924610
9146,calibration,15828661460325742315
9147,validation,14673250412965496278
9148,validation,11785407617179162107
9149,test,14912251314343166304
9150,test,10848895019507733002
9151,train,16198713032510199432
9152,train,17224819362469488454
9153,test,17149868453199323194
9154,train,7960293509342290740
9155,train,11522978485407533739
9156,train,10195712776898415769
9157,train,2910643526253834290
9158,test,1730356770112107093
9159,test,6740960914450484139
9160,test,6367419819561308375
9161,train,2684771975405582764
9162,train,13185173824257888305
9163,train,7988859822134243172
9164,train,1449054023143836244
9165,train,4488294071987116887
9166,calibration,9485885864357691953
9167,train,11151448797022390472
9168,test,9125280019542112415
9169,train,5077535624495992845
9170,train,13441306249843727348
9171,train,13044030466483658084
9172,train,11511547251322953801
9173,train,14471390871031088512
9174,train,16283887828159064361
9175,validation,17001095662930310826
9176,train,9476877103386546651
9177,validation,2352066058817268350
9178,calibration,16321509854921619359
9179,validation,6566348310724900548
9180,test,1064592923232898873
9181,train,15145874839683401453
9182,train,1601940377192662941
9183,validation,17448705022165891837
9184,validation,10240360018080998160
9185,train,4789863794238672836
9186,train,15295311901425776714
9187,train,16131012718982342502
9188,train,12508747349147257980
9189,calibration,3628729729908039085
9190,train,17212871124740224300
9191,train,17008436095152545181
9192,train,4995833859805787541
9193,train,16110021967309608231
9194,train,10347832848911928036
9195,calibration,5925142900413167625
9196,test,15950320535719049708
9197,train,9145772862751549562
9198,train,4260568861330032874
9199,train,9846195972156569379
9200,train,11282902907776477292
9201,train,195655394065064583
9202,train,16147488195055720121
9203,test,17813178320260053470
9204,validation,11343640838673669610
9205,train,6989808454338449988
9206,train,6805843186446165700
9207,train,56378338032038763
9208,validation,17308021379769064046
9209,validation,10822378924452705762
9210,train,14450756630172413183
9211,train,371089639066533960
9212,train,939116915269762698
9213,train,14512095373586306786
9214,train,6556901107722787153
9215,train,14019390421252543837
9216,train,3666435830039082090
9217,train,159052246835777250
9218,train,2298543440120934288
9219,train,13933014558891723966
9220,test,7652117817219364126
9221,train,6895083782199018871
9222,train,5753879963018981204
9223,train,8010935167439647146
9224,validation,12906179545660793086
9225,calibration,13696745377057704127
9226,train,14254827432592213020
9227,train,17845038755497588691
9228,validation,13962019517072043784
9229,train,8653167827829376756
9230,train,11063602979695738457
9231,train,1711578509561145821
9232,validation,13390662842997330180
9233,test,648860979716117636
9234,train,6284858439217813013
9235,train,15659520848373919623
9236,test,2406546415593661363
9237,test,16221239082799206884
9238,train,11070515238958863425
9239,train,1789665149846217824
9240,train,16534381855165950858
9241,train,6051155955114083441
9242,test,14974899501921259439
9243,calibration,4699106657947871059
9244,test,13694194091162565597
9245,test,16809408796700225777
9246,train,6713419741238148166
9247,test,485778973070750136
9248,train,5917847039994902660
9249,calibration,9401339779677093531
9250,train,11689794758599864459
9251,train,7489184684848224478
9252,train,13805576475289805640
9253,test,2086606202093727396
9254,train,3383735579113528490
9255,train,17804943634854497832
9256,train,16332908845241967272
9257,validation,9525889834291666907
9258,test,8278119868388337891
9259,calibration,2489080589607592247
9260,test,4097785675998873391
9261,test,4179817331475462289
9262,train,5124671365202597467
9263,validation,17155705395833230650
9264,train,11754964841446725354
9265,train,4131631726283093323
9266,train,3188972337530208082
9267,test,6790843986534194853
9268,calibration,9675456326993775928
9269,calibration,11321341138724578764
9270,train,6469166309830396269
9271,validation,10005267986698053225
9272,calibration,3377438497809125900
9273,train,7408751869711182063
9274,test,1127763984993417357
9275,train,12984431928969190484
9276,train,6468281004191230657
9277,test,5724914131468012754
9278,test,17180961438608921387
9279,test,8759918407675822536
9280,train,760797793701728930
9281,train,7870298975833024965
9282,validation,13913584960673626385
9283,validation,8160869816147153076
9284,validation,11349156995060601173
9285,train,8081073821569374790
9286,test,12248837154905327779
9287,train,5362954992123453775
9288,train,927056867660442943
9289,train,7624933254104442017
9290,validation,9137311292744798170
9291,test,10276140793118426856
9292,train,2380709444830344768
9293,train,1223065763036658061
9294,train,17623181675246782170
9295,train,9906615893805418587
9296,train,17588000029486965973
9297,test,15649036507655295582
9298,calibration,1449065553582789391
9299,test,10347723141947785594
9300,validation,13268460769859917435
9301,train,9913888498403232697
9302,train,8409747624495597243
9303,train,11809886300597286987
9304,validation,2130861939951642363
9305,calibration,7070692383134116878
9306,validation,17184779952950601150
9307,calibration,9474377903428732144
9308,train,1182180575858785092
9309,train,5782045745981455337
9310,train,16286641547614972144
9311,train,766213814630086377
9312,train,15388944886628729283
9313,train,12506226600741019159
9314,train,9458681779142314924
9315,train,7174395581152257024
9316,train,1376817307153410509
9317,train,12978435605049892459
9318,train,16528511149227365573
9319,train,8291257407909204679
9320,train,12669139376245563404
9321,calibration,17816982803942904354
9322,test,10526357315423054498
9323,validation,3481218934472931895
9324,test,13039580158055351725
9325,train,1532695816404916148
9326,train,4046665423531759734
9327,test,12446346768799393710
9328,train,3609559668245226472
9329,train,1578361604583403266
9330,train,17113970764695595967
9331,train,3803908472973275795
9332,train,5660700882649212473
9333,train,7336583581107630228
9334,train,9342133516983676971
9335,validation,7720203775826592391
9336,validation,9659869586885634092
9337,train,5341122049366646054
9338,train,4587849642267619704
9339,train,7697544030605677194
9340,validation,1892971524944353794
9341,train,11410732242314971192
9342,test,12562517519260840911
9343,calibration,10591684632319316293
9344,train,11447946885811527974
9345,test,887115969190300704
9346,train,5280084633613873550
9347,test,15827945330693298041
9348,validation,16407605251856102472
9349,validation,14521826508909806672
9350,train,11612214174073125654
9351,train,13234682603634498293
9352,test,7870117042192617765
9353,test,15916279545255289952
9354,train,17408239418414989135
9355,train,1586471574331648530
9356,train,11648995856575782333
9357,train,8865917957701875228
9358,test,5496468262674162247
9359,validation,11362192966063278249
9360,train,10524561396820458429
9361,train,4048837024698137371
9362,train,17269098595215993196
9363,calibration,13185495510849962740
9364,train,6510807741157069973
9365,train,7156884092697590445
9366,train,13625806493113413209
9367,train,13212147272480697962
9368,train,8023785362738166621
9369,train,3466083760148287273
9370,train,13272266454560213491
9371,train,17812824375402122527
9372,test,2296547818462983005
9373,train,11839989071807751561
9374,calibration,4036652561202222400
9375,validation,14557147074414724757
9376,calibration,6508594031708441461
9377,test,1030452575644411093
9378,test,13463449507873790817
9379,train,4778678663172175804
9380,test,10941815027444273094
9381,test,16428880927953013464
9382,train,12525883664074093797
9383,train,9537155564418510729
9384,train,16817255156183924610
9385,train,5625136001974523494
9386,train,2708748371132944183
9387,train,408638970311828144
9388,train,15219364328190609979
9389,train,12939742356918153382
9390,train,17962679834868113600
9391,train,12454527429427206856
9392,train,6445254247290531131
9393,train,4883851430251676375
9394,train,16020180161759445785
9395,test,15115412975198384150
9396,train,12296500127160694515
9397,train,17133730172188544663
9398,test,9854947227876652938
9399,train,4692961079233272345
9400,calibration,16163422881534922153
9401,train,6020230978459349088
9402,train,2355168566972065294
9403,train,17328398882620428636
9404,train,5371123684089867821
9405,test,17261744869443696516
9406,train,11681805002352528007
9407,train,18438516501751570637
9408,train,594722989384876015
9409,validation,15963736585058577409
9410,train,17230585069827094284
9411,train,1156550733792563913
9412,train,13938327256664255501
9413,train,1711578509561145821
9414,test,10821233691960020912
9415,train,12810200019979967080
9416,train,5346349410890069736
9417,train,9468463531271803723
9418,train,18211131714120299889
9419,train,14857523974525708711
9420,validation,3265769879610907298
9421,train,12720170046472517227
9422,test,15850929098969309463
9423,train,5099030257840902000
9424,train,14741056151450470793
9425,train,402682297765973054
9426,train,18133862111251982292
9427,validation,18396436929231484040
9428,train,9480192280404624766
9429,train,2441252812116755651
9430,train,12637335487603333950
9431,train,12141670332622044210
9432,train,9801142227194405558
9433,train,4547995549404404249
9434,train,9484964154876142486
9435,train,4164233168020667573
9436,train,9886872349283023715
9437,test,6101587801177105882
9438,train,14586142950151004844
9439,train,16302111176088422418
9440,test,13822400321843694209
9441,test,14908656188083941125
9442,test,5439413006791073238
9443,train,8482188506739450065
9444,validation,4847997135010582056
9445,calibration,12672452672598586665
9446,test,5807022476690605407
9447,validation,13575941543481223026
9448,train,13235539422171998473
9449,train,5802082972406486831
9450,train,12800170932066409833
9451,train,6102026284327145157
9452,validation,9184607562626602977
9453,train,8741503061376065957
9454,test,17287276269748758840
9455,calibration,16115731927508102682
9456,train,7445948528952757821
9457,train,5345662810526092425
9458,calibration,17100967686192230180
9459,validation,13226741383273040589
9460,train,9830834257639647159
9461,test,2243289957584879279
9462,test,1614356461687248957
9463,train,2164831863276141334
9464,test,6514732566900020551
9465,validation,17464580235773270524
9466,train,1476314554570180351
9467,train,8243799673919162754
9468,train,1122851677522384040
9469,train,11197066323434982666
9470,calibration,13790221683871110201
9471,train,2817222563537807643
9472,train,14007590676550057116
9473,train,9556267443507302288
9474,train,17081966373738998499
9475,train,11486180711192217732
9476,test,14108554088652275011
9477,validation,5169541382564910713
9478,test,5544694757163737283
9479,train,12230195059465969539
9480,train,16817255156183924610
9481,train,3506401511182812723
9482,train,14412838536967690338
9483,train,6669875958155288827
9484,train,4765052271968342534
9485,train,10060817307124120497
9486,test,11919333011826618657
9487,validation,12792730774516432570
9488,train,82075811515644211
9489,validation,3229985690589726028
9490,calibration,10534506862126792441
9491,test,848925294874578236
9492,train,726363151050019703
9493,train,17977537374475754767
9494,train,16334625778006909523
9495,train,4973129323970986298
9496,train,1853607261758983041
9497,validation,213039496099122219
9498,validation,340205803734963735
9499,train,11209493438652646826
9500,train,4118775881683357319
9501,train,6960822489920558698
9502,train,2177838871475247150
9503,validation,8884128405624882706
9504,train,2413370625426979388
9505,train,6631990822745110601
9506,train,12254202710242181003
9507,calibration,12686497676430075864
9508,train,10629059900358232943
9509,train,16781243309366022878
9510,train,10708921123771579912
9511,train,14798938262078921476
9512,train,15238841974879972477
9513,train,17894690385046164809
9514,train,14029347216372217286
9515,calibration,5374662162575380665
9516,train,5435130771239747579
9517,train,11965800555697236761
9518,train,11049763100032945505
9519,test,598258634754824221
9520,calibration,896341994582629023
9521,test,9427651425320500541
9522,test,8623632237717453182
9523,train,16540291563382894537
9524,test,4105916450533786493
9525,test,715937377013349295
9526,train,8956933057855646350
9527,validation,7095487524329438636
9528,test,9449983204807727305
9529,validation,4414102474870791196
9530,test,10430193277062385920
9531,validation,8560366254976066714
9532,train,3854051564301363466
9533,train,3798966005900277210
9534,validation,14440160868769578313
9535,train,1752646141153456038
9536,train,4798287339383316285
9537,train,18007599308206699880
9538,train,15759814622715161093
9539,validation,9627977165956971253
9540,test,2111317953678318565
9541,calibration,4800583701441901229
9542,validation,2205136185520871805
9543,test,9425780216852330283
9544,train,12038066163689856389
9545,test,8113559556691653254
9546,train,11904360779797692437
9547,train,5695964164532903916
9548,test,13593306493236659720
9549,calibration,17387402010499192470
9550,train,828311369962703712
9551,train,12212725482798522802
9552,train,15477741045887672706
9553,test,15256112101461660080
9554,calibration,6145892815193829436
9555,train,13628081546061716442
9556,train,12231155753491207655
9557,train,8159350908433079987
9558,train,1054787813570937099
9559,train,12888335247040178958
9560,train,10248312261394610895
9561,train,4686400015905091447
9562,train,6053527833466681229
9563,test,14293105382264738072
9564,train,9723781323193734109
9565,train,8756615802765444889
9566,train,14318038911580145693
9567,train,11557082652932655158
9568,train,991063119747969143
9569,test,4283531026428655030
9570,validation,7676191037386024945
9571,train,12827375775078353270
9572,train,5277054950428378896
9573,calibration,3180886874246798177
9574,train,8081446369346201533
9575,train,10078560099996038714
9576,calibration,4807595116332875479
9577,train,14955158495447067582
9578,validation,3436758827083650234
9579,train,6113932473028987783
9580,test,12320215772705093968
9581,test,11997288532006914172
9582,calibration,12201547071679277179
9583,test,17200764258017049565
9584,calibration,16725939021722501306
9585,validation,6335682244759260917
9586,test,5790883795196420843
9587,calibration,13396370048485657510
9588,train,17435195813384423246
9589,validation,15460989400854332515
9590,test,478775520780280219
9591,train,11302815359487000763
9592,train,16190148027518961362
9593,train,1172002752549640357
9594,train,15736051039805786566
9595,train,2030257534120292080
9596,calibration,15692601649128130512
9597,calibration,14653848697101642688
9598,test,15938804694305485891
9599,validation,5486150103411498140
9600,test,16351482198965915361
9601,train,16451718528246209486
9602,test,12828903189356869713
9603,train,9308198933024214097
9604,train,14434625822940482922
9605,train,3127520759231698913
9606,train,12044946064889032560
9607,calibration,8705506249152433344
9608,calibration,3715911519082770360
9609,train,1783545920920400060
9610,test,16937811048879910277
9611,test,3213650368085672409
9612,test,11136584558169066855
9613,test,10899462116916102020
9614,calibration,17772976245400426437
9615,test,14511775993326156452
9616,train,10357876763679114100
9617,train,15924214669611171556
9618,train,10264383230481731594
9619,train,11409281751621237238
9620,test,18388481964195842968
9621,validation,1470431413354559497
9622,train,16126515053609405831
9623,train,14005700189312428223
9624,train,16395394580735499419
9625,train,13986961420947710385
9626,calibration,7586201473314378996
9627,test,1238732990180964808
9628,calibration,12639429176586860341
9629,test,7417978764279430944
9630,train,286689875354086667
9631,validation,2306918689180512519
9632,train,12221216109288072197
9633,calibration,8863522715152881960
9634,train,6552889996961098023
9635,train,6610687425403065260
9636,calibration,13116781294227692531
9637,test,10487347543226326119
9638,train,2422180517347357180
9639,train,1843504061027839227
9640,train,4659808341092634815
9641,calibration,11212021263627903024
9642,train,8197479329899397379
9643,calibration,7128024515553024543
9644,train,15196953171087474933
9645,train,8865983489482341675
9646,test,10392489186127814751
9647,train,4629101540969758789
9648,train,12846616014289232269
9649,train,2660519376292409982
9650,validation,3424706266300092376
9651,train,14660686250457117761
9652,train,14632444856673447329
9653,test,12670052798867081759
9654,validation,16807807342510600032
9655,test,5075970038978258159
9656,test,14655037589935983142
9657,train,11948674000962370655
9658,train,1753758004193797705
9659,calibration,16071404131946515753
9660,train,17784955542039595549
9661,calibration,2906910102870994240
9662,calibration,9701496286590621202
9663,validation,1426375767976452200
9664,train,13272074456211818495
9665,train,16983845130156488111
9666,train,16048003805000201620
9667,validation,5696493358042777220
9668,calibration,437921272006983132
9669,train,13174957874578005600
9670,train,17943976889695544206
9671,train,14572156034342578870
9672,train,17064068234152767632
9673,train,15736877981296404733
9674,test,11822954128871203888
9675,train,1421471321731587242
9676,validation,12018120749119936673
9677,calibration,3545437934035694604
9678,validation,4012752099330197280
9679,train,4624000040875545441
9680,test,12938632518310394944
9681,train,8152653168932644182
9682,train,17771099413818624733
9683,validation,5870184944186989311
9684,train,16620986419747684876
9685,train,1520045679859019197
9686,train,15777995826427904771
9687,train,1600530843890480477
9688,train,15083804640230396644
9689,test,17188568625148282259
9690,train,322317004438652288
9691,train,4477440033367873047
9692,train,17984200388310995194
9693,calibration,6048677625742938260
9694,test,13963550661315588275
9695,train,6593884640089759046
9696,train,6542884181617288487
9697,test,2774356343143956070
9698,train,8719357088726693666
9699,train,674615802335230800
9700,test,18427172835346989484
9701,train,12197784500885648865
9702,train,9349083670460852412
9703,train,179704045165223461
9704,test,4227433822420588630
9705,train,9043411599883504149
9706,calibration,1056764352614936344
9707,calibration,4148784829411909590
9708,test,5628793398611753784
9709,train,9632566257772867510
9710,test,7843932547227440254
9711,train,10805645580795394714
9712,test,6087823107618079797
9713,train,4861597271282143702
9714,train,4140480089950931312
9715,train,11102766372219232224
9716,calibration,5268433999899220866
9717,train,1076485510047853893
9718,train,13831427962448205451
9719,validation,5900013378906165748
9720,validation,16519415154855952780
9721,train,3898674087932977909
9722,train,3074852351253513594
9723,test,6558670088085502120
9724,train,213109023768398982
9725,validation,6734498741472060796
9726,test,18326692022928533751
9727,train,9881832416987898170
9728,train,3629129284539037564
9729,train,15503216250053360659
9730,train,14943722186049449044
9731,train,415161905434318325
9732,train,1657115470864895013
9733,train,9782178895366694430
9734,train,6234557659866901468
9735,train,17074390941677787943
9736,train,9154217129013250464
9737,train,5340527884704350454
9738,validation,8220933036133256429
9739,train,8155383774649347970
9740,validation,18131206237396948768
9741,train,817807592892148387
9742,train,2848267139418094649
9743,validation,10243333227480004825
9744,train,4730578924607996171
9745,calibration,4374821129217286783
9746,validation,3348681981170952348
9747,test,12573002624492336668
9748,train,12829870420938242261
9749,validation,17637688886722414933
9750,test,1791786066886529162
9751,test,13572924946200602544
9752,test,4782541582835714861
9753,calibration,15477130743453756946
9754,test,12761791687982003355
9755,train,9939064076821342693
9756,calibration,7090107140412202719
9757,train,14204054130222702875
9758,train,5897783167009028230
9759,train,14139921531914368450
9760,test,3065870058315160222
9761,test,9824444566126606373
9762,train,13241241300421729389
9763,train,10524116164298914637
9764,train,2700613266774060404
9765,train,13899265670303748988
9766,train,10564449735694361344
9767,test,2246362558228678691
9768,test,7068637168392811465
9769,validation,2106560111801086032
9770,train,16917959556970662274
9771,train,12317397697447207054
9772,train,1636306082700905284
9773,train,3578157430631083064
9774,calibration,8566501294675516208
9775,train,15569196533617107125
9776,train,17906186984575429536
9777,train,8304228804692333539
9778,train,9444640131733832187
9779,test,2382378477586477801
9780,train,229680809621453891
9781,train,9157751255254950286
9782,train,5206433925285208528
9783,train,11681930561336456703
9784,train,2970952076287470800
9785,validation,1214542197315471498
9786,train,13443232942912428770
9787,test,16704176660120454573
9788,train,7206364407093498316
9789,train,3698936932553791619
9790,train,12815390977207334487
9791,train,4430152140968987603
9792,validation,3856317248149333915
9793,validation,2043092204257296483
9794,calibration,17533837088488490997
9795,train,5231969846578331360
9796,train,13626950404563152424
9797,test,15477617688627936476
9798,train,6765844273208319506
9799,train,7677914359092980554
9800,train,9874661773188739529
9801,calibration,14867914961919605722
9802,train,7037846075384034108
9803,test,6337073065053736850
9804,validation,15816931582932040004
9805,train,2543983071437765314
9806,test,9627790656643131157
9807,train,18169223397269919611
9808,train,15810328769279624949
9809,test,6522475158133819031
9810,train,14055744364121694329
9811,test,2213105524272728702
9812,train,13146232930976632577
9813,train,15142754506097085672
9814,train,11048781269373988184
9815,train,2396070197087561590
9816,train,12223068805302111384
9817,train,6597769004406225056
9818,train,4057252218008196574
9819,train,2972475546161524534
9820,train,17840321457228969484
9821,train,1266373652451836551
9822,train,6199445617081520972
9823,train,12062712619388311172
9824,train,11271968576646176285
9825,train,16063175186782279527
9826,validation,1998226941214295443
9827,train,4872528372511942435
9828,test,4637221970135752562
9829,train,7938812341299340865
9830,train,6470213086396735164
9831,train,6581281375992952798
9832,train,9363278309017223421
9833,calibration,13909438947957025065
9834,train,2199569133561248324
9835,train,17655122932304043993
9836,calibration,14391578914198182314
9837,calibration,12276394816973502576
9838,train,15533770103358329293
9839,validation,2308960665037517400
9840,train,16010468386487388675
9841,test,6396287445679249156
9842,train,3375035809589855021
9843,train,11323067508468024686
9844,train,4853931714714042910
9845,train,8739639320154668638
9846,train,530489525963080738
9847,test,1511548149624950122
9848,test,2380778616000559763
9849,validation,17128207164775871442
9850,train,13874068119004509802
9851,train,7457682265594042284
9852,train,18113076735099411789
9853,train,5381140209009667422
9854,train,949135526513529131
9855,train,1095629943609150316
9856,train,16241736193556943506
9857,validation,3121420037356598635
9858,train,14248555470850395991
9859,train,3198011348863129393
9860,train,10917657758095211498
9861,train,14429153797745304722
9862,test,9140973676524039048
9863,validation,18093159070223434362
9864,train,14553995082757074924
9865,train,900401361614841837
9866,test,2142623868571106091
9867,validation,1540448733682048010
9868,validation,2982655258048738669
9869,train,16446839388715222167
9870,test,4459846151000218342
9871,train,8614432741794005788
9872,train,3633931015333668467
9873,train,18446122754331173018
9874,validation,1146518145660145076
9875,train,3366423502945732849
9876,test,15352127190043779298
9877,train,13253249661860903519
9878,train,16668289571973784206
9879,calibration,10282256203341889018
9880,train,3499096088921646564
9881,train,8493530937275968756
9882,train,2583635080634830657
9883,train,17079003703982792423
9884,train,17451775972768767226
9885,calibration,9079400076057842187
9886,train,7865557180753332202
9887,calibration,709273017387380131
9888,train,514943823432417526
9889,train,7717401036370977556
9890,train,1711578509561145821
9891,train,10832411810387540692
9892,train,16731367972587347796
9893,train,14871174603245824347
9894,validation,9561322363639979841
9895,train,17663974502218867421
9896,validation,13306064715133695875
9897,train,17512465331865575854
9898,train,10395407371631924530
9899,train,4109191357858644743
9900,validation,3328678857602157911
9901,train,13976646504122311910
9902,train,11995634699211649938
9903,validation,1441625272688232505
9904,validation,3856317248149333915
9905,train,17243371568576569764
9906,train,14604278816450848293
9907,train,18232809138919809514
9908,test,3199757093185503415
9909,train,7017545671248404270
9910,calibration,12343954585487067708
9911,calibration,7230086238277244619
9912,train,6080632158389366356
9913,train,4583316000621344938
9914,train,2238278370131939737
9915,test,1073193615843721232
9916,train,8081399793375684977
9917,train,11303484611396273205
9918,train,12746189924937656982
9919,train,13449296124945442782
9920,train,6120753279340598429
9921,calibration,16428887798263454172
9922,train,3114001787038212596
9923,validation,4342491994495930699
9924,train,9012708393033529168
9925,train,1143940993052929867
9926,test,13707099889710953074
9927,train,13709883081340726158
9928,train,5605347363949843004
9929,train,4868736722144200888
9930,test,9371167820411030102
9931,train,5683357207455100211
9932,train,7204288181622376066
9933,train,6859662986440001873
9934,train,4684791558755016157
9935,test,6294951783288391235
9936,validation,17706676889262991492
9937,train,17924679158308610087
9938,train,17258984339300673537
9939,train,14752206997193096933
9940,train,1013842687174667686
9941,train,8232425447695827876
9942,test,2123872832503727542
9943,train,13872883320539017898
9944,validation,6916996194739175977
9945,train,14659861274896168812
9946,test,6052810205039222700
9947,test,8462487959825297512
9948,train,6522238378207641175
9949,train,3119079796313318057
9950,train,6216021687695912815
9951,train,9982952838178920878
9952,test,9771680989298236720
9953,train,13915453558305462342
9954,train,3139517116270542250
9955,validation,6291777376466075188
9956,train,13275672755734220831
9957,train,15822404521579313244
9958,test,3382633255039870991
9959,train,8923627616671890370
9960,train,15954813625148923489
9961,train,16353727254947211395
9962,train,16410495237873190648
9963,calibration,7266093859143365851
9964,test,1144614349686005910
9965,train,7529588164248390535
9966,train,2522541607258246333
9967,test,17445570983163518396
9968,train,1902954079722413466
9969,calibration,719132184347621202
9970,train,3211942911738660769
9971,validation,5370155335733414425
9972,calibration,1686838609818103044
9973,train,522555204151044995
9974,test,13583842716181039734
9975,calibration,5303481811056530422
9976,train,9392015110304041434
9977,train,10875558801879073359
9978,train,17951943105772541547
9979,train,11611685097350660872
9980,train,9947042872179237560
9981,train,9771717714555366366
9982,test,14666514037181378104
9983,train,5731976361568090517
9984,test,2885978976320102329
9985,test,624460974552306729
9986,calibration,15285687233201734843
9987,test,6407712842034549306
9988,test,18015212886394410095
9989,train,5910675210996834251
9990,train,2875884783808881889
9991,test,11694975681296804454
9992,train,12467017849745681712
9993,calibration,12878016705050225056
9994,validation,8423059420744869750
9995,train,4898716323955059808
9996,calibration,1688932305493581367
9997,train,8614591660818295670
9998,train,13523305595052831642
9999,train,17535766919982378382
10000,train,14034886991660923244
10001,calibration,15420277052649205088
10002,test,17821232855267710395
10003,test,11548375932285424940
10004,test,16706324904823668906
10005,train,11909015630755853774
10006,train,81611657548521864
10007,train,2126438635862851016
10008,train,3143401065010210504
10009,train,1675998860436706414
10010,train,11308266002645584773
10011,train,5469117394452123944
10012,train,17280349282341416206
10013,test,464851065436393677
10014,validation,6161548313499483361
10015,test,8346573838918397158
10016,train,16856462509459432072
10017,calibration,3376863593479970880
10018,validation,8337446962260791005
10019,test,16034104422667778901
10020,train,10839875313687312614
10021,test,10033053981703205591
10022,train,1861911710673394898
10023,train,11826736717381043834
10024,train,3455185898090481110
10025,train,17672113895397898952
10026,train,16157897360388764960
10027,validation,15676301010396483222
10028,train,14525641570939655026
10029,train,6393881808548022170
10030,validation,1023997019130532254
10031,test,11796160784688621135
10032,train,7335926543703550181
10033,validation,6005572987843146121
10034,train,8011997808024661521
10035,train,6520758112082021795
10036,train,8443120024481389126
10037,test,11616357704365939962
10038,test,3020727508262598804
10039,train,8025439111522420336
10040,test,15068861420323031341
10041,train,5607626597444506857
10042,validation,8112669563690083597
10043,train,532142966396867725
10044,train,6693149679747203782
10045,train,6295867218956446963
10046,train,6708645454107834381
10047,test,1917960973121055185
10048,train,7424700033307125807
10049,test,13813005603576277740
10050,train,220351999456956148
10051,train,12837134125584242655
10052,train,6900505160121297987
10053,calibration,18049856031491317917
10054,calibration,8404633395053259795
10055,calibration,156676588509080395
10056,validation,4253190240154858422
10057,test,1178890854271963865
10058,train,4387102353805376180
10059,train,6515172030159396483
10060,train,3927466624174788376
10061,validation,1497521463024135878
10062,train,10349749133543163884
10063,train,12809887620918197491
10064,train,18006933702691170909
10065,train,5182185653598483425
10066,train,3179248051177120374
10067,train,10394981947535458043
10068,test,7148980222705042396
10069,calibration,11487660238830737214
10070,train,17367442087863566855
10071,train,6468226598177074307
10072,test,865934312870762598
10073,validation,5763742021114477922
10074,train,14083210858769813469
10075,test,18151067485535058635
10076,train,3364765025025584111
10077,train,3860051227117467072
10078,train,6778932885231352860
10079,train,11186575520658573176
10080,train,16904426270818115946
10081,train,11962036617547561742
10082,test,9054656786196565841
10083,test,9171143909613790305
10084,calibration,9244123591378345073
10085,validation,16697226483251131982
10086,validation,17400716858588534393
10087,train,11020214502926854281
10088,train,803432361673444514
10089,train,16376409061811192221
10090,calibration,13487215101637466368
10091,train,4606217364251224848
10092,test,18002220627543881462
10093,train,17233552869549358431
10094,train,17488223715119109572
10095,train,9877135513607851484
10096,train,5414074999502953640
10097,train,13671260762629551726
10098,validation,615173977855433558
10099,train,18337391793807122475
10100,validation,10581717987866772152
10101,train,2947947394663869969
10102,train,12928485159693434396
10103,train,3464469108332037573
10104,train,16150801009539877793
10105,validation,18431552269266620676
10106,validation,14498597199773565089
10107,test,14108554088652275011
10108,train,3621921384592506298
10109,train,3045181585279385418
10110,train,2918838652558967030
10111,calibration,4743344172672998413
10112,test,10712751292189817100
10113,train,3114724798058203226
10114,validation,9085839041114361505
10115,test,16579539423991917978
10116,train,1337467590668079810
10117,validation,14272727081320051373
10118,test,9486156888162332444
10119,train,18279412180219060542
10120,train,16725344383098669787
10121,train,1036751062761815015
10122,train,15751858939871503679
10123,train,4264593150739844075
10124,validation,13227379725799823136
10125,test,1956773229383042054
10126,calibration,14009469558107969532
10127,test,13947168105104212557
10128,calibration,3626966665415389545
10129,test,16247511712595885877
10130,train,15390486503938820904
10131,test,16079001529995839214
10132,train,1225734396599411130
10133,test,13450550344962369753
10134,train,4930825571411400941
10135,calibration,16386249120859971285
10136,train,1241028794433818429
10137,train,11344598396501007581
10138,calibration,8440017450986042394
10139,test,10700221268107248411
10140,calibration,12355287507637446978
10141,test,16877957065143965703
10142,train,16572655471188497000
10143,test,15668958285252957271
10144,train,1363876063691998849
10145,train,531511052080256016
10146,train,5831253423961960706
10147,train,15121280306270640754
10148,calibration,11934477073723755868
10149,test,795433156861903125
10150,train,16405327261726161036
10151,train,14546297709724783242
10152,test,15462440824394147651
10153,test,7226987750468371751
10154,calibration,3372011611132126488
10155,train,15325996235676721206
10156,test,2057168236624485007
10157,train,11047424298882536866
10158,train,10845137696955158508
10159,validation,13935291025865760387
10160,calibration,11032641845822894178
10161,train,9580227070701235123
10162,train,4454595316346555913
10163,train,5615446838822353562
10164,test,3039034738579054135
10165,calibration,14529881053887230738
10166,calibration,18305437919193653741
10167,train,2427869508927857118
10168,train,1294548188372003624
10169,calibration,10052109923156081445
10170,train,10885893188325363014
10171,validation,4451484066025107325
10172,train,8496634098680596689
10173,validation,13054257598045284334
10174,train,10702561517324294162
10175,train,16012711011915273099
10176,train,12549791007339057284
10177,test,15305091376473236163
10178,validation,18297357558033165653
10179,train,12634775244613472836
10180,train,9403598278070399392
10181,validation,17390097883713837155
10182,test,17888847878661130499
10183,train,4117471756157641950
10184,validation,18184825968505076319
10185,test,15203394263698380558
10186,validation,962843098542332501
10187,train,28124835687926346
10188,test,15270697852439737664
10189,calibration,18264848464314581533
10190,test,8299927920066040635
10191,train,8059678122901677235
10192,test,17895256919106917994
10193,train,4321749055692248425
10194,train,11650618476931334588
10195,test,6864445484301716139
10196,train,16588235825789289665
10197,validation,7620447194866472755
10198,test,13594454668216854677
10199,train,10382149301435690367
10200,train,11710322423444024795
10201,train,14146090246745537231
10202,test,13384919001136905714
10203,train,13849793882693457321
10204,train,12394657571566266180
10205,test,10995486030147538310
10206,train,8222839485869328464
10207,train,2449344916249489941
10208,train,638038730080940545
10209,train,17140950489720020797
10210,train,1477822582547083641
10211,calibration,17495756898325385849
10212,validation,10086154848333056825
10213,train,751609811932937446
10214,test,5317514898482206009
10215,test,8619255455262839343
10216,train,8012440676427265723
10217,calibration,11173553724920659123
10218,validation,15529587982427555050
10219,train,2974225185107004158
10220,train,4819208695875801076
10221,validation,11154364105688822265
10222,calibration,14048711113793790380
10223,train,18321080961707057338
10224,train,1914495155875004410
10225,train,5777943131800594669
10226,calibration,18220303254321733565
10227,train,713114395104679286
10228,train,10255589496964296956
10229,train,17374678914156548985
10230,train,17914785544682711969
10231,validation,6789092933748829174
10232,calibration,11908713122498258181
10233,train,4368417323691494263
10234,train,5097548040658353539
10235,test,18188670055375695509
10236,train,2023385982748530336
10237,train,13614133125301087532
10238,train,13169295647461097221
10239,test,2447543334217719343
10240,train,3084970278947592955
10241,train,17357647886480798218
10242,test,8237341279164805762
10243,test,16819373333388381220
10244,train,16570846351075142211
10245,train,9958422590355919754
10246,test,8976644009417969078
10247,train,8285967987460258155
10248,train,13135090530319333719
10249,calibration,7533195506625561120
10250,train,7079815885541474659
10251,train,1711578509561145821
10252,train,10653683698979605761
10253,train,4018971046762083364
10254,test,4604697800621213178
10255,train,2196733308926182146
10256,test,10586371893922758617
10257,train,10532639045311916644
10258,train,565081179242858
10259,train,13839694435811558347
10260,test,6878062716302277897
10261,validation,12489392792641947374
10262,test,3050641129109118356
10263,train,3310514758977054007
10264,train,17967226504461278154
10265,train,11460661906046646603
10266,train,7712811928369169674
10267,train,12088213804053218066
10268,validation,13772903659504844948
10269,test,14540388935479664721
10270,train,2660759077151161612
10271,train,10854511696427396155
10272,train,6452582615530533109
10273,calibration,14019284257404749622
10274,calibration,15539213936784210056
10275,train,14663587165487158392
10276,train,4818912219005393956
10277,train,12502332716283372890
10278,validation,13644681621456530632
10279,train,2766164696766147191
10280,train,10287084507902645861
10281,test,4287080277059635446
10282,test,15135351713182623386
10283,train,8011169599580270533
10284,train,8251148899485135744
10285,train,12076333256273303520
10286,train,12134663661134022898
10287,calibration,6791832462994728391
10288,test,4126534568887903997
10289,train,16644901883310339247
10290,train,6565286343168611017
10291,train,10300161591628839655
10292,test,17357288325825470002
10293,train,5471012913136054955
10294,validation,8151039864461111194
10295,train,15895295638925080567
10296,calibration,5967715240196406999
10297,test,16184636334286125157
10298,train,16815721219025375373
10299,calibration,8377216112985551147
10300,calibration,14705786737770118181
10301,validation,13534116936835309092
10302,calibration,14567959121773306559
10303,calibration,3765082595593855998
10304,train,5909358711983156702
10305,validation,6116247550235341540
10306,train,10832597284321789421
10307,train,16196641815854267169
10308,calibration,3378945475489099503
10309,test,13792592007908420878
10310,test,7166989327963984827
10311,train,1468078002773894073
10312,test,5770090572720393531
10313,test,3043963865151405956
10314,train,17857548970282487955
10315,validation,16548150380950217068
10316,test,4342847799220114839
10317,validation,10069357218559382250
10318,train,16892643970898268724
10319,calibration,5262990985111892907
10320,train,16093265036791052569
10321,train,13918152782110241580
10322,validation,8792703798342676562
10323,test,12414108745166564724
10324,test,7017882769302204894
10325,calibration,18109631475712092836
10326,train,2996028352144053868
10327,train,16288332597247601515
10328,train,7281502910868625556
10329,train,6360799623611014895
10330,test,7078612321414932999
10331,test,233964923036121819
10332,train,8366143249419759728
10333,test,2057952936286644067
10334,train,2577701881910392891
10335,validation,8591514129259598841
10336,train,8728724463979576930
10337,train,8010651119552544595
10338,calibration,3431981822662541846
10339,validation,16451527580365393209
10340,train,16654405517361301565
10341,test,11634845800624961125
10342,calibration,10445069325187835990
10343,test,12732776579106776870
10344,validation,16521458190443214073
10345,calibration,9322128027543552914
10346,train,14629636805003893788
10347,calibration,1845586960267818053
10348,train,14496585692959904228
10349,train,4322283442690403009
10350,train,5254966312597915456
10351,train,10571541946072844242
10352,test,14454887799921827613
10353,calibration,16038171783227354228
10354,test,16332488909083808116
10355,train,13192224420022322216
10356,train,12265740973327681412
10357,train,9702392332772571631
10358,train,17231056621098094625
10359,test,18172660348763845540
10360,train,6426427174936280084
10361,train,16610128010175690675
10362,calibration,13710099420932097717
10363,train,12271740531685513634
10364,train,3293552189002899406
10365,test,628088510817326311
10366,train,8010968923072257757
10367,calibration,15885362162364782093
10368,validation,2448138912574929411
10369,train,4369386652667158401
10370,train,15980010476953940591
10371,test,15822360764361680003
10372,train,25330292093522191
10373,train,7705561748264627151
10374,train,2019512489483654189
10375,train,13628081546061716442
10376,test,10754143586167946717
10377,calibration,7309739629019648133
10378,calibration,17316787647510048369
10379,train,17322527077702119388
10380,train,13554257891399960740
10381,train,14368936979892678579
10382,train,15067636969505892944
10383,train,5370262089432492483
10384,test,15506676230895864585
10385,calibration,16481924295913759338
10386,train,10138017591776602120
10387,validation,13304436935568022110
10388,test,18396587470179041873
10389,calibration,15622886167878295081
10390,validation,13783920894977761910
10391,train,13682538231702432738
10392,train,13607782330395125505
10393,calibration,11367615786611899263
10394,test,16227358145057887859
10395,calibration,13264508735480212031
10396,test,5228914537606696153
10397,train,13628081546061716442
10398,calibration,11281840817601931582
10399,calibration,9842091736854768897
10400,train,11791837721552024950
10401,calibration,12923385216688972516
10402,validation,1556720856939542415
10403,train,11119756324359923056
10404,train,13706452909038876829
10405,test,17342505597180527800
10406,test,8963857030027065765
10407,train,17913650520240978477
10408,train,7785431688896600176
10409,train,4886048392762170366
10410,train,8812217347888037684
10411,calibration,14120821670762924734
10412,train,2341541463254355802
10413,test,16203341115329991840
10414,train,17095361325280742868
10415,train,18403677262748860298
10416,test,3696639737345659934
10417,train,960360874251385542
10418,train,1876187588229872343
10419,validation,13786636266641574826
10420,train,3573139578820665517
10421,train,9312767298169416045
10422,train,6587130042991224902
10423,test,7809449470376360359
10424,train,8513114516175160440
10425,calibration,12987438525606781212
10426,test,2174917705742861437
10427,train,8951418027932475438
10428,train,13768423474944675700
10429,test,12204628023402335683
10430,test,412817851854872836
10431,test,12365919839067393179
10432,train,15169530110128570700
10433,train,15172447374376678567
10434,train,11955146872165769828
10435,train,5844151745554130413
10436,test,428539905475714070
10437,train,12002586612937342805
10438,train,10524079491512473535
10439,validation,12487116416972079197
10440,train,7776240321294766962
10441,train,16486908922024703897
10442,train,11704558094208057446
10443,train,10304291690608061502
10444,train,11147266337770836711
10445,train,16345439342523399918
10446,validation,15556171560418665406
10447,train,1564302405312304636
10448,train,1670657012423898155
10449,train,10604419388664482663
10450,train,17432863770866014907
10451,train,4266335640412314834
10452,test,1705390173136767786
10453,train,14852465903943478263
10454,calibration,2495545367650173609
10455,validation,15532675634863289502
10456,train,12938063899778282992
10457,calibration,7352515387436997874
10458,validation,11008175767445769122
10459,validation,11314379458745484734
10460,test,3292390266481152780
10461,test,18244470138799473724
10462,train,14704355870106974674
10463,test,12251064753103707811
10464,train,5156143203328235350
10465,train,12661438813437856175
10466,test,6948203123379660171
10467,train,11450070509695818367
10468,train,7310929880796171764
10469,train,15133763374804677542
10470,train,17812647956997660928
10471,train,674615802335230800
10472,train,8505417514393867650
10473,validation,10273172754117208078
10474,train,2233446223830017719
10475,train,13894377537098049483
10476,train,17974759045899650420
10477,test,17644752272241165223
10478,train,13979349539316187334
10479,train,14825104398824211463
10480,train,5383106017067739131
10481,train,2285206700247221412
10482,train,9736667450425735261
10483,test,706797639660596018
10484,train,14705354021150574129
10485,train,17813093228780416723
10486,train,674615802335230800
10487,test,17187990298762740038
10488,validation,8170547846324582795
10489,train,11766570878093225706
10490,train,15747234202692844342
10491,calibration,12509805813429317859
10492,train,14396055625865308980
10493,train,13705950001294476392
10494,train,17698642968322577469
10495,calibration,16140891684494137192
10496,calibration,8580842155952125126
10497,train,1729436516571151142
10498,train,16507421265083670810
10499,train,9407897167090222233
10500,train,9745911004528824087
10501,test,17797374129931268609
10502,train,428481697233373926
10503,train,3957499744820201774
10504,train,17576127869277078079
10505,train,4992876159644558586
10506,train,1248638657432003755
10507,test,2575583062758059392
10508,train,16817255156183924610
10509,test,15652970944084578965
10510,train,4827395207268408849
10511,test,16971994699824221691
10512,train,13914409093197719342
10513,test,14402312428745952636
10514,train,5612807637079022616
10515,calibration,14501231435354278468
10516,train,16237971796090988572
10517,calibration,15849816749559997534
10518,test,4585691965093372046
10519,validation,7981481153187753021
10520,train,9827399742635079022
10521,validation,11155668856376939215
10522,train,1432002787560025227
10523,validation,6215923059039864974
10524,calibration,17354869284407762821
10525,train,386989803760988630
10526,train,9453004697939241801
10527,test,5072578264639063355
10528,train,10932644349706388061
10529,train,6637773028569087466
10530,test,4947771069079905117
10531,train,15692383343727688415
10532,test,7781841871940813999
10533,train,12694066635556813165
10534,train,6566627317492154488
10535,test,5395177135210322778
10536,test,3147744883841176303
10537,train,17537517897324879026
10538,train,14688433490944059355
10539,train,3472001589087696260
10540,train,1896382403604878557
10541,train,2942998160319884563
10542,train,18121885578933084870
10543,train,12133404751432140528
10544,train,7312815298412792951
10545,train,10529747647102006966
10546,train,6074256391396578247
10547,train,2055043935612997108
10548,train,9681754105070828943
10549,train,4339540692799899629
10550,train,4658202203690318521
10551,train,12268019455969724991
10552,train,2932906470723103164
10553,train,418089692239560773
10554,calibration,7816217482280624712
10555,train,4018716624977217615
10556,train,13645424787980009709
10557,calibration,17654993139042342253
10558,train,1301079438280246687
10559,train,12414483761252982873
10560,test,9748561866706050107
10561,validation,1254998713504851679
10562,calibration,9564226448371451442
10563,train,5830076076537907733
10564,validation,4859140918547092073
10565,train,14736718964660899946
10566,train,5365898388389975432
10567,test,13425256044313586010
10568,train,6250889220272764378
10569,test,2526680216153647634
10570,train,9628538170985118745
10571,calibration,2236890087116301650
10572,train,16398181452055446889
10573,train,5613879246927595976
10574,train,8684365545677708088
10575,train,18304806202770517231
10576,train,17186040580265104073
10577,train,11811289688253276916
10578,test,17995362007232826720
10579,train,5669569557745544554
10580,train,492037102381217066
10581,test,13549811138559512882
10582,train,3224038195552276284
10583,validation,11170572714145592379
10584,train,3656548840224010140
10585,train,2040248877634614419
10586,train,13496760025222290000
10587,validation,7460598011825719114
10588,calibration,1215148808986552205
10589,train,16975599890057110799
10590,test,8042525428372431011
10591,validation,440392785999613772
10592,train,3994300580186688462
10593,train,6990798008229959353
10594,train,18433841316346265903
10595,train,11746056251271186065
10596,train,5469038528280751438
10597,test,14060333047779147550
10598,calibration,12614164210281936265
10599,validation,10889506811924623321
10600,train,9195724434979907298
10601,train,3376980473574934473
10602,train,3093742101741109948
10603,train,14363538431395336727
10604,train,2809648968143947026
10605,train,13977620685423263935
10606,train,16831967281493168287
10607,train,16877847411703309967
10608,test,7705197008538450486
10609,test,13671984208291589221
10610,train,11523692495529327972
10611,train,14439394674117927595
10612,test,13884451921690164895
10613,train,3604863891296794455
10614,test,6844233254216302501
10615,test,6341463400481803783
10616,train,10200817268537260218
10617,calibration,10056350840068174628
10618,train,2990759587028180941
10619,train,1280318292308889232
10620,train,11266171511267783317
10621,test,18055056772607836724
10622,train,3661532545637204276
10623,test,13570197984839854896
10624,validation,5506305878938356787
10625,test,8516432956667288741
10626,test,161681944341657901
10627,calibration,1499556480242695779
10628,train,7080403508035606861
10629,train,6902291403055081401
10630,test,2377289432696872337
10631,validation,11292119364905641157
10632,calibration,5845187343599162118
10633,calibration,2192435186173080132
10634,test,10572036976477949241
10635,test,1778186402333782546
10636,train,10147703640270906078
10637,train,3349136897805249107
10638,train,3298078947346881317
10639,train,990640260682238477
10640,train,8860395837583925315
10641,calibration,7667589177032111163
10642,test,6071592588513197535
10643,calibration,8699388860793687263
10644,train,3426104144757539228
10645,test,5033383845417877898
10646,train,8438471206145586184
10647,calibration,12852229723622924147
10648,test,4743120303268588929
10649,test,6526930362412106517
10650,train,15700937758902432037
10651,train,2391782876346752490
10652,train,1249298046767654592
10653,train,5332138197185754945
10654,test,12929980842369331384
10655,calibration,855735365565850284
10656,train,10877277531497345293
10657,calibration,16504039094518287869
10658,train,14878995876536634078
10659,train,10860520597240019384
10660,train,16451718528246209486
10661,validation,2862209901089854724
10662,train,14394123705358232749
10663,train,15965045310035481749
10664,train,11367280284386210196
10665,train,11532189544297873088
10666,train,12958388234362329006
10667,train,9087953473377125344
10668,train,437672244287034316
10669,train,15470624257053411870
10670,test,17366514962507202070
10671,validation,9912925053444700340
10672,train,16357510442445904295
10673,train,6108558422238402169
10674,train,3232885155357036522
10675,train,5568312587704520548
10676,test,6530649813001576760
10677,train,16424402241592007208
10678,calibration,4632863707278580945
10679,train,4178371627927591357
10680,train,8431918505197120868
10681,test,8487271981701760904
10682,test,4822558757624273080
10683,test,9976303061656293221
10684,validation,17309490308750358324
10685,train,5258501759400725343
10686,train,11718910210060818154
10687,calibration,5434415383780519646
10688,train,2011026903233973780
10689,calibration,17595303550654517808
10690,test,9074974525831131117
10691,train,2090584407945956718
10692,calibration,18245160280942986476
10693,train,10117520171670100259
10694,validation,9494282056316593489
10695,train,16781469390686764266
10696,train,637060246058354426
10697,calibration,6548302508608677509
10698,validation,10508759518057964636
10699,validation,3856317248149333915
10700,calibration,16896029356092324201
10701,validation,15434094332493280495
10702,train,11852933159638842119
10703,train,7153835412482462582
10704,test,14719371746902379070
10705,train,16592484335377541119
10706,train,6348707905265949931
10707,test,7414215653421610780
10708,calibration,1670056052597543994
10709,calibration,13484637401020547089
10710,train,322317004438652288
10711,train,18365408061457826661
10712,train,2666712960754625673
10713,train,1168726476048509118
10714,train,8685181990449349679
10715,test,13365297495455555094
10716,train,6999725890485082000
10717,train,17506625021187538689
10718,train,18088713642791897422
10719,test,10805630096084638525
10720,train,2142109226917328564
10721,test,17578979955269933426
10722,test,2396685033408624297
10723,train,9266202264075289230
10724,train,17247516858313364902
10725,train,9950701931667208377
10726,test,10244804633176042646
10727,train,18128414175789539796
10728,train,7220721847278111707
10729,calibration,15433049611584327291
10730,train,7515996097325120665
10731,test,7227737132204069635
10732,test,13872709812196733521
10733,test,17859513671656578726
10734,train,17080559914170686928
10735,train,12472579931491884592
10736,train,11879708093348645917
10737,test,3459449902637507851
10738,test,14208197253453388848
10739,train,14635420872236204272
10740,test,379174175688719444
10741,test,15646602317157688157
10742,train,16817255156183924610
10743,train,16331662602080274843
10744,train,7962447518515768950
10745,train,16170297848011400699
10746,test,10765538847843450264
10747,train,8554658190990223525
10748,train,7802746993457086562
10749,train,1970609373993083079
10750,train,12448129194489989933
10751,train,12588876749344620059
10752,train,172434726647919556
10753,train,758710695306831297
10754,validation,14878510999816054285
10755,train,13510306187691630405
10756,train,9822243297356926119
10757,calibration,13284072381468407686
10758,test,54706744373625606
10759,train,11208149885214057722
10760,train,16817255156183924610
10761,calibration,341846972789779408
10762,calibration,12843150374140256685
10763,train,15734605232956477737
10764,train,7075619789038749967
10765,test,17029210153720390072
10766,test,4924529393737746739
10767,validation,3488267589485141909
10768,calibration,5860739124528983071
10769,test,14637876364922062899
10770,test,15541647723457546060
10771,train,7847874333066276116
10772,train,13959539823797300095
10773,train,12558733261868514212
10774,calibration,12735341255034425752
10775,train,32903291832608944
10776,test,17225463708883670682
10777,train,16817255156183924610
10778,test,7116145566142612481
10779,test,7661863713083700946
10780,train,12295279784207916519
10781,train,12726249878785946500
10782,train,15916797777419725947
10783,test,16199642912992597324
10784,test,18354404678185057664
10785,train,2971123894784827814
10786,test,17638631643217518600
10787,test,2048167497959637327
10788,calibration,14246988774561803270
10789,train,16801699199636579574
10790,validation,12364170081780572267
10791,train,9070568204043245882
10792,calibration,1037374574556943057
10793,calibration,9466407888702094922
10794,train,12869166868557749869
10795,train,7142754898043560819
10796,train,5553910296141145360
10797,validation,15040451133772632615
10798,train,5061942706032036462
10799,test,9661363452897142983
10800,train,7119372477274404848
10801,train,4461623321541800384
10802,train,13960915297610505616
10803,train,10724918459906102158
10804,calibration,1188655079115026746
10805,train,8316554556287847881
10806,train,7727948960287631035
10807,test,2939846036350609792
10808,test,13897464014163146158
10809,train,3010111944752691302
10810,train,9896834964459963902
10811,train,15120707924540967467
10812,calibration,162423120827442317
10813,test,8559640168965364417
10814,calibration,12429008698005606478
10815,train,13269650828525288684
10816,calibration,2244952035470586104
10817,train,13792814577726123517
10818,train,10560910549410329616
10819,train,10152188731391152754
10820,train,8707567762506859412
10821,train,1351868198262066633
10822,train,2061528020724810463
10823,test,15932377259985231989
10824,test,3055494328567815296
10825,calibration,3393292123952873884
10826,train,12043831661828079250
10827,test,6514732566900020551
10828,test,5996902054678466246
10829,train,8855721734077043192
10830,train,6714560341356602079
10831,train,17751125463025580706
10832,train,1416669867238553952
10833,train,15603095342057981885
10834,train,7372424112736268750
10835,test,10414895239261990587
10836,test,12635640937774441995
10837,validation,10495007894131290002
10838,train,17888847746267103321
10839,train,17297118468861330251
10840,calibration,16159312848073607364
10841,validation,238726462877048422
10842,test,7059254884627165564
10843,train,16365771842587112488
10844,train,16293932398656457806
10845,train,13116851708978739869
10846,test,10404963702558087942
10847,test,16445048514760386706
10848,train,3561199995963837048
10849,train,14453019339887901236
10850,calibration,11239594786041742986
10851,train,17064873396164324627
10852,validation,447451346609055332
10853,validation,16811710697065992449
10854,train,17486383338274457005
10855,train,13561566553902572574
10856,train,7130834051428148246
10857,train,1488179956992538825
10858,test,16822273607117307436
10859,train,11921364308270445661
10860,test,16076253567110585294
10861,train,7681509354546206069
10862,train,11950365362413896915
10863,train,7173891693466375919
10864,test,12683183584974148728
10865,train,2182542750187100110
10866,train,8848520527324614356
10867,train,13047392106342993559
10868,test,15474062253154801637
10869,train,13983075198350588235
10870,validation,8225694660882971485
10871,train,13041784659034088633
10872,calibration,17421781411833502161
10873,train,6421345879523034303
10874,train,15473799456519672641
10875,train,2358767235121201116
10876,train,2942001721189812207
10877,train,16133936244320602115
10878,train,16188161177283022074
10879,train,8079040353016224737
10880,train,8185679447890797767
10881,test,10008453661358870733
10882,calibration,16698048607368161400
10883,calibration,18440903142666496797
10884,train,4803008309231804751
10885,train,18415985853351960054
10886,train,1711578509561145821
10887,train,2019854194194410818
10888,validation,2351835937022862662
10889,validation,13747028323415787651
10890,test,13831243964857130131
10891,train,6301418589321836809
10892,train,2503881878787665975
10893,train,13736663381792349343
10894,calibration,5209891183303116584
10895,train,1312235038980262044
10896,train,11715514589653621730
10897,test,6120969643928183647
10898,train,3834491610405087945
10899,train,12612730750223978857
10900,train,12243305245789496976
10901,validation,773306181559766464
10902,test,18226350617191439372
10903,test,3609511806448430602
10904,calibration,13308972611302786650
10905,train,14938815128321956885
10906,train,9608983574097130916
10907,train,9821092764903920533
10908,train,16996736188964363898
10909,train,1501846828813173622
10910,train,11155472379913660876
10911,validation,10916013083736601578
10912,train,13335467058517018431
10913,train,16851469168330356300
10914,train,17198110878721432883
10915,train,12326324528789592478
10916,train,318321497882795530
10917,train,13086928922434672197
10918,calibration,2156714802866796681
10919,train,15826889995646974458
10920,validation,5084076033128666483
10921,test,16847984956435175872
10922,train,11134179967382616228
10923,train,1194367292287345905
10924,train,15693992284454005158
10925,train,6544794385157114289
10926,validation,17952918524867169612
10927,train,10489761191939805280
10928,train,7099802838514611850
10929,calibration,4743344172672998413
10930,train,3938621385155363275
10931,train,2812504786621406118
10932,train,10793448284758855585
10933,calibration,13389524058109550527
10934,validation,16030668337626239407
10935,train,14294962222877191645
10936,train,18068637599295954411
10937,calibration,4484174777345697895
10938,calibration,10136152034045185479
10939,test,3637605777678384063
10940,train,11779422689946136939
10941,train,18431432964433233351
10942,calibration,12965197679107210567
10943,train,9319756617534004292
10944,train,6901730225812009492
10945,train,611351911701229957
10946,test,9999535095034844197
10947,train,10808293252376527559
10948,test,17813834844125052594
10949,train,14166842079233561638
10950,train,16025838010887885568
10951,train,672374960971771441
10952,train,11462214037671157346
10953,test,17502769007211272251
10954,train,6496185615403860710
10955,train,685076321267385266
10956,validation,10781433484329137265
10957,train,7809365718376213946
10958,test,6204207222517434445
10959,validation,12395878613671308320
10960,train,11298773324168853162
10961,train,16779081720238254544
10962,calibration,11123051151821171108
10963,train,11941443803921628536
10964,calibration,13209465309152548405
10965,train,10075400107857381676
10966,train,1388095389981569611
10967,train,1640549315012913503
10968,calibration,2251092260566035273
10969,train,8634847268497100840
10970,validation,16984286705026536258
10971,train,12965766302859458854
10972,train,4557177811382976539
10973,train,12511054172876222602
10974,train,1685538983685044706
10975,train,15337235530941487630
10976,train,16780830586120347088
10977,train,3854051564301363466
10978,test,13997064029604525035
10979,test,7714329481305098352
10980,train,14613720792472320967
10981,train,5258501759400725343
10982,train,7784268597179816877
10983,test,1946347847219419245
10984,train,5270471392706771831
10985,train,10911143663945458875
10986,test,10407733739799848318
10987,train,6063446566026996130
10988,train,4121624655598945562
10989,train,17620259431453343693
10990,test,9373081357610658437
10991,train,659315504669920554
10992,train,6852384507265697365
10993,train,17675739128685200043
10994,train,12573437760073034149
10995,train,6080136170625609734
10996,train,6763585087560566744
10997,train,16119625750896808491
10998,train,13401482537151565257
10999,train,18383300089473508239
11000,test,5092982568685246817
11001,test,14834757775473192153
11002,test,5897579011983120142
11003,validation,17992132962739836193
11004,train,5264713492580631646
11005,train,1482028145278765537
11006,train,16446187368383035107
11007,train,6210106190121528965
11008,train,14275436826138659131
11009,calibration,10715789190860191836
11010,train,1399288435091111464
11011,train,10864876007483593623
11012,train,10324771444319980832
11013,validation,11497499400224059690
11014,train,5312049507884379969
11015,train,18076441588980615112
11016,test,17574374712439962558
11017,validation,15908788507107453487
11018,train,14911205098763403802
11019,train,2109504323873570510
11020,train,533152901531415515
11021,validation,7288256387028705194
11022,train,10955851473425310917
11023,train,2688598443573799992
11024,train,10121015014149587379
11025,calibration,14395460691386882401
11026,test,1886196952416514268
11027,train,9978645562063226431
11028,train,10526702236363778694
11029,train,6423220595459453326
11030,validation,10775196143170100982
11031,validation,1862689275039625698
11032,test,2543036121954051346
11033,test,11426415978586673885
11034,test,11947096217070079874
11035,train,7922091305077256925
11036,train,4498305079850947066
11037,test,15796645975868667544
11038,calibration,12718679502018035674
11039,test,15112547238748446600
11040,train,6231587677551280353
11041,train,18117442604332947625
11042,train,2790719022199259345
11043,validation,6467553703615354020
11044,validation,1770384800503725720
11045,test,7459038795823954614
11046,train,12947275089894090172
11047,train,13398611566257527169
11048,test,1161436894473239908
11049,train,9787155756136396802
11050,train,16287915388861298502
11051,train,1949683778375264
11052,train,15008662003415097126
11053,train,3572239552985709024
11054,test,6595178631830790476
11055,train,10399300088292780661
11056,train,513399207091105358
11057,train,15214431008937945867
11058,calibration,6576370582546671447
11059,calibration,11158235068368669098
11060,train,9596784704448327802
11061,train,14206217382757698016
11062,calibration,7110244482793216453
11063,test,1107146323216892100
11064,validation,2733392667884115835
11065,train,15248708822274767586
11066,test,17479215281002482634
11067,test,2750721529553948280
11068,calibration,8378830480224707183
11069,calibration,10590484257356110191
11070,test,17163072178936216978
11071,train,15890678144692731888
11072,test,10223434337645082562
11073,train,14008198026867095459
11074,train,9955149954282714834
11075,train,5597586763502252213
11076,train,1238977636614470499
11077,train,7426643234015129321
11078,train,11758290829742391460
11079,train,10673337681350089455
11080,train,10737596373208072715
11081,test,5451124994995194736
11082,test,3043086604868266161
11083,test,17686480875440096009
11084,train,16817255156183924610
11085,train,15672624265380675462
11086,calibration,17276063634205130450
11087,train,18097344093931924863
11088,test,13998479783302634211
11089,validation,12789215348328835010
11090,train,8090230840612513967
11091,test,15963255269766743852
11092,calibration,15089429971398366063
11093,train,4113898784116614480
11094,train,3595385040573291181
11095,validation,6359339279146186963
11096,test,12088994938377364758
11097,train,8216732469078911118
11098,train,13875255848497572394
11099,train,329652467791028438
11100,train,18058606491078363786
11101,validation,14374903507814152899
11102,test,16621568184301250911
11103,train,1557414847925724795
11104,calibration,18113688470755780603
11105,test,10990272008389702271
11106,train,17008665026375350994
11107,train,7013939000218019487
11108,train,12173432319125104946
11109,test,12023817606089416258
11110,test,6708072452104959686
11111,train,17204521976719721190
11112,test,4538908413840317132
11113,train,16603137903577886660
11114,train,14691112034202075189
11115,train,2863641242933514566
11116,train,6858066287650585847
11117,train,17506786050008570038
11118,train,17744057688726732895
11119,train,16800994984379955855
11120,train,16141500603896978385
11121,train,9512315431894929990
11122,validation,1284677058247292650
11123,train,6709831657314553546
11124,test,6512323176047304650
11125,train,6753548798958111172
11126,calibration,15622359496183675100
11127,train,1256361892448629352
11128,train,7211470226046165670
11129,train,7937338606184381410
11130,train,12926043751213978657
11131,train,4858523452996143140
11132,test,12517713502414912634
11133,train,6764845933702349917
11134,validation,13614619734088206561
11135,train,16268361492888346734
11136,train,11690750307928487618
11137,train,9987299275697907457
11138,train,10754328990663043831
11139,train,15531741481332575149
11140,train,10102238864561986388
11141,test,14378329415725016818
11142,train,5068834763459568835
11143,train,12883537608283536418
11144,test,9443272849578665080
11145,train,6930846360829374757
11146,train,14084718828104306580
11147,test,2526337587463045018
11148,test,14863773729615450123
11149,train,16146318868186252148
11150,test,2546716320104933476
11151,train,329567646829821562
11152,test,5910114383454954949
11153,train,13473195346510383854
11154,train,171321343660987776
11155,test,18199769604121715088
11156,train,12052129237407528737
11157,train,7850008149584390621
11158,train,18058227466300772069
11159,train,4162330420512988726
11160,train,4748505531959392306
11161,train,166305095573999658
11162,train,4509855668352996043
11163,train,9211735888791814350
11164,test,3391479597189450515
11165,train,2745806276318406331
11166,test,5420763539290179952
11167,calibration,9630791762532974511
11168,train,10431322721006630919
11169,train,6898779645045267216
11170,train,9380945184367253375
11171,train,7607580005689418844
11172,train,4396977046532993184
11173,validation,12354420559654156834
11174,test,4399708958158103465
11175,calibration,4869259587981098282
11176,test,13030462920798118088
11177,test,16368280221168930098
11178,train,12411982249850715135
11179,train,3329769459639012399
11180,train,11643046957755413992
11181,calibration,6459530656047574693
11182,test,5562051491179680724
11183,train,10567855165145991770
11184,validation,16507522476663766823
11185,validation,11220533911678733635
11186,train,11818297464729066603
11187,train,8332084755386984812
11188,train,9737063470686453305
11189,train,7041924728590404004
11190,train,15252223575686205628
11191,train,2183742740807615110
11192,train,1879809071998580206
11193,train,4782194713446277064
11194,train,2032213446715796212
11195,train,13628081546061716442
11196,train,6583520655254663403
11197,train,7896460122252832371
11198,train,14105271922327932671
11199,train,8539530130290248157
11200,test,1061423159060423960
11201,train,17636578413202577609
11202,test,10974505612097420088
11203,calibration,327676244195724668
11204,test,18003935938625919432
11205,train,16934713130239779333
11206,train,9706847937513157517
11207,train,525271358483205650
11208,train,4092972612110744350
11209,train,6473023913898762863
11210,train,9912334046725588983
11211,validation,7773208377657369174
11212,train,10219628818931725884
11213,validation,5273510889868351917
11214,train,7426849646877870722
11215,calibration,1355962670136244948
11216,train,8780860424412882950
11217,train,6519070016565137634
11218,train,684624711154877740
11219,train,16499192718430247
11220,train,13420058039013434174
11221,calibration,5652650074594300310
11222,calibration,8668759967353749988
11223,test,16953449732291673355
11224,train,2633365134911998079
11225,train,9905486914633439584
11226,test,11544278415377925946
11227,calibration,15298830965335165228
11228,train,14822370064712272220
11229,test,15868780287690243841
11230,train,904486026811065958
11231,train,5258501759400725343
11232,validation,224862746797306886
11233,validation,335488799202175011
11234,train,12015874596447973935
11235,calibration,14019284257404749622
11236,calibration,17301356950018711459
11237,train,15475059774254190470
11238,test,7744001136361569405
11239,train,12521731343222153274
11240,train,8552020079975828650
11241,train,874263805711621366
11242,train,15672000992560410097
11243,test,3594948406595216132
11244,train,3302632512262454045
11245,train,13083305691914638919
11246,test,10847167567036482884
11247,train,4923944324464493705
11248,calibration,7021280501575546655
11249,test,13108037702210373926
11250,calibration,2602776020424352792
11251,train,8321102919620607744
11252,train,13819428576736482019
11253,train,16190147234473158742
11254,train,12657023608984146736
11255,train,8135244252190653683
11256,test,2220981062674378009
11257,train,2873441824155542885
11258,train,1173190574668001721
11259,train,9106065540242010444
11260,train,12851178395371925356
11261,calibration,10334432330776446296
11262,validation,660603377859989225
11263,validation,18171196842425895693
11264,train,9957578714812226560
11265,train,17422271143788369097
11266,train,11081607678282988497
11267,train,13838290476807942581
11268,train,10620900167201456682
11269,validation,17906018584541111333
11270,test,3964732191001219973
11271,train,11233286087012817606
11272,train,18110975429660011488
11273,train,14970650742716520734
11274,train,3154292784109211652
11275,train,12750765112064955862
11276,train,12662219756585934499
11277,train,2393179927039152004
11278,train,5720654746607882438
11279,train,13035415912838762664
11280,train,14529873964011540940
11281,validation,13619854037127095601
11282,train,5288633606541031352
11283,train,5976556000510502170
11284,train,3456360736203801293
11285,train,14439662382185575193
11286,train,1191313731044518500
11287,train,220921575231542215
11288,validation,15349390053571038636
11289,train,4180604214059610325
11290,train,1452518150450382660
11291,test,13453740388001259094
11292,train,2756731427513968302
11293,train,4122268293810573007
11294,train,6465334827451166074
11295,train,15852959661842242887
11296,train,10775971311552535832
11297,train,13933019997247767265
11298,calibration,3563402549985786489
11299,calibration,14008118737056089493
11300,train,17123971145350512742
11301,train,16805989454234191931
11302,test,10713190809258219570
11303,train,1030892362028228815
11304,train,3122821370763728296
11305,train,12155007717792621759
11306,test,17705820731067876991
11307,test,8575748933205394459
11308,train,2436645674159022092
11309,train,2979275370152866022
11310,train,7401039219628669194
11311,train,11094153516466552249
11312,train,7945062521304337938
11313,train,4241089136060202585
11314,test,17871648146244720031
11315,validation,15688774618065911532
11316,train,17234921221844162182
11317,validation,6710501999673679437
11318,train,1530416581832060671
11319,train,6132419543308100621
11320,train,1711578509561145821
11321,train,1103820529866473696
11322,test,8792446902554391397
11323,train,9299847507346077394
11324,train,5178444846122496462
11325,train,10662231358294019491
11326,validation,14737857231738620278
11327,test,7414551273839345099
11328,train,11781949369724985323
11329,test,585911713353096547
11330,calibration,12925458045898817869
11331,train,2887910584139197525
11332,train,7238113791400895189
11333,validation,1264816970767378582
11334,train,13121720852503368756
11335,train,4259220855085298899
11336,train,8457604026844739278
11337,train,10139826803879950147
11338,train,17982503034194094685
11339,train,2397498640291281602
11340,train,13786944445124704567
11341,train,6923304576108598857
11342,calibration,5472194671482474091
11343,train,16192392346832048475
11344,validation,7798091080712531302
11345,train,8037319904311497601
11346,train,10724432783864812268
11347,calibration,15943921861108901132
11348,train,8094337718446644462
11349,train,12792647642525267098
11350,train,12203077348327047404
11351,train,7497613083982472300
11352,train,1325335819524992462
11353,train,8510639348040907784
11354,test,9576001715315696939
11355,train,17972712262755213129
11356,validation,429670043457447451
11357,train,4290148474770364630
11358,train,467780093668747815
11359,test,7823843554868661955
11360,validation,14450152986512362224
11361,calibration,10515738551187647410
11362,train,6386183343884496102
11363,train,10772354139025164665
11364,test,10721761834714027281
11365,validation,13426703485508684782
11366,test,11899787593931820998
11367,calibration,7814751763305939668
11368,validation,3856317248149333915
11369,train,13588422768948231250
11370,train,13989946873305982273
11371,validation,12804820425823078133
11372,train,502927470868231170
11373,train,2436933061058981490
11374,test,2447560609737941029
11375,test,13717597043767288944
11376,validation,16631457880261274240
11377,train,3012911551051346285
11378,calibration,12243003518572449426
11379,test,9805021858741872021
11380,validation,3856317248149333915
11381,validation,13684100075226602696
11382,test,7258868690290197659
11383,train,13970372628993506074
11384,train,16861458551535367880
11385,calibration,8119674709613880862
11386,validation,3987075527178818642
11387,train,6948608900050782328
11388,test,18363015439556372526
11389,calibration,11210457134875762947
11390,train,5372802907719342749
11391,train,6660429146627659902
11392,train,7284360489977157787
11393,train,4403094023765703341
11394,validation,4599302276656441652
11395,validation,4236035533873703840
11396,train,9808935067205656821
11397,test,17755131608177141805
11398,test,804544313733440068
11399,train,484860107159188510
11400,calibration,1088572321650632713
11401,calibration,17057417824015880930
11402,test,14337235357956891356
11403,train,1715010956770062748
11404,train,2368631666813112509
11405,train,9295684869533733284
11406,validation,14671040236810445873
11407,validation,6761915094952835592
11408,train,11657194469393404208
11409,train,2443856797872372219
11410,train,11982967001178764338
11411,test,6516118006683491020
11412,train,365381117560870273
11413,train,17420105136687054633
11414,test,10697330111875676129
11415,train,16341631977231474173
11416,train,14351898564978088579
11417,train,7628589194167031011
11418,validation,3745442226711916829
11419,train,12213153902966905835
11420,validation,14847564716205946250
11421,train,6160555283608721382
11422,train,9497093898554698553
11423,validation,8136408253948542237
11424,calibration,5440485230290899556
11425,train,2703236130012252302
11426,train,2160935267176810234
11427,train,12130578197494816670
11428,train,10097555248792660321
11429,test,16916197149129235106
11430,validation,10634715865303152192
11431,test,4197918381648137926
11432,validation,14733242426003135478
11433,train,14404427947397304061
11434,validation,13006525760024501085
11435,validation,3736239645505767556
11436,test,5790057137828021158
11437,train,18260851515486868270
11438,test,11497521631471163631
11439,train,15418913273561097010
11440,train,4959092012337181476
11441,test,13939352142777728087
11442,train,3473721442718042498
11443,train,2353956107500156101
11444,calibration,2639961016723914300
11445,train,17660250766247311364
11446,train,11968022791934193826
11447,train,1157352091068520200
11448,test,17776906318096849246
11449,test,4109486109737514609
11450,test,4930448007001515029
11451,train,12685214289798492523
11452,train,15079763320606691991
11453,train,9843988324852167190
11454,train,13384711304667170198
11455,calibration,5456234568931092828
11456,train,17436363137336564623
11457,test,18440614171760708780
11458,train,3645937679389309431
11459,train,10570061107128329734
11460,test,7471619542653710288
11461,train,12502345963948791652
11462,train,10399075608704151887
11463,train,6670169503436775421
11464,test,5609608516801356049
11465,train,8864646421192809290
11466,validation,15030243793134640599
11467,calibration,1678636182510935811
11468,train,1207083026543240894
11469,train,9164216739993278049
11470,train,15827950334561756927
11471,train,17675198298922374467
11472,test,8339745752149319210
11473,train,10065622825032345032
11474,train,6992261194258466546
11475,test,10962473957218148989
11476,train,7977728300300118172
11477,train,10485892621371885868
11478,test,16079608877017877065
11479,train,6056630344412149051
11480,train,17055112512772687913
11481,validation,7207708602000477817
11482,train,10844256165632068544
11483,test,18158829343052592785
11484,train,9206963265535647615
11485,train,4857461012824858532
11486,test,14053055961673014060
11487,train,409444505609975932
11488,train,1752443353007994771
11489,validation,4558761297533036881
11490,train,14496967542489328508
11491,train,16041841135284492859
11492,calibration,4842497667934434902
11493,test,9801453735024227087
11494,train,17020873265673383105
11495,train,8623179230861497684
11496,test,6513881779495276342
11497,test,4802097955246106209
11498,train,16035202494532288395
11499,calibration,7822179817337572305
11500,validation,9449231961305574651
11501,test,14459033171714472191
11502,test,13917032024015707327
11503,train,11798187377908431590
11504,validation,773306181559766464
11505,test,15854141733782118584
11506,train,8677520734507299860
11507,validation,7307101594479517262
11508,calibration,3026037634604936570
11509,train,10110433168807179583
11510,validation,16798213838969681348
11511,validation,13783920894977761910
11512,calibration,1984706259217881389
11513,test,16235459546277398055
11514,validation,7847161672477609572
11515,train,14206875079498687160
11516,train,987295331624026117
11517,test,2628768065707185860
11518,calibration,5879184552318991379
11519,train,30939827475979334
11520,validation,6260552908288855494
11521,train,13180386377535687974
11522,calibration,15335542767318462025
11523,calibration,13987733983497468937
11524,test,13260739152871480650
11525,calibration,8845491433492959273
11526,train,2453588005416602914
11527,train,9115857780768738033
11528,calibration,6911617963912205384
11529,train,17380264637167782117
11530,train,7130589772618682824
11531,test,8637059587816065071
11532,test,10082449520757898004
11533,train,12235048316363625288
11534,train,2800510487262415385
11535,train,1582378798661783244
11536,train,8140305422830319227
11537,train,9978373973183864732
11538,train,8451718852693810508
11539,train,5519281940642793841
11540,train,17813093228780416723
11541,train,4777848041218466394
11542,validation,14899680266155603253
11543,train,13398718142427245385
11544,train,12396533598892044364
11545,test,15799803962527002563
11546,calibration,6520628225746322116
11547,train,8370554158730026935
11548,train,12840995407607678858
11549,train,9463620601145941281
11550,train,7046699349986994531
11551,train,4049991671941540262
11552,train,1989502593460505815
11553,validation,17110098461176658507
11554,train,3146734938524283965
11555,train,3822277684760789289
11556,train,12789662202392297817
11557,train,1771570532354834316
11558,train,10348076330837064020
11559,train,13031905376963083522
11560,test,1063954076216301470
11561,train,16591521502426055700
11562,calibration,4743344172672998413
11563,train,17289997932391294727
11564,test,9086034256410699900
11565,train,6336378545996169748
11566,train,3138997447880283061
11567,train,7330772805937302802
11568,test,17038600171137675308
11569,train,17377866628637877632
11570,test,15902463955964935511
11571,train,4093928173087277516
11572,train,1711578509561145821
11573,train,1995521716548234802
11574,train,18137222430704341942
11575,train,2545530252079968136
11576,train,10328466469086537050
11577,test,9125322774759477736
11578,test,5711482924639264281
11579,validation,6896443655897686938
11580,train,12008482846631313883
11581,train,5929029337354965484
11582,train,13312739666812690171
11583,train,12664325385884628108
11584,train,15839083397544542967
11585,test,8162243425437194968
11586,validation,1662848973376933848
11587,train,18261037202463575413
11588,train,8538348381133323884
11589,train,13564404884707190827
11590,test,839817530530556122
11591,train,7964776399945089901
11592,train,9873986696515102438
11593,train,8314090820742079737
11594,train,5188318439331112350
11595,test,5813608669179654407
11596,calibration,7863037920100051417
11597,train,3326839305355397237
11598,validation,6937839974946955870
11599,calibration,8211594391086636572
11600,train,14623721655509228743
11601,test,5015171095682794307
11602,train,2553472038305550405
11603,train,7092693540863483682
11604,validation,1814068641244564864
11605,calibration,11871315493592614687
11606,test,686367924807695358
11607,train,18061588462403070015
11608,train,15007553482176855323
11609,train,17224449586027742524
11610,test,11880632526948381773
11611,validation,10177092945893650836
11612,train,10608525711996982913
11613,train,4552494708955543546
11614,train,5363662637001438293
11615,train,9374612716839302839
11616,calibration,7647308382733792114
11617,test,2683916605116725797
11618,test,5449836712969370519
11619,train,17851014270311695587
11620,train,15655670033984228307
11621,calibration,6495162144080498737
11622,test,16865165865192403693
11623,train,3177688298902615041
11624,train,11139694100440628256
11625,train,3612781090000251743
11626,train,15308407171966338297
11627,test,2995105351453029134
11628,validation,12159771526311448976
11629,test,8751323487389042724
11630,train,17758965289058546513
11631,validation,4358645658317101604
11632,train,2282064086754095739
11633,calibration,6167909297411103233
11634,train,13812830268150283136
11635,train,1506659161681099967
11636,train,573053611560156999
11637,train,14316252574140045516
11638,train,12681787695216832139
11639,train,13311145243126412766
11640,train,12926543451526878974
11641,train,16592275730642423911
11642,train,6777056114226328330
11643,train,8264864141220668600
11644,train,12284039774884981245
11645,train,1962244415728986395
11646,validation,14023366977233201828
11647,train,4702728368604499906
11648,test,11685877053248674542
11649,test,4414461813405422863
11650,test,6623258128561101601
11651,calibration,17369761774742028579
11652,train,5862561465939054530
11653,validation,8305607779481258362
11654,train,10120147533983252226
11655,calibration,9361053173164587161
11656,train,15231852918613025341
11657,train,3030050916422663483
11658,train,7084591865893724678
11659,train,15351382855743130242
11660,train,3538045589133755342
11661,test,6501294780806373192
11662,test,6014170689897068952
11663,train,11937223471506831690
11664,train,18046589706502272026
11665,train,912495620657461439
11666,train,9503958579676028446
11667,train,13423784324278939232
11668,test,705204090396900467
11669,test,10318752128730614328
11670,test,9956338925069975567
11671,train,14339096216202406341
11672,test,5242740456969176375
11673,train,2893909506581719
11674,calibration,16976653767642372229
11675,train,14949542629570093137
11676,train,2831764058001558750
11677,train,4046821983207769899
11678,train,5379360744617418461
11679,train,3196394264968012185
11680,train,7390613055078281189
11681,train,16436266075447047888
11682,train,12987983747096118286
11683,train,3338307213390204020
11684,test,2533922076518076246
11685,calibration,6746690970271820116
11686,train,2251652124083074772
11687,train,9651069756300294318
11688,test,2658653472651113290
11689,train,16465025615037017970
11690,train,5101124202818879017
11691,test,10591213292295145970
11692,train,17068663458868203572
11693,train,10903906619312618034
11694,train,3961248895701057026
11695,test,8042308961780431604
11696,test,7134991596946272687
11697,train,12300042821257905065
11698,train,3019122856017600726
11699,train,10066442251841395042
11700,test,9734253342799672376
11701,validation,7068303729987144269
11702,test,15266169152602977290
11703,test,10504650048542494563
11704,train,12850149452442785139
11705,test,296098674925399709
11706,train,8077155253616261134
11707,train,10913410541004200348
11708,train,3314283413740105182
11709,train,2014900666633253368
11710,test,13451054916900181656
11711,train,14979209208435792643
11712,calibration,12062733957852740779
11713,test,5841611014518275092
11714,calibration,15003394210017591536
11715,test,11967779553345205288
11716,test,4617518214340971863
11717,train,15491632411494764360
11718,train,11529930744798050354
11719,validation,11393009573805005890
11720,train,2303267485231378624
11721,validation,4972295560163291560
11722,calibration,16134438985619161964
11723,train,4909403308719442905
11724,calibration,4107487840585716158
11725,train,5901732013578951698
11726,train,14404574522973796996
11727,test,1022234672476286
11728,train,13186100150719721968
11729,train,10035773327373452414
11730,test,3128557364441792316
11731,train,14084550183510561160
11732,train,6292829383507259969
11733,test,16294240754251249940
11734,test,2078400778776095578
11735,train,18182873833663727975
11736,train,18435605573878827119
11737,test,12384531943159035346
11738,train,186076002213606153
11739,validation,353529806281772901
11740,test,7360563745258313109
11741,test,1696188433285023926
11742,train,9494364072264822741
11743,train,14086416528403081255
11744,train,5044600016630669598
11745,test,17076540554509175032
11746,validation,10687730767940401505
11747,calibration,6562883970086346311
11748,calibration,2236405423762924741
11749,train,7424918038478812506
11750,train,7905912554027666734
11751,test,3610034539653661688
11752,test,2747493299950895960
11753,train,8045034757610575446
11754,train,15377078044036274481
11755,calibration,4801982493811322382
11756,train,6807192265433814925
11757,train,4931779806281322351
11758,train,12075593900857893599
11759,train,1992889980741016373
11760,test,15551079103272301524
11761,train,5991719923910606895
11762,train,12558475920429503628
11763,train,7612969419434624372
11764,calibration,9295991352940294803
11765,train,12698346878457279573
11766,train,3480052553479415942
11767,train,15949337423910851969
11768,train,8884579593585516185
11769,train,9701843763518622092
11770,test,13965397922783919511
11771,calibration,18428098570414737279
11772,test,13628342386444188507
11773,train,13039925302563036430
11774,train,11421108110230321744
11775,test,4079588638654156194
11776,validation,7146734787229700807
11777,test,233756808704461604
11778,train,4205223933787426064
11779,train,35580754101446704
11780,validation,9923429570542195315
11781,train,13288514478595153629
11782,calibration,7013736057733007813
11783,calibration,5011367456612250984
11784,train,16636394149673068777
11785,train,767835305413710608
11786,train,8135819168520629495
11787,train,4861361490177442898
11788,validation,18325303312974639681
11789,test,9809096079496985455
11790,train,12669750662638805952
11791,train,6701768969011852688
11792,test,6934302177301557541
11793,train,1574095776944835499
11794,train,18196681727534338827
11795,train,10677293827121541006
11796,validation,2540338322326050808
11797,train,12129983483073738574
11798,test,15565399156415018012
11799,validation,1085490407146698232
11800,calibration,12994722524343546348
11801,validation,14456261871458637787
11802,train,13694275659882443610
11803,train,13725532827739319104
11804,test,4611936985406998881
11805,calibration,17887214038746433205
11806,test,12053313761074942555
11807,train,14512061554925421687
11808,train,9262532830876669183
11809,test,13195899596912108572
11810,train,11364777458288374024
11811,train,5698297792844062035
11812,train,11581724821219697315
11813,test,10547862545002769297
11814,train,7705148721855672189
11815,train,7870053643013417489
11816,train,16287294239515059510
11817,validation,10640868380470969091
11818,train,4451917996021002657
11819,calibration,6352877643613691306
11820,train,2326908277140402497
11821,train,5298149676394439801
11822,train,15304629013731600931
11823,test,3908965017103608584
11824,train,13470929201675045447
11825,calibration,10180091225991421785
11826,calibration,14019284257404749622
11827,validation,7510205658089591181
11828,train,2889330857686559047
11829,calibration,11257934409381952991
11830,train,13528898170947032993
11831,train,13699558982842282295
11832,validation,3673820166880954501
11833,validation,3233092305554668746
11834,test,7131014773223998670
11835,train,1055833893538831920
11836,test,10655353663984069996
11837,test,1882936866109621245
11838,train,663061943727764709
11839,train,15728948631002250073
11840,train,3827818887626067088
11841,train,15487155509948788249
11842,train,8198232332088019912
11843,train,12075737845665706499
11844,train,7480824299261494494
11845,calibration,12010324195726691535
11846,validation,2892081862014285308
11847,test,12078196143965313563
11848,calibration,14188561033724357436
11849,train,12243301030372347402
11850,calibration,15583839107479007231
11851,train,17796082011303499427
11852,train,269024334062093011
11853,train,1104978970772731269
11854,calibration,10881199317300181633
11855,train,10845639257647804828
11856,train,5900275460192412497
11857,calibration,13645695978906049804
11858,train,3441922608092522774
11859,train,13472007935554710742
11860,test,11140632284822762384
11861,train,6107098031881731647
11862,validation,4255788349414333815
11863,test,12228849587572324537
11864,train,11916963375559401792
11865,validation,6239221556483667220
11866,train,6383653205993536768
11867,train,6253429409296461888
11868,validation,7354904455155754909
11869,train,5226089968967803360
11870,train,6794285657220258213
11871,test,9441503449059888097
11872,test,9483207176651932321
11873,train,9387818468502004417
11874,train,11231254290186922754
11875,train,13964346128076450979
11876,train,4848045765771597890
11877,train,10167776377512972093
11878,train,12107007639569945635
11879,train,7276318050525783965
11880,test,10055500104356625952
11881,train,13610550118094512313
11882,train,8992393256147086089
11883,train,11918487067183990822
11884,test,14022878222395820584
11885,calibration,13333502201847342159
11886,train,822963992589175172
11887,test,6018372663721628376
11888,validation,17442435503843164778
11889,calibration,9970474104936559267
11890,test,11081159737727845839
11891,train,3597814099269170976
11892,train,6807003930513932148
11893,train,14328279766166557759
11894,validation,6732318584277377944
11895,train,16137964581040723851
11896,test,10274925422912152228
11897,train,4807830298940530405
11898,train,13751891838747404691
11899,train,4586264454108602879
11900,test,17795406737973178893
11901,calibration,14019284257404749622
11902,validation,10437989865127976865
11903,train,8166407255394229768
11904,train,126244704513902208
11905,train,5321077367693103474
11906,train,1304988838255706149
11907,train,17890414674307234196
11908,train,4909735434943960741
11909,train,13116363752371810240
11910,train,4172324533836637886
11911,train,1184913911943000729
11912,validation,2347090086185708573
11913,train,3206400294128609118
11914,train,1717938519282165661
11915,train,5189237657055789034
11916,train,14055479250479999289
11917,train,3639359504695089912
11918,validation,11071860782734497771
11919,validation,14379217183068399127
11920,train,1625540161187185798
11921,calibration,9687232461471085357
11922,calibration,1342330324612186044
11923,calibration,2661753674854743337
11924,train,8117634069745884748
11925,validation,10299885325339258061
11926,validation,9717635465416434099
11927,test,14771706663007395496
11928,test,13216630110945733231
11929,test,3978197588001690433
11930,train,16305681718466568749
11931,calibration,7079099502180762309
11932,calibration,4079373410711964897
11933,train,11788492317802011780
11934,train,10657521972962156580
11935,train,9666047884376742027
11936,train,10747718536703995579
11937,train,7283855414938849057
11938,calibration,2517741826928067063
11939,train,9262816374022983210
11940,validation,15416818687364667788
11941,train,8248198806628209919
11942,test,8408694596052137486
11943,train,14971211242976386037
11944,train,5850863991684834828
11945,train,6029190795355452309
11946,calibration,15541204966119248877
11947,train,3761702720781819331
11948,train,11249165888826573262
11949,validation,10461286095994744906
11950,train,16639312564893287725
11951,train,710959185811540157
11952,train,16852110349818408931
11953,train,14906154348603952371
11954,train,15092425519255709011
11955,train,3253876907914903575
11956,calibration,17628193724654686341
11957,train,6180606845156760318
11958,test,8534385107723966350
11959,validation,1702682550781216654
11960,train,7767096874882672948
11961,test,15986551861382798176
11962,test,8242752647962193140
11963,train,5753879963018981204
11964,calibration,5115517740451326019
11965,train,13575078619474183982
11966,test,4327471115413862548
11967,train,17793660489070325576
11968,validation,8932206368091669737
11969,train,10662932078967004416
11970,validation,15852771926863482121
11971,test,8042346512053135661
11972,train,1400724395750646243
11973,train,17718968166632661413
11974,train,2392524174287742306
11975,train,15950431118017530964
11976,test,10107804015877936924
11977,train,15064100852712890949
11978,test,3195673398390099897
11979,train,8976225548102354426
11980,train,6347977267210220533
11981,train,16527847502556307550
11982,train,2701942682053969777
11983,train,14657822943232842480
11984,train,3630921018010453495
11985,calibration,12988592465718679172
11986,calibration,2001121086559462393
11987,train,12110121447263583705
11988,train,8077155253616261134
11989,train,9506272029912157211
11990,validation,11099115772555455969
11991,train,6963138351446557810
11992,train,4979836476269880277
11993,train,17261142681882211152
11994,test,16727565166812640795
11995,train,7506576470037168890
11996,calibration,11793682263910622159
11997,calibration,6108869036175829562
11998,test,6422887457699125365
11999,train,9841738672758391684
12000,train,4484736410799799364
12001,train,2908850636323646
12002,test,8764307555587567179
12003,train,10337117081147719220
12004,train,17486664801510007873
12005,train,15442733981337999663
12006,train,12523525786367669335
12007,calibration,3421821371917645307
12008,train,1971691422717143042
12009,train,10127537580980684472
12010,calibration,13849848490173338438
12011,test,3876802970146530712
12012,validation,716340370269451623
12013,train,14457825030084383242
12014,test,1101694205743756469
12015,train,7517732115262007856
12016,validation,15377274133966778347
12017,train,11431675702704814304
12018,train,13917059663513769485
12019,train,5597586763502252213
12020,calibration,6759545243820865788
12021,test,17980405147897411167
12022,train,18423914062180669254
12023,train,13047083762161520840
12024,train,16765556511071589965
12025,train,12034155813554668275
12026,train,2792490468693559722
12027,train,15825956672821981998
12028,test,6594383629426113120
12029,train,17485463471699797336
12030,train,5628621256843658014
12031,validation,10435078988463874148
12032,train,17344904025628846381
12033,test,8766175889548251503
12034,train,6969517718088932176
12035,calibration,6625267565667109275
12036,train,15980085027083303757
12037,train,9050582551198684675
12038,test,10854089561220338827
12039,train,9933176740816306091
12040,train,17138151458093143688
12041,calibration,11813211098081381184
12042,calibration,12027545519429338375
12043,train,18203498316137727020
12044,train,608307720122387742
12045,test,4837848567839315546
12046,test,13481659541443397134
12047,validation,3762714329354842674
12048,train,11100915671343433717
12049,train,8096538928513945936
12050,test,15470675001454272490
12051,test,990664539383553534
12052,train,16160192041743496175
12053,train,6503998884670416570
12054,train,14109478484548415213
12055,train,1161185471945273186
12056,train,2636567576629353795
12057,test,15661689989487717352
12058,train,2112847671445409426
12059,train,3168988415646244637
12060,train,8125948800896168210
12061,validation,11920299477283130312
12062,train,13178430331585532145
12063,calibration,4743344172672998413
12064,calibration,4398655514367716214
12065,train,17810017745882350063
12066,train,13800954850616977564
12067,validation,10074021741389689218
12068,train,4964419325809864847
12069,train,17832176095085633429
12070,train,7977476466971424530
12071,train,290945025483831882
12072,train,4196609131828565500
12073,train,11076287899900618565
12074,train,10636641352756241741
12075,train,929537412461912672
12076,validation,6717057386282135122
12077,test,16503033054890483538
12078,train,5273294074548654202
12079,train,10001142076752901152
12080,train,17501058048975581691
12081,train,4078836611699970810
12082,test,2234031583130549066
12083,train,13780625290249581154
12084,test,1931621510370995778
12085,train,18372782616998535672
12086,train,15563478836284307143
12087,train,11144816110920995207
12088,train,16817255156183924610
12089,train,15926039425136945496
12090,train,11092042359622410764
12091,train,2101409969839104281
12092,train,15151702636395015346
12093,test,11141095018559612381
12094,train,5879634066641938331
12095,train,8257474192530065326
12096,train,18377852532948988869
12097,train,4880620436508031315
12098,train,4156433994934204833
12099,train,14139946965737769578
12100,test,6317638036189718439
12101,validation,11210852033908442758
12102,test,8840020715157634279
12103,train,4437906724642658996
12104,calibration,873466078850669805
12105,calibration,18003910351083351751
12106,train,2469667154217773200
12107,calibration,13080842346155133588
12108,validation,11175901915145226504
12109,test,5567703512191630391
12110,validation,4691719126322561986
12111,calibration,16112683648761961612
12112,train,11343604431172857552
12113,train,7031479256624138354
12114,calibration,11691639393180953327
12115,validation,17698590135239043062
12116,train,7276263130393880341
12117,validation,6086753314073404663
12118,train,1673211381098523002
12119,train,6845346234255367551
12120,validation,7120159433836234285
12121,train,14112070006690370687
12122,calibration,10270124135473162910
12123,train,7925202268208092381
12124,train,5871144421224058815
12125,train,2230272856519105598
12126,test,17616786873813420540
12127,test,3720118933804050715
12128,train,3725883760146485849
12129,calibration,1037579465487440747
12130,train,7137530808862679437
12131,train,9093273449799887059
12132,train,16289755978286066796
12133,train,2717584931661969809
12134,train,11578773208547492139
12135,validation,46856826601388104
12136,train,17166784789238502169
12137,train,13757019433177360603
12138,train,17404052057904143639
12139,train,2768031524149465016
12140,train,9946128863253018880
12141,train,15476687232369330749
12142,train,1443367381945781476
12143,train,2833084690057392850
12144,train,5040394674219460298
12145,calibration,2873419013600234839
12146,train,1530227295132764264
12147,train,2354718608170918050
12148,test,13469074389967383272
12149,calibration,2969758319442616898
12150,calibration,5272334014905936270
12151,train,6245095721716638399
12152,test,10856030398771537472
12153,train,10417172147305678345
12154,validation,12308941981226352785
12155,train,2066590654684711725
12156,train,14411551193327306509
12157,train,8720476107032367071
12158,train,15991736895569951568
12159,train,5963136343961485761
12160,train,17372252967854143839
12161,train,15451279940652503896
12162,train,10492677970012460359
12163,train,7415972888685915803
12164,calibration,1230816225868969478
12165,train,1772083395171087221
12166,validation,2995998191183368807
12167,train,7769673009992362397
12168,calibration,43395623500866744
12169,train,14926664808054396369
12170,train,2385201664720764693
12171,train,18395450543702755042
12172,test,17432989125863888589
12173,train,5595455277703418572
12174,train,5826153906376457237
12175,train,6552265642390248726
12176,train,5317435282457517841
12177,train,1723665451465661745
12178,train,13051163399432342380
12179,train,12401826573640702963
12180,validation,6513701553371267848
12181,train,12997585302421199762
12182,train,2181415671462013899
12183,calibration,8518392626014445782
12184,calibration,8472594966191179753
12185,train,13762720571368311168
12186,train,15362418905580953899
12187,test,7098751924776070146
12188,train,4736530426913275468
12189,validation,6701831788242021704
12190,train,4607199651075043538
12191,train,15138044696140756243
12192,train,12030053991035966918
12193,test,14350353959035958024
12194,validation,16286287630958265600
12195,calibration,4110098650408717687
12196,test,10213706704515116631
12197,train,5582224934199706076
12198,train,17405908907083420393
12199,calibration,8444689678518227533
12200,train,14110305347795011548
12201,train,262881822293869817
12202,train,6114806662781004703
12203,test,572838194202752991
12204,train,9422826304009019681
12205,train,5956170254985809357
12206,calibration,122256427600074016
12207,train,12051562180290104717
12208,test,16031476206496294189
12209,train,4133731244550842827
12210,test,9818641731398937465
12211,test,9164408592228476837
12212,train,306653412433326069
12213,test,10718848935491001315
12214,train,13093144918525566162
12215,train,2132786285487104651
12216,train,11521195432202935757
12217,train,1838186620855896704
12218,test,3575186538364412497
12219,validation,14406162038822148570
12220,train,16900839340248456799
12221,train,11708575171188336141
12222,test,18425990203699401382
12223,validation,1211104021398390666
12224,train,13317266312767567107
12225,train,11515420000181267325
12226,calibration,1658346524169783974
12227,train,7862395617832382225
12228,train,6095644203881863174
12229,train,3423165830593685743
12230,test,2649643397565402112
12231,train,7654883331363665673
12232,test,5298719337324613087
12233,train,18054224111571910652
12234,calibration,4724098046486845709
12235,calibration,8042520004456955245
12236,calibration,10695549194590487873
12237,train,1976230934296343480
12238,train,6697484314971675989
12239,test,8723202007850312591
12240,train,11978044842709371408
12241,train,18163003795157977278
12242,calibration,15476928284972231997
12243,train,6441413883176815974
12244,calibration,4000502580988692310
12245,train,6754550825226020090
12246,test,7022339376588680201
12247,test,8516758979294305929
12248,test,10342831042432481401
12249,train,15240612554992391186
12250,test,8577550881082837491
12251,validation,12658281554957839649
12252,train,594722989384876015
12253,train,8911184206526226701
12254,train,7252676088491603745
12255,train,4268467525201246394
12256,train,7331141282714748848
12257,train,17616810788065151776
12258,validation,4385818640704474467
12259,train,5837261998407311548
12260,train,78051397087273028
12261,train,6676469783545047748
12262,test,8226115398611721995
12263,train,10019005710962617175
12264,train,164738272658335002
12265,train,16817255156183924610
12266,train,2185870702305360257
12267,train,8999928677553193648
12268,test,9445986880627762315
12269,test,3696612257612819227
12270,train,14663848422951226975
12271,train,12830107513627769598
12272,validation,11558198099518283568
12273,train,3582213058463680464
12274,train,17614678047065425714
12275,test,6698362112211234696
12276,train,12154825143300102735
12277,test,15547139903243896796
12278,calibration,10772459042551120322
12279,test,10997086562362631541
12280,train,7324589021826431512
12281,train,8707666531421699949
12282,train,1536737499100526140
12283,validation,16804760717280205354
12284,train,7663080751994095566
12285,train,9245539693723463502
12286,train,1109489047404053476
12287,train,12630138977288708199
12288,validation,6240655828892043672
12289,train,15983076882565816389
12290,train,5967384515136158019
12291,train,16013116311161877269
12292,train,11471881912494706796
12293,train,10008368235443886878
12294,validation,1635533709448773436
12295,train,13078824268399273446
12296,train,2586344416308433873
12297,train,3194512488520745312
12298,calibration,2140947254103362103
12299,test,5706365553788926765
12300,test,1678976304766820570
12301,train,5495278214808777697
12302,test,16045139368153084111
12303,train,4429870772095842645
12304,train,13657121847409289928
12305,train,1251110353238287314
12306,train,11788960470671337136
12307,test,6904190324145330458
12308,train,8942316515643669819
12309,train,16164380651124199444
12310,calibration,16592078417378652871
12311,train,17895520062542257238
12312,train,637759842611420393
12313,test,647402466124862071
12314,calibration,18220208880436265798
12315,train,8657340174742332300
12316,test,326799872991000511
12317,train,15900296148640449380
12318,train,14279350525503840149
12319,train,4879684589335760355
12320,train,7486218369639799483
12321,test,7280604676283379553
12322,calibration,8116957883309171259
12323,train,6474964239245820822
12324,train,14313576984730740862
12325,test,12840553424390988441
12326,train,16029781252214546079
12327,calibration,14995429513717304236
12328,validation,3856317248149333915
12329,calibration,3076836284162939729
12330,train,332046237808862688
12331,train,17295284381068878234
12332,train,14898369178993694752
12333,train,9728773276916350871
12334,calibration,5116592122541899042
12335,train,620354446547533320
12336,train,6952557813118765005
12337,train,3017781621868547826
12338,test,10725731570144158470
12339,train,10176566584718326442
12340,validation,7844206657405457577
12341,train,11972749541981848256
12342,calibration,18323553435816197472
12343,train,17830321281023768155
12344,train,947090423165417255
12345,test,1138333105467117515
12346,train,12050608779423849061
12347,test,8489463994482800028
12348,train,277732251323449472
12349,train,8336416871291150856
12350,train,7600260237640745669
12351,train,6501949168761897787
12352,train,16371218860232150014
12353,train,18446076596090892498
12354,train,17108669846674377629
12355,train,16936208171053909044
12356,test,14264160509656583560
12357,train,12910120687299195785
12358,test,7115289666877149055
12359,train,5803398654196611399
12360,test,113769904765753843
12361,train,10612692674291201264
12362,train,3378542274526296814
12363,test,16199682438246912648
12364,validation,966434927250080431
12365,train,15356280167826019586
12366,train,7212816040617011922
12367,test,2161073151784385288
12368,train,1764572176622243312
12369,test,12792536504096929816
12370,train,8637089221270429114
12371,test,12512180093406367683
12372,train,18072412513342146235
12373,train,17941347788747705852
12374,validation,5299640166269279946
12375,validation,16839333282508559647
12376,train,10719579342208301645
12377,train,2980643095877716767
12378,train,4206285964985999513
12379,train,15031012588988241656
12380,test,16817612313499404185
12381,train,8875394817672177027
12382,train,2686101910004171999
12383,train,4984910918417371628
12384,calibration,13451679616470601854
12385,train,7740432068166542581
12386,test,11106927766070156203
12387,test,15507009505433984370
12388,test,10705781941441234741
12389,test,13449916433507522351
12390,train,17682756502455651148
12391,calibration,12979021365579329072
12392,calibration,7559297494281232160
12393,validation,17605551561365823095
12394,test,13230089963507877285
12395,test,13361025607459428570
12396,calibration,12669989869911801894
12397,train,8549824581068653935
12398,calibration,11345205895505744154
12399,train,2170492155027430778
12400,calibration,10133593879946140769
12401,train,5987374925251571591
12402,validation,8039916837885367943
12403,calibration,2105431882601007291
12404,train,5637692782634015558
12405,train,8901169753348725457
12406,calibration,3679695129974073129
12407,test,14364415935316764631
12408,validation,1916142209739176262
12409,train,15996632584728867630
12410,test,4898635338985787003
12411,train,14682648766974487978
12412,train,7816459566775403597
12413,train,16492220077664485788
12414,test,15616930068292967579
12415,train,16566116215498499947
12416,train,7988436246950175871
12417,train,17866782191040441990
12418,train,4755002033294400784
12419,test,18287648860239502589
12420,train,4184890492814819020
12421,train,4344849382664125860
12422,train,3006321184716860095
12423,train,17125083738587529508
12424,train,7985205873246950352
12425,train,7457301969752268649
12426,validation,2808185726819124641
12427,test,7800612558329190402
12428,train,12460607742547342634
12429,validation,8880301551981361963
12430,validation,10312917798199885649
12431,validation,13783920894977761910
12432,train,6050019540603047287
12433,validation,13783920894977761910
12434,validation,885609072149360581
12435,test,5423373284009001550
12436,train,14030539026222666724
12437,test,10418155998133469433
12438,train,7400273649245513210
12439,train,56978009733139422
12440,train,6627899927261168796
12441,train,7781698606152927520
12442,test,2232604830388927506
12443,train,3343488491851284333
12444,train,6194957954731290950
12445,validation,3856317248149333915
12446,train,11266980647639709413
12447,train,6939655778098997332
12448,test,14973792038745875942
12449,test,12349469610995502247
12450,test,2684627981854243998
12451,train,2150127717582471825
12452,test,16896492930172901018
12453,train,3861074947853523418
12454,train,4342185199195723630
12455,train,14715933688730812549
12456,test,9233877879591350493
12457,train,13167547405861615871
12458,train,4265763569862926279
12459,test,13244656910395576458
12460,test,1000744435819116360
12461,train,3977592937316573913
12462,train,5362525843328817715
12463,calibration,7491581150822340208
12464,train,16540871619517857511
12465,train,9783197576308430855
12466,test,2648328415966798367
12467,train,15750066103531052662
12468,train,17756659432938789107
12469,train,17349697093243072630
12470,calibration,16580939640612001028
12471,train,11366458239804806568
12472,test,11691075820051860734
12473,train,52570714569614515
12474,train,217178673034323767
12475,train,13131788638676584373
12476,validation,1112130538428799153
12477,train,11548636434658669945
12478,train,17727472632043575770
12479,train,17674997579406295038
12480,train,4016610954082570831
12481,train,15301040827906862015
12482,test,7844400291345924285
12483,train,7474802306198778151
12484,test,3735961776395318498
12485,test,17237958119809463854
12486,train,6972362789356527610
12487,train,17049266954290291892
12488,train,14207984302429799067
12489,train,14587015925059687355
12490,train,14930219414533228080
12491,train,4169974247202657200
12492,train,10086472910875185073
12493,train,775011999373857436
12494,train,5947946458727233368
12495,calibration,16392832826770730676
12496,test,11687414611837560737
12497,test,7896641015628273861
12498,train,11626905393469604221
12499,validation,4699914669853151085
12500,train,7995987395543163264
12501,test,1816710756787341863
12502,train,7280185319539584430
12503,train,15669672537979659134
12504,train,9859242930085700454
12505,train,15864558760997656201
12506,train,14395278817925196094
12507,test,12350553116873103519
12508,train,18340503181256631690
12509,train,12302226445010291473
12510,train,6667402504120892306
12511,test,6845708935099964971
12512,train,409694240343178656
12513,calibration,17146438106449632658
12514,train,8828015341804438685
12515,test,14402001627340770791
12516,train,11810993401557591742
12517,validation,8722176433714263173
12518,test,7455790219922247432
12519,calibration,13988377928873041359
12520,train,6112642657342317363
12521,train,2748423827726518546
12522,train,1258143668931476476
12523,train,17432188121839574410
12524,train,13882778756678173022
12525,test,9067765906201297157
12526,validation,1851850473105903897
12527,test,12826593594919618338
12528,train,16357510442445904295
12529,train,15701097007231021850
12530,test,6271632663375684549
12531,train,16798486705470474196
12532,train,2761891088311617832
12533,train,16801150259122750640
12534,train,17878394482285741078
12535,calibration,2370991143539074073
12536,train,5085249957414968950
12537,train,2323898410754988778
12538,train,17608593179828453908
12539,train,9796071349528366327
12540,test,16544754798267112837
12541,test,4221826159185581447
12542,train,13951955225573971806
12543,train,7726250494668207477
12544,train,6195493248136330353
12545,train,918840151188827363
12546,train,16696410928950016086
12547,train,5090356052529617099
12548,calibration,12844718321017436780
12549,train,3395843437363879696
12550,train,4635006262078279176
12551,train,8851363985273894579
12552,calibration,14007728525897736660
12553,calibration,8338838429947734437
12554,train,17413175363942013985
12555,train,3299952349063349807
12556,train,14339008076098122919
12557,train,16241124615386141109
12558,train,12416027379914890541
12559,calibration,5535934012276015131
12560,train,15827021763460779481
12561,train,16152567047384985382
12562,train,2831558289891676768
12563,train,16166848365237990819
12564,train,4429625149358981100
12565,train,18030107916511434363
12566,train,390064437593263965
12567,train,275072180617136604
12568,test,7796680157087532671
12569,validation,3856317248149333915
12570,train,8597678518286700217
12571,train,14456229949744130836
12572,train,15667092009385902253
12573,train,17688635733734179937
12574,test,22882390745417298
12575,validation,5646910009965573284
12576,train,2947677843215459527
12577,train,1662752338426870393
12578,calibration,15966214423786521602
12579,train,5623978784356821072
12580,train,9878377892228243495
12581,train,15283339855111406241
12582,train,17535497847256360700
12583,train,14308813559259162936
12584,train,17125928209694664655
12585,test,15714357998418805582
12586,test,6028049812537062649
12587,train,16788650194793958376
12588,test,11701797882857477733
12589,test,15388414280309651477
12590,calibration,5017696109723785435
12591,train,1039496619041489108
12592,train,10154441359086053321
12593,calibration,2537329247132055910
12594,test,12450185901958380495
12595,train,6323273795804832950
12596,validation,5085767462508554269
12597,train,11933228114104401896
12598,train,14657254177618912006
12599,test,17326558952006686616
12600,train,17694152555315067144
12601,test,14297480377754580371
12602,train,10587824313510803308
12603,train,11550917646089024861
12604,calibration,18430908208696984911
12605,train,1772168282421904184
12606,train,13589732109132571919
12607,test,1294346268404588798
12608,train,5594276392405658463
12609,train,3963801504917308328
12610,test,13906372000542649579
12611,test,1749471242161205426
12612,train,7830311381178791787
12613,train,17375962841419977663
12614,train,12540777853647816200
12615,validation,15898265538439681840
12616,train,10982296916198352793
12617,train,3619754984568616981
12618,test,5769985472946232573
12619,train,9064177541806022894
12620,calibration,5053668609956922637
12621,train,5073930226860665735
12622,train,16105850540758883997
12623,test,16040019385048714273
12624,train,16361866539726577028
12625,train,8994311223509174632
12626,train,1964824102260670150
12627,train,11222741117505810926
12628,train,3633959673534290699
12629,train,17482214848965062086
12630,train,6394732886189506724
12631,train,892601391314173994
12632,train,10870084242687853348
12633,validation,17585890634758907701
12634,test,3674940249638250214
12635,train,2510200962357013227
12636,train,10771881599347570598
12637,train,7115027104067277093
12638,train,11779179637374641525
12639,train,10544396765747427848
12640,train,6788436007037305494
12641,calibration,5638632627649657515
12642,train,3387138414988493042
12643,train,5995058416480950031
12644,train,674615802335230800
12645,test,14862120581030702543
12646,test,2500241596572632038
12647,train,16030684595005787631
12648,train,17897424813506757007
12649,test,9371167820411030102
12650,train,1260405298146975672
12651,train,10142367545402465172
12652,test,15594015747272826014
12653,train,14826579099666965064
12654,train,13469918249186960394
12655,train,8303309265152263388
12656,validation,3996099159720582929
12657,train,4441968948780147913
12658,train,12619137970587630831
12659,train,12286883829500999190
12660,validation,10171204405578987872
12661,validation,773306181559766464
12662,train,3622286539949519613
12663,test,1939763609350847665
12664,train,4101415037853124657
12665,calibration,13588895583829617707
12666,train,17628487117047414725
12667,train,10195097313478799635
12668,test,17616255361058990189
12669,test,8965838825959177176
12670,train,223026186525631942
12671,test,4296333718329958910
12672,test,2829941546752842495
12673,train,12343921478431701897
12674,train,10388550864563257498
12675,test,12138031724001933237
12676,train,15819150378774291723
12677,train,1841017385513429085
12678,train,2785045527358188984
12679,train,17131987727842676218
12680,test,6476143717710556103
12681,validation,15057824113382327578
12682,train,14910162867318107398
12683,train,9375170870320034653
12684,train,2034904794137855413
12685,calibration,17674200240211141606
12686,test,5552401123556647000
12687,test,8981772201875629797
12688,train,9179888113481666299
12689,test,16178619726203925040
12690,train,13759699387663737427
12691,train,748895574128127498
12692,train,5339365595942212821
12693,train,3921383683225847951
12694,train,168698808735426932
12695,train,12926493432796044395
12696,test,2655589731089450189
12697,train,4644635553345094340
12698,train,6569667231122050776
12699,train,4956755345729352856
12700,train,1098538167604158231
12701,train,11349243304556889360
12702,validation,10177732171493651831
12703,train,9399417666922733335
12704,train,16315356101496347884
12705,validation,16341459865075652114
12706,calibration,9704676633666602296
12707,train,1495161958138741604
12708,test,10248873263482559656
12709,validation,16398230343901451185
12710,train,4934258456900946426
12711,train,4770168491923359992
12712,train,12428519697342915566
12713,train,5361476531223341860
12714,train,8430818467119513380
12715,train,13130907232363437102
12716,test,3154342716483995885
12717,train,4596165590611490868
12718,calibration,15994257181051436058
12719,train,11172431907545768348
12720,train,14978118664092656855
12721,train,6887560711324948129
12722,test,8749850554552429347
12723,test,8799043967986516582
12724,train,8354985403650631310
12725,calibration,2956079028613692090
12726,train,11768151999701629409
12727,train,1889394083553698859
12728,train,11592006780417114369
12729,calibration,14019284257404749622
12730,train,410870200368047939
12731,train,4760347116554277832
12732,train,5227522949111103730
12733,validation,12946226319071985683
12734,train,12342466408759960354
12735,test,9233877879591350493
12736,train,3979422538691467693
12737,train,1645297873821699102
12738,test,16860418542971147260
12739,calibration,11360120362922718979
12740,train,4498630318932784994
12741,calibration,11152771715581585604
12742,train,5098249170299454549
12743,train,5932497731476795172
12744,train,17185126829803009180
12745,test,1872938827873045418
12746,test,17498296232537365752
12747,test,14651023779200656968
12748,validation,14276471117983395828
12749,test,16085146617421069219
12750,train,6471121543101217270
12751,validation,12500216230015385396
12752,test,14335253653918281528
12753,train,7041973333252585901
12754,train,1124840123708040005
12755,train,6884424224636269362
12756,train,2800269163801076166
12757,train,7818060936522323358
12758,train,4859292934648776121
12759,test,17118532363070848509
12760,test,2698145981355198814
12761,train,8230175884908809059
12762,train,8754812536677584209
12763,test,8128285737269522183
12764,train,72482313282732233
12765,train,9231506402416792439
12766,calibration,10941922091484409590
12767,train,250792319131336115
12768,train,3682554678575693040
12769,test,7742410082465259752
12770,train,10527878005533772425
12771,train,15394313353888159711
12772,validation,17988205779430474506
12773,test,16732661300429281669
12774,test,17126795091707172629
12775,train,5627464667404298105
12776,calibration,10389979651636236483
12777,train,4341751661239791501
12778,test,13250204640707639853
12779,validation,4331477062603950602
12780,test,8677309858193847224
12781,train,11443629988741391692
12782,test,9958228438663495024
12783,train,5906078802732409330
12784,test,17892651557336506751
12785,validation,1494718124679053837
12786,test,3001251857605492431
12787,test,10434723061281442726
12788,validation,7940800191783564727
12789,test,17829920480923426785
12790,train,7561844556227052007
12791,train,7310754086774419381
12792,test,16702586690163719344
12793,train,15008290931005086901
12794,train,4529713539227769220
12795,calibration,18126417712075227686
12796,train,17590949510451725006
12797,train,1834910091339336964
12798,validation,17950353991121033733
12799,train,1337458200291275775
12800,train,2964710708526310255
12801,train,5685040416317889638
12802,train,12364183786948993435
12803,test,16916798136521445654
12804,train,2012059231031538374
12805,test,2008418780714932710
12806,train,9288274380936174819
12807,train,6971737855500191916
12808,test,16087832973565978445
12809,calibration,14327229655982537319
12810,train,1914488375694701592
12811,train,10496572684370707522
12812,train,97804743285230661
12813,train,6141087472668445245
12814,train,9706215855884983004
12815,train,5651947171655733623
12816,test,1968867378141642718
12817,test,7168541263202433721
12818,calibration,8320761539735517346
12819,train,6784071704521692501
12820,test,14113120395323649749
12821,train,13124320506356772828
12822,test,14651540458963544361
12823,train,933292512663746334
12824,test,7240401232465178817
12825,train,13960915297610505616
12826,test,9589631623065066795
12827,train,1853955126686980967
12828,validation,2790732005090467355
12829,validation,8618285109762328141
12830,train,12524056107417201089
12831,train,1328369876814355593
12832,train,169402962506730107
12833,test,10770223691042707333
12834,test,17001756909794269404
12835,validation,8146066735050568448
12836,train,6991881827126230246
12837,validation,9645351591601775716
12838,train,3033637841211572636
12839,test,7214703307360591478
12840,train,17174522438457099015
12841,train,18267151757151190320
12842,test,15225923809451950929
12843,test,9590540097849750674
12844,train,7165206500320132109
12845,train,3652559515109775600
12846,train,13975767594793285345
12847,train,16817255156183924610
12848,test,13806904513930730018
12849,train,10160677130954765112
12850,test,5660830612778773097
12851,train,1224516841680879033
12852,train,3169513548610376718
12853,test,15871469415563933408
12854,train,3388616523240442472
12855,train,17165720273530639439
12856,calibration,17194234412071992614
12857,train,65226510254498736
12858,train,1941615473314787539
12859,train,1658136999217004691
12860,validation,11853984799108993340
12861,calibration,17421342068575999
12862,train,119707306960388156
12863,train,2964836272576706529
12864,test,7688591328594407417
12865,test,531031627650975356
12866,train,588440945015917429
12867,test,9372163435267423582
12868,train,12198976822763518179
12869,train,6062698768885706463
12870,train,1077166008594779069
12871,test,5509652991696929647
12872,test,1110804728183296732
12873,train,5089667547740461489
12874,train,7871954238703526447
12875,train,2310531076134776769
12876,train,17086239759987764963
12877,calibration,1324646839342643716
12878,train,9074647576703209859
12879,train,10275756568200232917
12880,test,13730319571563611151
12881,train,8164909474896463816
12882,test,11213534128371822746
12883,train,12880091372486578748
12884,test,4036588607496025832
12885,train,11853546841274911131
12886,train,15902699028478791744
12887,train,8578438309832854099
12888,calibration,9982856628689397163
12889,test,15955144105028043624
12890,train,6481091508015687917
12891,train,16991531063255624280
12892,calibration,1423861224456375816
12893,test,955788305816971395
12894,validation,10977500829805281005
12895,train,3102419446738499142
12896,train,743918390768031081
12897,train,10058299156716875644
12898,train,15381895803181004400
12899,train,14149245614239438027
12900,test,7147693731380656720
12901,train,17813093228780416723
12902,test,8781760204954945635
12903,train,6512698712734376487
12904,train,5237093827128978394
12905,calibration,15784138192653568794
12906,train,18106901323023467733
12907,train,13956399008238552618
12908,train,12868609359836631004
12909,validation,3105741448948938568
12910,calibration,7069336937241687938
12911,validation,1014666191684610969
12912,calibration,225997321093145285
12913,train,6214080836450632307
12914,train,4647361331731340549
12915,train,14394380463161496364
12916,train,695353224090060098
12917,validation,7233110688430881925
12918,test,4060579454197727912
12919,validation,12491150675751232742
12920,calibration,10079155645503508701
12921,test,6701112976973633989
12922,calibration,12219783593946828900
12923,train,814462144261341507
12924,train,2638876561556524933
12925,test,18282204686513753891
12926,calibration,12452319908076769045
12927,train,8477769116564267706
12928,train,9062448112738294989
12929,test,12579001158300694724
12930,calibration,11291488601025127026
12931,train,17671610829346798898
12932,train,18364553791653633437
12933,validation,3856317248149333915
12934,test,6912715958945276240
12935,train,11660060386305478111
12936,train,2962580649805655106
12937,train,16553410136665896064
12938,validation,14887296724579529770
12939,calibration,9486044018291836374
12940,train,15310753471377747251
12941,test,13186428840746025040
12942,calibration,11267558031820844009
12943,validation,7484241580842934154
12944,train,5690898626757768732
12945,train,9557190145231887585
12946,test,11071584920738402278
12947,calibration,12832426971781931435
12948,train,2863769428067405787
12949,validation,15361600496272965199
12950,train,7408576790509019334
12951,train,2091803701723966856
12952,train,16451718528246209486
12953,train,8093279747589513668
12954,calibration,17527344919226536248
12955,test,12327564880576153128
12956,train,12535309588343538032
12957,train,17653392392165206379
12958,calibration,470802430132835136
12959,train,2342437571263098187
12960,test,2962988313413802021
12961,test,4663657660803967220
12962,calibration,13551301213194352103
12963,test,7212659209243933795
12964,test,12209728033546502910
12965,train,18251862599585187784
12966,train,3771076738694525946
12967,test,11340077237359429961
12968,train,15921482217628050281
12969,train,16686452682656568863
12970,validation,325102064197127715
12971,train,14956770835551070764
12972,test,8543458128531785112
12973,train,10894360362610982079
12974,train,7907926620944216331
12975,test,473992683291892621
12976,train,12190847972754923263
12977,validation,7732251616000236466
12978,train,12350935126736075904
12979,calibration,11531091005767784332
12980,train,4865070769032482598
12981,test,14940159116055932523
12982,validation,6990811349499466586
12983,train,13243806452470035799
12984,validation,1523461158990853358
12985,train,3061859576161821650
12986,train,16608838733331448362
12987,test,3357198582193676695
12988,train,3663516982254189223
12989,test,17650951012896059317
12990,train,15243568806449717644
12991,train,4647097762487050076
12992,test,14277785311650671692
12993,train,815403257712484932
12994,calibration,3298196636194876951
12995,train,6419340571233809160
12996,calibration,9873880095778497387
12997,train,2546858149880139138
12998,train,6475616318557566459
12999,train,1833302981825814313
13000,test,3599356614658015015
13001,train,6717204852262637969
13002,train,5039783171201274738
13003,validation,13225438810769492370
13004,train,352820650754477845
13005,train,11740190043777267065
13006,calibration,18325712485929332022
13007,train,2464464333666145327
13008,test,9553747191035532292
13009,train,7590477092840936802
13010,test,13921095594765056714
13011,test,17749890542638950904
13012,test,17602416182813739943
13013,train,1157505071404329438
13014,train,7200513840964808741
13015,test,1408123874210128079
13016,train,2126442325952095842
13017,calibration,11684266138021821214
13018,test,10908209528644773024
13019,train,3669105758121561680
13020,train,1463453088024134777
13021,validation,772970402012788597
13022,train,6533708141412818577
13023,train,13445602419653600298
13024,calibration,15783986378005317258
13025,train,6882052028809257463
13026,train,13775516302216346352
13027,train,10699619337787680727
13028,calibration,14412927832677597471
13029,test,8508694247392913458
13030,train,17181300678481425007
13031,calibration,2194743268596035593
13032,test,6514732566900020551
13033,train,14354898964912094248
13034,train,10617922347721413332
13035,train,5461308081030637462
13036,train,12941503442672601532
13037,train,16046387216318785487
13038,calibration,7385390867664579749
13039,train,12511107221860740385
13040,calibration,6139824700883435299
13041,train,2169686082049302143
13042,train,15009607177690995934
13043,train,14534236796435160875
13044,train,3397947773368315307
13045,test,15916704544942984930
13046,train,14650910525806216781
13047,train,8975260352664020184
13048,train,14330508439123184465
13049,validation,17896500194800065007
13050,train,11284498853191669057
13051,test,4740723128597719829
13052,train,15179949616626522088
13053,calibration,7491086861548567808
13054,train,2253014735761151681
13055,train,15877355460955051759
13056,train,11051129997826755505
13057,validation,6075035388347696638
13058,train,1714228342059166027
13059,train,14942976899532837755
13060,train,7607839804159993133
13061,train,10866388994283324365
13062,calibration,16570655575695511995
13063,calibration,13842109886010822245
13064,train,17398802731631013213
13065,test,8682731956263095288
13066,train,16968939852074329589
13067,train,16343628308643235620
13068,train,9865496730754991936
13069,validation,17268929622781410173
13070,test,7501227997515531787
13071,train,12882492822823135462
13072,train,3936315808597163202
13073,test,7336227927812347697
13074,train,16550792470324833301
13075,train,9052941945178329910
13076,train,9082921434988764045
13077,test,2470999737508911181
13078,calibration,6204794308707788327
13079,train,10576672843393392571
13080,train,12886425349860164480
13081,train,14825541542570423538
13082,test,18127455799214785081
13083,train,4771874731941761238
13084,test,15319971465753573126
13085,validation,9668343451845645210
13086,train,5639128774066063207
13087,train,7364905018160647183
13088,train,2299388393079946446
13089,validation,7100837748723689060
13090,calibration,16866103422855745799
13091,test,7910849925805311328
13092,train,877180161190171467
13093,train,10764157269321728942
13094,train,6690582030595179235
13095,test,5679657282447965414
13096,validation,12459427068573341256
13097,train,14275896497738265650
13098,validation,10308452145164460897
13099,train,13562548137764566954
13100,train,13107764700364149197
13101,test,6618456512776626674
13102,train,7056446281345959386
13103,train,10996882044664456443
13104,train,6777574761283532131
13105,train,7649922953114405389
13106,validation,2867698706680553778
13107,train,16817255156183924610
13108,train,7601547747238596002
13109,test,5320280810704467970
13110,train,4323946333975943249
13111,train,11147795852313036580
13112,validation,13037956315476441543
13113,train,9153224544886496135
13114,train,2787188419633987549
13115,train,16572480902252164658
13116,calibration,9907343791790022668
13117,train,12969073045188165367
13118,train,17581060730148428406
13119,test,18061274756545162017
13120,train,3049081578647079917
13121,train,5024218099564029346
13122,validation,11207558448123647184
13123,test,18091161699875122431
13124,train,11752209055768123830
13125,test,6686312824140144144
13126,test,3252228202577694400
13127,train,17335521602179118953
13128,train,18381777216685038143
13129,train,5092989914220118487
13130,calibration,1687508044639223699
13131,train,8654878167793998302
13132,calibration,7588449943764097270
13133,train,13628081546061716442
13134,calibration,5898912166163990264
13135,train,10540078015248715689
13136,train,1010080029236743186
13137,train,6836864152716722127
13138,validation,2022260966197715915
13139,train,13057934804027394940
13140,train,9836381630760662822
13141,test,10787597101017274588
13142,test,17732897808864273486
13143,train,989671078358679040
13144,calibration,13712313081073291199
13145,train,6265407235234268688
13146,test,17691143778632772688
13147,train,7917297623036528036
13148,train,6079529588425850339
13149,train,2411104704179677609
13150,train,8239436522165869651
13151,validation,14943835382068355204
13152,train,5673011219889975332
13153,test,141675269411505426
13154,train,16731589608567662442
13155,train,3286217828618626539
13156,train,4785868750166954327
13157,validation,12533434527276882520
13158,train,192365337625850753
13159,calibration,6352877643613691306
13160,train,7493638550531153807
13161,train,11644849419086681310
13162,train,3719015150091320806
13163,train,6054064745843687056
13164,train,16645880213004697199
13165,test,10738886796949870488
13166,train,4787107553419852646
13167,train,6978658312650925089
13168,test,12499771973916604536
13169,calibration,8869163762568984927
13170,train,16290449038551306840
13171,train,3937131859342074988
13172,train,9203711872005407900
13173,calibration,7808108147560769221
13174,train,17808309673380399102
13175,train,16750254970266439776
13176,train,3094763157433496051
13177,train,13170974784373183925
13178,train,16151124882561305138
13179,test,12629434975107713571
13180,test,1246981046068619047
13181,test,12160968804985409147
13182,validation,14262140837876573794
13183,validation,2135963974356452740
13184,train,14435921747133510735
13185,test,12311393115185966859
13186,test,15145258772132413888
13187,train,14431674391982790267
13188,test,14497704294053778501
13189,test,16113905252233157038
13190,train,545544247221570308
13191,train,7307631758748889687
13192,test,14583358058264124979
13193,train,15166971170909950950
13194,test,1340274693820520177
13195,train,4254562623961850266
13196,train,4057252218008196574
13197,train,9834209484943040459
13198,train,9943950416789546209
13199,train,3390915628566963165
13200,test,13750859788280467136
13201,validation,18256879960713948042
13202,validation,14790319086064819168
13203,train,6581446041640096233
13204,calibration,15418328767128673892
13205,train,6607130604097357489
13206,test,936804006327931695
13207,train,1494777809835988147
13208,train,10901818034978224047
13209,train,1974918916045898738
13210,test,7991090586124572668
13211,test,17301487668616722947
13212,train,12038357062659164529
13213,train,18146662703966028347
13214,test,11135657684422328302
13215,train,12614939867483452559
13216,train,2822929136523253317
13217,train,17950700134432845949
13218,train,10924137781965009506
13219,calibration,2103337521858159993
13220,train,6815698299072918993
13221,train,16183819501424678213
13222,train,9804116491692516776
13223,train,12727340430611510660
13224,test,3295551894736171174
13225,train,15955958773817859389
13226,train,14411479828253574712
13227,train,1743285212686140419
13228,train,5231950270082312354
13229,train,11124464236240600402
13230,train,11646661279158967070
13231,calibration,17073380965908625644
13232,validation,11034590634150040711
13233,calibration,5301370718096702380
13234,train,17929130507032629312
13235,train,10803105960991987928
13236,test,14748394818244380669
13237,train,3769824533415219751
13238,train,6748671212615069836
13239,train,15302294024607393322
13240,validation,8315215970860673676
13241,validation,7023004653954870561
13242,train,5014890587754567210
13243,train,5700832098274263568
13244,train,9624772129076166616
13245,calibration,13092093143371373128
13246,calibration,13369216906228138760
13247,train,7269224616806770006
13248,test,8770995220080751809
13249,train,13535923341203205811
13250,train,2289842607937185998
13251,test,10000824613356338958
13252,calibration,4797428205546332269
13253,train,12828698209872854605
13254,validation,972700192130527675
13255,train,6742244563121048515
13256,train,1862076500609462351
13257,train,7611238135569251412
13258,train,1760895800691007857
13259,train,4136477996744534484
13260,train,1283017520853270989
13261,train,17988292495951233172
13262,test,14939301751197521841
13263,train,12902807389505290083
13264,train,5293665505247146128
13265,train,17873976135855247176
13266,test,7424774139096583608
13267,train,2089949817444082060
13268,train,5148141522834018538
13269,train,9771063134577643826
13270,train,13838283804344492046
13271,train,13411243952714621396
13272,train,4173315405178208850
13273,calibration,3928753862689246492
13274,train,185545336189419095
13275,train,3020656071988368394
13276,train,7511442688369562304
13277,test,3661082675175278522
13278,train,3184533401291932055
13279,test,5375705663928469110
13280,calibration,9668507177198862484
13281,calibration,16219606122813330345
13282,test,16533157613779885374
13283,train,7543797425033299433
13284,test,3702479701061495876
13285,validation,8932719266513078468
13286,train,3358014469994602045
13287,train,17791134710931034442
13288,test,4523193012988803260
13289,train,2347922630977656432
13290,train,9776362624535791938
13291,train,3271782204872793755
13292,calibration,8278457184129219979
13293,train,6522576809834702642
13294,train,15947452328321235180
13295,train,2976324806221881875
13296,train,14554962537116322821
13297,train,7302973597313166622
13298,test,6531475849522531758
13299,train,14875659878525308744
13300,train,13852479827156439602
13301,validation,5586390853104502940
13302,train,12381277101498145585
13303,train,7805261125072273526
13304,calibration,8478445692179105180
13305,validation,11311917068228436661
13306,train,7239412254908662743
13307,train,2700387255976847034
13308,test,17144130860441922187
13309,train,16427818644941810801
13310,calibration,12289466458653401882
13311,validation,12312579923433792096
13312,train,3240397159231558685
13313,train,8791809984496810746
13314,train,15821591257614476854
13315,train,11250920748531897156
13316,train,16118687529881032896
13317,validation,13130773489004660480
13318,train,7496893891130104681
13319,train,6683442728388525136
13320,test,8855213755208284191
13321,test,8197110499525803017
13322,train,5092499357072448597
13323,train,16817255156183924610
13324,train,5143600554927760425
13325,train,12673490140995717455
13326,train,14080001149813591834
13327,calibration,6048294111695823279
13328,validation,8372449266693513257
13329,train,7517899705543535231
13330,train,5098263971540900142
13331,train,2237121524364892430
13332,test,17390255901057514304
13333,train,3945991245269170860
13334,test,12204545307552133458
13335,train,1627116059919803304
13336,train,7871262139198618844
13337,train,5007736477296327492
13338,train,13148098450463647299
13339,test,2761154017017605359
13340,train,6847040897147947982
13341,test,525493169358434077
13342,test,11605912651013380700
13343,train,7075619789038749967
13344,train,13462095013061936027
13345,train,12637412020520770451
13346,train,9155383162850167735
13347,train,2254904467706196297
13348,test,5960222436540122822
13349,train,11681163494021294947
13350,train,16295490237374706722
13351,train,16806659390979236379
13352,validation,8297636315583840632
13353,train,10833723836504401783
13354,calibration,13597510217462530368
13355,test,10497135707295912107
13356,train,1551130741320838422
13357,validation,6685452892124387669
13358,validation,4271768875927759268
13359,train,8782030954223623566
13360,train,12147093237737128876
13361,train,2594717377281701960
13362,validation,1084244721768003455
13363,calibration,2041394102437688517
13364,train,5231077568588937437
13365,train,2921129447737848223
13366,train,6619916445814963912
13367,train,5960068338597805537
13368,train,11790790758628028498
13369,train,15198667234670872300
13370,train,8184750816626432117
13371,test,8965838825959177176
13372,train,1648401793584997073
13373,test,1620653469344302666
13374,train,10587510445494077462
13375,train,6781189103269089915
13376,train,5454936554389437361
13377,train,7134941083676626498
13378,train,1575611669342156918
13379,train,13808915308955768150
13380,test,4912944890628135658
13381,train,17277747582911521193
13382,train,3357932611852205454
13383,train,13298690722777500224
13384,train,1784430647775132403
13385,test,14496088433007252705
13386,train,14595675678341930083
13387,test,1393903523730638407
13388,train,8297912470660951984
13389,validation,6343484245188436812
13390,validation,13960480779344644627
13391,train,10401687338675783782
13392,train,3092848689379129639
13393,train,1119570533386174881
13394,test,9927950013344567713
13395,calibration,15864128091477412207
13396,train,3747689671284164353
13397,train,16178562065567357441
13398,train,11866924036064722793
13399,train,12947742090177354004
13400,train,16451718528246209486
13401,train,8363973290383663260
13402,calibration,13316952111932154509
13403,train,14689718251150254247
13404,test,15446655357601578433
13405,validation,11319494653909422800
13406,train,11592646767995561192
13407,test,4592086099115845707
13408,train,12626671111081812669
13409,test,12866472399408599589
13410,test,2676727983754033913
13411,train,18329259952295701179
13412,validation,1939203500961552061
13413,train,18057957623991949989
13414,train,17339283198534735749
13415,train,5506735230975586190
13416,train,10577635893962629320
13417,calibration,15911240456198458640
13418,test,10223722160786419885
13419,train,14354384345930613277
13420,train,12140550820991797322
13421,train,1571636838652583290
13422,train,2032490679167511103
13423,calibration,7463965628828475349
13424,train,2021134648893184524
13425,validation,4124663711610451562
13426,train,17191299016724642520
13427,train,4597112886006418037
13428,train,17369930894656480507
13429,test,2208939143953361975
13430,train,10333229575023829638
13431,train,7711549350883117678
13432,validation,17687911634509369596
13433,train,16681207980563253374
13434,train,8378730748026566652
13435,train,4247800301063260663
13436,train,367368745068444107
13437,train,1160355236058215613
13438,test,15402625499532865469
13439,train,6295962065016805755
13440,validation,12279794106246911127
13441,test,13731807480728982661
13442,train,6570709141751184555
13443,calibration,1319027535989800178
13444,validation,489640348780382770
13445,train,5556087860382144804
13446,train,2637602782638804215
13447,train,1266457254505156900
13448,validation,6390743136405292612
13449,train,10500865180200926946
13450,calibration,50963947092394384
13451,train,5824942042458074264
13452,train,5759977015497458271
13453,train,8081596132970732729
13454,test,17964218873031509507
13455,train,18270369157753933319
13456,train,4411380537751695535
13457,validation,3383059553815133863
13458,test,8960331229013358221
13459,train,7378232893685523663
13460,train,15939639887519400554
13461,train,16518129594575829111
13462,train,16641671873659877095
13463,validation,2702334562976014509
13464,train,13192390655392515065
13465,train,17809749288943878726
13466,train,8844189427757459944
13467,train,13883950625084694414
13468,calibration,3296098638514563269
13469,train,3866478454719624948
13470,train,9264844887943019076
13471,train,13628081546061716442
13472,train,15837457235111701567
13473,calibration,9579132953635859630
13474,validation,5892380751166060227
13475,train,6753127725800013446
13476,train,3627212736673402149
13477,test,14737118523119413754
13478,validation,6684411670108022367
13479,train,8097334271299763690
13480,train,16968022981959793432
13481,test,4171815750021418318
13482,train,11716122709685053455
13483,validation,15368560387708181008
13484,validation,13426417711516483053
13485,train,5263593777574675207
13486,train,17771375213607731445
13487,validation,9169125746827935017
13488,validation,11251388818242773549
13489,train,6668908990232899564
13490,train,14498091394323009225
13491,train,6192713365009160655
13492,test,16792392814426357438
13493,calibration,18365413742103687544
13494,validation,12449986411420364987
13495,train,8348110818835743663
13496,train,6628295515935407623
13497,test,18170853779170300911
13498,train,7302587485874561338
13499,train,3250887998971607451
13500,calibration,4825460723921081519
13501,train,9570470920500598946
13502,test,2378720615916325932
13503,train,9349139808575831706
13504,test,18294632232296834486
13505,train,1377286525857550548
13506,test,2136471636012604479
13507,test,8675592132855773502
13508,train,17476757283119682754
13509,train,16817255156183924610
13510,train,4854997310058504476
13511,train,4711096714075872369
13512,test,14787435977056767251
13513,train,4656986154997608813
13514,test,18089301251565925361
13515,calibration,2243909796829288763
13516,calibration,17004501206855219703
13517,test,13426234872589896436
13518,calibration,13324452934971499033
13519,validation,6139506355882777160
13520,test,1765493969834879697
13521,train,14862860829602145836
13522,validation,16158793007061037901
13523,train,8838680320832793469
13524,train,8870889212090756038
13525,train,14708923565016513059
13526,test,8212666421452776951
13527,validation,9584233211043297496
13528,train,15400410298221831090
13529,test,16727493215148851496
13530,train,17553822269142533460
13531,calibration,15167863440519979446
13532,train,8666998815264779440
13533,calibration,11802054023177042712
13534,train,13492306732520710489
13535,train,12343935568617090502
13536,train,9903496910655896409
13537,train,12925653991086444644
13538,train,1577272087365279794
13539,train,14581643256355562711
13540,calibration,4565142729435443915
13541,test,9718173462566948625
13542,train,33640859469191321
13543,train,10324813175426230411
13544,calibration,8232212452147889596
13545,train,17920130957192029292
13546,train,3737309028570157242
13547,test,11731201533371687990
13548,train,1883924200359981842
13549,test,3387250017781032080
13550,validation,8538206032368076147
13551,train,18346822301626507859
13552,calibration,10180261601016612900
13553,train,4267153144481408238
13554,train,6764883418015723815
13555,calibration,7695162874667159320
13556,train,13057262688959639015
13557,train,13628081546061716442
13558,train,2639307963236594625
13559,test,17096463890136348465
13560,test,5529550045386503182
13561,train,14604278816450848293
13562,test,5928620827504722785
13563,train,8010418280808137010
13564,train,13628081546061716442
13565,validation,8039774000122576100
13566,test,10670594750456867820
13567,calibration,216279350760078699
13568,train,9547803376931081397
13569,train,10038729556318379287
13570,test,5536837682736558790
13571,test,14468255456872169729
13572,validation,11457287249939337612
13573,test,14147941539812877822
13574,train,3078894009862034085
13575,test,9083017999765201723
13576,train,7076875581046642116
13577,train,18376011867021546185
13578,train,10303513604717007423
13579,calibration,91343576026405001
13580,train,10520032859709025212
13581,train,15469896590587058757
13582,train,13316758988116969936
13583,test,9277338642522050082
13584,train,4542345751833684296
13585,train,16356179407644346936
13586,train,17362497288385786139
13587,test,9699759092878592653
13588,calibration,16873484563403982859
13589,train,5152948320959470791
13590,train,14475496480891741185
13591,calibration,13009841684699064919
13592,calibration,8287169668082198906
13593,train,1259649284587894254
13594,calibration,5439458523688291751
13595,train,9011666040413355787
13596,train,11512198161729658389
13597,validation,1363102973342139206
13598,train,6914072973190462688
13599,test,15830126185261918697
13600,train,17232420035822385722
13601,validation,2152504726345875235
13602,validation,15515724202104255742
13603,calibration,6724902347935229184
13604,validation,3364687493311673098
13605,train,3148077994782017203
13606,train,12857244932286443183
13607,train,17754976593205719720
13608,train,4206252890051904287
13609,train,2725813195196144411
13610,train,2054177705021316920
13611,calibration,7323265584642167646
13612,train,6551822074727328849
13613,validation,5103592814121667290
13614,calibration,1421975727279274902
13615,train,13216880164962573970
13616,train,11003159728041950883
13617,train,9403502968374308639
13618,calibration,8450351625521343407
13619,train,6821112770616329366
13620,calibration,16277552803800081949
13621,train,9802721993707809737
13622,validation,16472548698765271603
13623,train,4837267596970800614
13624,train,9602694927487903182
13625,calibration,13634870220748149774
13626,train,15600331356108274546
13627,calibration,10552718841227605646
13628,validation,7148049682443484030
13629,train,396276284204336715
13630,train,12420619949739589151
13631,train,15193985034373785700
13632,train,12931800431068003397
13633,train,4428283452451061976
13634,validation,12081683587433522901
13635,train,15500886939240488413
13636,train,2075747883402331371
13637,test,11483756163903320774
13638,train,6119596775943520833
13639,train,3002578650182030168
13640,train,61191479786865734
13641,train,13438751940617659776
13642,test,13589066283109290362
13643,test,13429954745404609691
13644,test,16755791672020813446
13645,train,11608030992090979240
13646,validation,8554160321268886989
13647,test,2117322792469671139
13648,test,17046455231375323915
13649,test,5896809733455563608
13650,train,14955806423378150990
13651,validation,9063235818401747749
13652,validation,10231519213048820649
13653,train,9537732080154883269
13654,train,8706886758155065818
13655,train,3947325984783883078
13656,test,1538486265563450072
13657,train,17425965728544156140
13658,test,17595207574315186059
13659,test,4486944227050390253
13660,train,5059783755779731489
13661,train,9844735428132174632
13662,validation,18384337531181706694
13663,train,18081875139954963483
13664,calibration,1781569102215843402
13665,test,17291459461599931096
13666,calibration,8056091243577869366
13667,train,2766029661487454790
13668,train,13362986461440160458
13669,train,268937840089421606
13670,train,8047710842664674409
13671,test,5039139797017768455
13672,test,351404091508050821
13673,train,9117477090319633935
13674,validation,13006507379569638517
13675,train,18346928119156053570
13676,train,7971518451796007139
13677,train,6411990640129296792
13678,train,17211484322267314960
13679,train,3310705759025804271
13680,train,11065851959814664975
13681,train,13270049040734422615
13682,train,4795627137039643041
13683,calibration,142082816997249173
13684,train,17114311187327340815
13685,test,1079378715560734078
13686,train,4215612778539624537
13687,train,14175448843191236585
13688,test,14887454523238508395
13689,train,5803596547920437131
13690,test,1503182760276644136
13691,train,13300460732914567186
13692,train,12085837615926850459
13693,train,6720514779091559013
13694,train,15713257873866539913
13695,test,2763988984478666619
13696,train,14941323638896089568
13697,train,11146708803493376102
13698,train,13384220554814788914
13699,train,16632346590482902615
13700,train,5279920386389614392
13701,train,13068925915781413718
13702,train,3124744846712731104
13703,test,10620103186749886199
13704,test,16403983456769516873
13705,train,5670936188083980443
13706,train,16817343292560499658
13707,train,8360006970720086950
13708,test,3364724377523979447
13709,test,11195647022665441681
13710,train,7948466060954245535
13711,train,2719315375518196796
13712,train,6433769130115848706
13713,train,3011642148571136669
13714,train,1403742820937611290
13715,train,2696581807475123986
13716,test,14891105876580510274
13717,calibration,6687760588043572217
13718,train,6111311482540826083
13719,train,10210990841107872239
13720,train,3194629505914674731
13721,test,15907659628690510980
13722,train,17623551806573764470
13723,train,4470231865687662008
13724,validation,17365883001952844838
13725,train,13932536444127083368
13726,train,7098869530152819845
13727,train,6448791575849190641
13728,calibration,7019644247989836139
13729,train,662447233358373458
13730,train,11582047034262344721
13731,train,11503287006658034342
13732,train,7216560679358300880
13733,train,2885103521705306700
13734,train,14995977054933363896
13735,train,8677962713550452386
13736,validation,2498227383794074365
13737,train,10537764908934711234
13738,train,16083107300084809093
13739,train,14333989443805312093
13740,train,17928439302899342121
13741,train,10489159181708598052
13742,train,9353415233898119377
13743,train,6266251549910539093
13744,test,367877936349479293
13745,train,15967950468817871330
13746,validation,15328569060994073429
13747,train,7700455057612882
13748,test,3792988775326752182
13749,validation,14856004901005370506
13750,calibration,16787351746580083881
13751,validation,2992544035224488937
13752,train,13565146280030094364
13753,validation,5026118964933198218
13754,train,3334764602893145019
13755,calibration,7770029152274989513
13756,train,7652258707201872886
13757,validation,5377300095507087384
13758,calibration,3325952243796938413
13759,test,1631934258059900411
13760,train,15013982009405723439
13761,train,99059962788402124
13762,test,12523618743252464222
13763,test,3718083555849652532
13764,train,1316175839372391071
13765,train,13703965234575427887
13766,calibration,2456677613045949134
13767,calibration,8820307973330469109
13768,train,4059723843512188278
13769,train,10815624567898076209
13770,train,4880521923623746396
13771,test,17219291129678807786
13772,train,11858146719703194615
13773,train,10255170455794891851
13774,train,2164446225645893859
13775,train,235896272139209725
13776,test,7326303553827836630
13777,train,6872683664134037039
13778,test,16758129481207961407
13779,calibration,9643995533481358054
13780,train,6649286436681595896
13781,train,17424305192379456459
13782,train,3160903752276770562
13783,test,828572797597799657
13784,validation,1182367148317264467
13785,train,3965132616965145925
13786,train,13296249230468513301
13787,train,14461834793134134266
13788,train,17860043002762002758
13789,train,2836358161560629376
13790,train,15489109055224216132
13791,train,8583478091546616557
13792,train,423885490702632403
13793,train,3060740323262531971
13794,test,1648112222358367207
13795,calibration,6135174228022372909
13796,test,4569252817543118382
13797,train,17870288573704519776
13798,train,14874136150403086378
13799,train,14786708446148399224
13800,train,15450410017120231488
13801,train,12724679463697791503
13802,train,1711578509561145821
13803,train,1030634521099209671
13804,train,4168293482170999451
13805,train,12602396486223471036
13806,train,3763809751102733110
13807,test,9607017414988412517
13808,test,1485744602429069333
13809,train,7954228317363887230
13810,test,16138631578454873078
13811,train,10686877965882359887
13812,train,17094952827646716363
13813,validation,16814164682707219670
13814,train,11344637606591617846
13815,test,17381366598633284479
13816,train,8222603103166758176
13817,train,8757006644026016794
13818,test,8875670142326640145
13819,validation,12998249183540132249
13820,train,14441283713681472321
13821,calibration,6546540884684188139
13822,train,17041040101780807511
13823,train,8633552835159181827
13824,test,858562729898140312
13825,train,5412202639221223740
13826,validation,5353726163049051014
13827,test,18290548918400769899
13828,train,14413482632998600743
13829,train,12930003964444129529
13830,train,10089326669102138548
13831,train,14377864413538572066
13832,train,3310435984711162735
13833,test,14118293356244171991
13834,train,2519345186868497161
13835,train,16949294350420638538
13836,test,1772420899155087299
13837,test,13917178261894152354
13838,train,7173087024369279450
13839,test,2885647725661615978
13840,train,3426598856855679133
13841,train,17372252967854143839
13842,train,1444195455963674929
13843,train,5314876505640429206
13844,test,624098331512362002
13845,validation,6949618328026391551
13846,train,13101979385831692159
13847,validation,1489621162866172411
13848,calibration,12284943934428701258
13849,train,15476513614337487340
13850,validation,12524185048314255610
13851,train,18228872880657565532
13852,test,130427635835725109
13853,train,17955248695049258496
13854,train,16845017681450477145
13855,train,16817255156183924610
13856,train,760999840527238146
13857,train,8151753418201530960
13858,calibration,5382732280974519129
13859,train,17989480562381925828
13860,test,15847262752968936007
13861,calibration,7138546219287503762
13862,test,12886928132880084843
13863,test,15990850614024908162
13864,test,3430263425848596510
13865,calibration,12686342085230897578
13866,test,9071445590436883515
13867,validation,13498728769555558060
13868,train,3694248431863863069
13869,test,6832894842084964801
13870,test,7853978829827894550
13871,test,17130050661096245899
13872,test,13922810777246282591
13873,train,13601252969144153773
13874,validation,12599412503419988574
13875,test,1743059203976198061
13876,train,14334094242234032447
13877,train,10433538387894133421
13878,train,3846356498841287882
13879,test,8562296008815915200
13880,validation,12829905097320001355
13881,calibration,672578662867994897
13882,test,2047056748974734174
13883,train,9888605510975500175
13884,train,11660517738680781888
13885,test,8677309858193847224
13886,train,2129834200785047311
13887,test,16017040909854561341
13888,train,12499543230231606197
13889,calibration,235275157968929302
13890,train,8893980374500157728
13891,validation,2618555967313473912
13892,calibration,2903014881620605630
13893,train,11211348753868284367
13894,test,1567746609246910996
13895,train,16813589841681425030
13896,train,3913014845607289013
13897,test,2461736036065657966
13898,train,8297399579265764971
13899,test,14684230442584218248
13900,train,2072044453691169583
13901,train,1475929367125307803
13902,train,5862604710246362123
13903,test,9349259283596699107
13904,test,14108554088652275011
13905,test,6245473393826114411
13906,train,1170131699543002246
13907,train,9279766528709371543
13908,train,17668001581683925742
13909,test,1218951376928787555
13910,test,6639913250047693402
13911,train,16476988247995015967
13912,test,11036076824217958889
13913,train,10210990841107872239
13914,test,15103600779151935448
13915,train,1560582784315548891
13916,train,3160175027022275404
13917,train,17427920800057921734
13918,train,5300114023411922330
13919,train,2600508988034463774
13920,test,9713955240577683581
13921,test,11941412804155029743
13922,calibration,4357702676364710659
13923,train,8763934758659909860
13924,train,15441030503325382613
13925,test,6869971366610984228
13926,train,9722751209803590210
13927,test,3717371147176241721
13928,validation,2911621216108246995
13929,test,3381374628402197317
13930,train,9400203349209635470
13931,validation,717124340292025819
13932,calibration,15541859784251618463
13933,calibration,8386953782772690183
13934,validation,10953836115463411386
13935,train,16987804372081052739
13936,test,7152720992348711592
13937,train,10627904671552794419
13938,test,6673450683821082048
13939,train,7191730487452829670
13940,train,11611685097350660872
13941,validation,2513110229553302622
13942,train,8955146913717004700
13943,train,8041648156697022430
13944,test,14253417287496347852
13945,validation,13311765409344190988
13946,validation,3856317248149333915
13947,train,9868316980174428713
13948,train,10671990229139729961
13949,train,8694785471965993576
13950,train,9875885169266894560
13951,test,10320829718702240811
13952,validation,11782800523445234235
13953,train,8864033040609904336
13954,train,4337890966395298065
13955,train,8040105125943249366
13956,calibration,6045085296888855240
13957,test,1961137659494910108
13958,train,4891905678298691625
13959,calibration,6504303448443039600
13960,test,3297508031106153097
13961,train,12450230679306077398
13962,train,3944294478743870284
13963,test,8175579332413031242
13964,train,4505607530441300925
13965,train,882090428330076088
13966,test,10826348067725173560
13967,train,17928439302899342121
13968,train,1672592331535055314
13969,train,15696816816742572898
13970,train,1075957448333068269
13971,test,8013599863047605188
13972,test,8181841092556652025
13973,test,15210245923753090871
13974,train,12094703356453866075
13975,validation,1174045705495622702
13976,test,17221055965202776230
13977,validation,6901446592902648349
13978,test,7187234978502775152
13979,train,13024520446768628520
13980,train,8441725905096221150
13981,validation,14430516722726536967
13982,train,9852684697197641819
13983,calibration,9322336272340425429
13984,validation,6592076203576313127
13985,train,15621795058967825688
13986,train,12459709186171704301
13987,validation,14239786396646507350
13988,validation,5813583092010634021
13989,train,13654243149097669545
13990,train,18286367269188268995
13991,train,1750526056439739670
13992,train,12871211840664390671
13993,calibration,2148475206075196695
13994,test,8798252925451622698
13995,train,15171697107155136104
13996,test,2044657494739407106
13997,test,14326489990793472400
13998,train,3326024436085312316
13999,test,2764112990112878276
14000,train,6844583765513345883
14001,calibration,2558977776786971924
14002,train,18031477322420143328
14003,train,7832397717469089662
14004,calibration,16040594597733995196
14005,train,4736340968886058948
14006,test,8006148322771601591
14007,train,5216981420673006848
14008,train,14980395825844761450
14009,validation,4391311451711673892
14010,train,11552813303471521739
14011,validation,2767279496402200729
14012,test,8768450223325178494
14013,test,9947722523575087708
14014,test,14850413183823609344
14015,train,7516886391707775698
14016,validation,8333443149402714369
14017,train,11436967028335583758
14018,train,15842628260833063727
14019,train,1644259509840701069
14020,calibration,9341716942822411105
14021,test,475600853485664849
14022,test,5617867940987094406
14023,train,18234300968990863347
14024,train,3290506571987966167
14025,calibration,3433916230185559497
14026,train,14204007875537629430
14027,test,9183645966568537975
14028,validation,773306181559766464
14029,calibration,11160287333987414814
14030,calibration,14019284257404749622
14031,train,13993754217115346433
14032,train,14456459264567998571
14033,train,14398344828611830280
14034,train,16144363849862606912
14035,train,1275838501195314981
14036,train,9943510535281274970
14037,train,13132276194767084457
14038,test,3070509879034780697
14039,train,4038515926927703397
14040,train,14721221806100133774
14041,validation,4478216575048491673
14042,validation,9251755685582399657
14043,train,4824574783270754169
14044,train,4181158081049667382
14045,calibration,5620635323672957642
14046,validation,3856317248149333915
14047,train,11816997918154901940
14048,train,6379666674462007957
14049,train,4217320196281136837
14050,validation,10900335164236595034
14051,calibration,4402674116995500871
14052,train,8484055789627299864
14053,test,13233181169257997032
14054,train,12505320969715329768
14055,validation,11882161205639769932
14056,test,17637912705007698951
14057,train,14522642143952443461
14058,train,14052453149145451391
14059,test,8066279814500020100
14060,calibration,833967853646847901
14061,test,8419191342563429318
14062,train,9098137764694865744
14063,train,11884659458162458052
14064,train,3231083585731907969
14065,train,5786985248108717311
14066,train,986922167078454923
14067,test,6155077523901733942
14068,train,3719771293270407219
14069,train,13933463038710560949
14070,train,10417159569059203215
14071,train,13604025063149280316
14072,train,4704739952330156437
14073,validation,6129455668220563249
14074,train,9641028391103089006
14075,train,10117144251074677008
14076,train,3321949866733719599
14077,train,10170801089361368717
14078,train,3984106026912652838
14079,train,12030064543627039431
14080,test,9005674087732864166
14081,train,11400780575968726655
14082,validation,8621158079236034842
14083,train,6341899293132167067
14084,test,5706173647216072307
14085,train,8329574827946375754
14086,train,17792916582107550699
14087,train,16895111872845646408
14088,train,7856479161231424251
14089,validation,10214371473748230237
14090,train,8891865378249446824
14091,train,4821278792083388900
14092,test,12620934142602163823
14093,test,7476667786226559380
14094,test,3028457425704836974
14095,train,12178055509788486285
14096,train,14607600442166907487
14097,train,10189922362823128493
14098,test,3550229557347746093
14099,train,14513445494750388340
14100,train,138902242091140709
14101,train,4979454848185136601
14102,test,2169863245153564384
14103,validation,5338771956164875658
14104,test,2487736679149500366
14105,train,10508410008777873367
14106,train,3961519271878351870
14107,train,5621107546192610098
14108,train,3953533273724363361
14109,calibration,5571919063358107964
14110,train,1719955124887957699
14111,train,2478675922380628387
14112,train,13150309047187685201
14113,validation,13476960831380971401
14114,train,914520454729334898
14115,train,10860889360934545904
14116,train,3586305558259364800
14117,test,9453212843599058153
14118,train,3317236204191190370
14119,test,10080118683323205013
14120,validation,14633353693296574934
14121,train,5271778370633075932
14122,train,2722785940492126716
14123,train,14518598233603588345
14124,train,2853083085433327816
14125,train,5959441525031343688
14126,train,5663833496098947526
14127,train,4781292317695976136
14128,train,11801020903641937648
14129,train,15570069493982908723
14130,test,8928205985172175866
14131,test,7437474992323074056
14132,train,6382187504118623394
14133,validation,3473294229580214699
14134,train,12991211227166704521
14135,validation,9902251899484042667
14136,train,1326548611055661969
14137,train,1711578509561145821
14138,calibration,10321245877249380035
14139,train,12189026184039223536
14140,train,11745186668498927020
14141,calibration,16405712320288530361
14142,train,7161490404764555485
14143,test,4913986813331013403
14144,train,14111579119490789238
14145,train,13472964916670734957
14146,test,8141677521615402586
14147,train,15219851093229300300
14148,train,6147131894012396520
14149,train,267652574055751767
14150,test,5848097950972236207
14151,train,12271391444852319094
14152,train,18198398697003324110
14153,test,9349097357667680718
14154,validation,10847284385837118119
14155,train,11602960544695381880
14156,train,14729089870748665568
14157,calibration,3237434800514450002
14158,train,17438189076611790558
14159,train,16071753739663378683
14160,test,5708384397489705441
14161,train,11515796484381156064
14162,test,601443214587022014
14163,train,13320013177470947014
14164,train,17889604521926570931
14165,test,16332695880487237648
14166,validation,13894087317429824960
14167,test,2860877438079771941
14168,train,11272074795992167464
14169,train,5007132066095747168
14170,calibration,3318515463368888116
14171,train,4850070806798570055
14172,train,9996775310679512649
14173,calibration,1785028263456884790
14174,train,1671994166987770562
14175,train,7395504299594203269
14176,validation,11358828400649465450
14177,train,9263966326131664260
14178,train,108778564310605971
14179,train,15907292824273108873
14180,train,16467001397569957649
14181,train,3579372928778697225
14182,train,3179989510545946523
14183,validation,7870042127427054967
14184,train,871779336562978731
14185,calibration,3132185170259571195
14186,train,11023116973440326416
14187,calibration,34923095025100397
14188,train,6530821821098804182
14189,train,12905917435570933597
14190,calibration,9233518602372363372
14191,validation,828639138121250334
14192,test,9896068773551008258
14193,train,16368591664837140187
14194,train,3351729611903346679
14195,train,14686445111996879204
14196,train,1211980714344710710
14197,train,5517046536477911810
14198,train,17760085331273124939
14199,train,6969430623310269785
14200,train,9200510620607910471
14201,train,12660776227735612993
14202,train,9151808675365070273
14203,test,9367101287536107991
14204,train,14295516562860288497
14205,train,15135801427246430414
14206,train,2124227348704807005
14207,train,2212420070521205071
14208,train,2914856628901400364
14209,train,16886073384076673669
14210,train,4655687918520287641
14211,train,2277245897982680135
14212,validation,11723881060590411870
14213,test,15922806099210823943
14214,test,2408461818218106675
14215,test,11482802527836470589
14216,calibration,16750810187466683272
14217,calibration,7120568177827465120
14218,calibration,10708085896699538319
14219,validation,16322230810692926894
14220,train,4027525201442098792
14221,calibration,9792560632072697153
14222,train,5407886007566804347
14223,train,12668672095237037555
14224,validation,15881804435422727922
14225,test,3250424016044086593
14226,train,4100390734444913416
14227,calibration,4802731877533701749
14228,train,7712740254840206504
14229,calibration,13108172051767784823
14230,train,6779738709428414670
14231,train,3356996045374534169
14232,test,2694690881759410028
14233,train,14357552780532617082
14234,train,11474963883479094467
14235,calibration,6497943857301484592
14236,validation,650346126984368951
14237,train,14266871287160400462
14238,train,7971140544671980276
14239,train,4349316364236050056
14240,train,5896963773681813576
14241,validation,8123667164485754279
14242,train,12266397828297846704
14243,test,1710941122269735184
14244,test,9698733973010416995
14245,test,4592086099115845707
14246,train,15084066754999688172
14247,train,8301798022037918343
14248,test,8788391612195501373
14249,train,17703642062370028523
14250,calibration,15552273517453635070
14251,train,15356884657017308787
14252,test,16097962722667464439
14253,train,10823798167689356373
14254,train,7784832520300465330
14255,train,9302273967829125376
14256,test,9078960768879837920
14257,validation,4263022588109344825
14258,train,15142263971535307010
14259,train,17407538234230217933
14260,train,17710926035249194526
14261,train,1946520427149329791
14262,validation,11681076709717575201
14263,validation,16900794322470540999
14264,train,1044525019796058301
14265,train,8363490784577553066
14266,train,3449325505338903874
14267,train,11121863542099046094
14268,train,486528541795909049
14269,train,46292128115045200
14270,train,14679246029194170024
14271,train,16251810571752786697
14272,train,14294423268913512539
14273,test,14808345370615582484
14274,train,12863902384230400760
14275,train,12430149522468198671
14276,train,15871703428189980736
14277,train,7317646875349383989
14278,train,10316580565377336544
14279,train,10612906323811838784
14280,train,18214389882021360510
14281,train,15809164610329806449
14282,train,1456057052673563238
14283,train,4542934307855706325
14284,calibration,4537304077673877926
14285,train,4885287096763898693
14286,train,6186909605215958670
14287,train,17568416310580710741
14288,validation,17460863814747811387
14289,calibration,10389567862551857178
14290,train,16314620359404091269
14291,train,9853447639864990213
14292,train,6814969403373332349
14293,validation,524264032557146269
14294,test,9371167820411030102
14295,validation,13783920894977761910
14296,test,13862562536050104769
14297,train,1952670433580267748
14298,train,4976207336367772582
14299,train,2742705041109585947
14300,train,13086565532428359023
14301,calibration,12006035063686107861
14302,train,27715800762947353
14303,test,16502669106621507997
14304,test,13531910115811303803
14305,train,4207083784560565545
14306,train,11362756342723616159
14307,train,4309065830802882631
14308,validation,18385438007690743643
14309,train,16330245616133505248
14310,validation,4319599630971200529
14311,train,18120093648704317035
14312,calibration,16132544157255781167
14313,test,8677309858193847224
14314,validation,2553952106330412057
14315,train,16715234108088548160
14316,train,9271912280496209565
14317,train,3044212280078969656
14318,test,4676795687518648106
14319,train,17144318362393507755
14320,train,1908212795017575746
14321,test,9948610693697785751
14322,train,6407653672720747756
14323,train,11714117166983690311
14324,test,17414132955243312593
14325,train,3065589004528893471
14326,train,6132114191790865455
14327,train,9983135826655516554
14328,test,13071293870715387011
14329,test,2561680289383860474
14330,train,625374946803899842
14331,train,4300167273117092473
14332,validation,14960275572068486212
14333,train,1850408549330091787
14334,train,15400861345582287711
14335,train,10988825296160907466
14336,train,12799496612682545886
14337,test,15988792536565710505
14338,train,2061098682459665255
14339,train,6639061388749054675
14340,train,1012632068255219142
14341,validation,7088222277828917601
14342,train,11173133258324432004
14343,train,7016526716697751416
14344,train,8397989916913283283
14345,calibration,15520176802598690405
14346,train,8092762299122927021
14347,train,10526454990556186063
14348,test,2023436379856224511
14349,calibration,17291937392080761893
14350,train,1517811475239831476
14351,train,14134384419965029064
14352,test,12785011808072589258
14353,test,3389755786297078297
14354,train,12541331958007648028
14355,validation,9292339639228986226
14356,train,9470089343463977255
14357,train,13962677946163640752
14358,validation,2894147943274645745
14359,test,9872655782829848150
14360,validation,3399089586107682971
14361,train,14952948144023774484
14362,train,3196596153498494528
14363,test,6548676905038257311
14364,train,10678371228653713822
14365,test,3632999685547931425
14366,train,18335630928178449601
14367,train,6220579519139768343
14368,train,11149108917252511527
14369,train,14996732595510000876
14370,test,5087132756144971746
14371,train,5375527830089341072
14372,calibration,14331485403418145599
14373,train,16120965900330790169
14374,train,10005098729432037510
14375,train,10084129690570563033
14376,train,14905498209879864239
14377,train,6699983601182756930
14378,test,16810861560986436289
14379,test,13146887823155214728
14380,train,7960118147890313567
14381,validation,14646715535849510691
14382,calibration,8406019299316453044
14383,train,3705126328661993075
14384,train,14306442316439647326
14385,train,12358021343764527886
14386,test,15252418124557961499
14387,train,13824173061077981403
14388,validation,9557392848299688989
14389,train,560393936650480449
14390,train,5638837295431228782
14391,test,18349545894503401072
14392,train,15396403411787600617
14393,train,17895758033916517948
14394,train,18076815825217384502
14395,train,15427082471476475326
14396,test,14289107678414059278
14397,train,14818835095254385672
14398,test,9061995312249514328
14399,train,4019104152061571436
14400,validation,14783149221830215843
14401,calibration,10284968239756614585
14402,validation,5077189108587562529
14403,train,1668812867481425972
14404,test,16855337635368921096
14405,train,11998521202595169264
14406,train,9478949749080427261
14407,test,9628434401680136148
14408,test,10943426386608119448
14409,test,451744352005803943
14410,train,9532815087643904071
14411,train,3690363736342798049
14412,train,6668368750382286837
14413,train,11667010673193047208
14414,test,12131524494312616402
14415,train,17553723129637165551
14416,calibration,16830889019821646364
14417,calibration,11389487167731122817
14418,train,15703427687891398285
14419,train,552294639899737259
14420,test,355600376051613188
14421,train,17872328797077797221
14422,calibration,2601080176811818953
14423,train,13799925505111436036
14424,validation,1214319065250024749
14425,train,4192439563695734371
14426,train,10405328544982300864
14427,train,16365011029572008720
14428,train,15064100852712890949
14429,train,399545785881229923
14430,train,2862640824016441784
14431,test,14842958284495122127
14432,train,7875608277029697629
14433,validation,11668977255747283518
14434,test,14671374247826623391
14435,test,7050948373598777681
14436,test,6791151412458703208
14437,calibration,8471626585539669864
14438,calibration,17643936795811789035
14439,train,12281088396673579316
14440,validation,14211924638119281009
14441,train,11543258600490852797
14442,train,9206361297296605682
14443,calibration,6951245170251808446
14444,train,605658546703493869
14445,train,16004765333529167131
14446,train,14363544238796327937
14447,calibration,1914659274570425422
14448,train,2412352231671760070
14449,validation,12318258175918607755
14450,test,16178569455886386653
14451,train,15931589580578109141
14452,train,17201629054077313479
14453,train,14071200344884550193
14454,calibration,1989019575294891812
14455,test,566448789708999242
14456,test,7730045743117405866
14457,train,11131230846632819082
14458,train,6889044382620887401
14459,train,8960770904868868643
14460,validation,15760777105643266904
14461,test,17761348980748442140
14462,train,15092693390982005922
14463,test,15022372832048162641
14464,train,15261895444414565886
14465,train,17835531429140218415
14466,train,3488264237571065073
14467,train,5706588365219029686
14468,train,8742613116799194358
14469,test,7375992056511688108
14470,train,17591509388872297336
14471,train,1368117559456232341
14472,validation,16572350373138863105
14473,test,11078933208919588986
14474,train,6664256842077606698
14475,train,14198753430700410698
14476,train,15018759996150436160
14477,train,3218040613615596630
14478,train,3879952964778063727
14479,train,8649294655031549190
14480,train,5258501759400725343
14481,validation,12333515378050321189
14482,train,15610069943401168398
14483,calibration,10594961444596408084
14484,test,4876314490975785510
14485,train,16252372956430230314
14486,calibration,16269761755901805138
14487,train,3142900942447585292
14488,train,1433061862274369248
14489,train,8710148816250916893
14490,train,11959586045018145978
14491,test,14061920795910166747
14492,train,15851595943308642102
14493,train,5189124815376819259
14494,train,16390313334508534044
14495,train,15356146900586862782
14496,test,5746877403458767366
14497,validation,3073192829667832600
14498,calibration,13397482184629674500
14499,validation,13474794146694925455
14500,train,5127435394185427181
14501,train,8730614919962800421
14502,train,1593791248312401487
14503,calibration,14256138220073366475
14504,calibration,3913471934542941926
14505,train,18141100150260964944
14506,train,1630159729865917000
14507,test,15101306263979885265
14508,test,14003910891252971661
14509,train,15920216776093368654
14510,test,1225041270520780757
14511,train,17299218310741613057
14512,test,3873496668455408441
14513,train,12085887317463035607
14514,train,14947453326136338534
14515,train,14425074855093909883
14516,train,10876329781109988478
14517,train,4295057333273505973
14518,train,7497879929160546405
14519,train,15068872049509664928
14520,train,1569863829246108759
14521,test,842554896009234871
14522,train,9607045691900757477
14523,train,3165443395315462835
14524,train,9273944936242955213
14525,validation,2391668977414668597
14526,train,2172935753107784014
14527,train,5175493330684188653
14528,validation,12391332170638148607
14529,validation,7453082400961092586
14530,train,8931782738168890299
14531,test,14658886479808270306
14532,train,11600741040442879928
14533,train,5026561366459308806
14534,validation,11058669735376458251
14535,train,11962730330111577401
14536,train,6471359568592499911
14537,test,9371167820411030102
14538,train,2120196998395469955
14539,train,3417038079429222795
14540,train,467345676604063815
14541,train,7943180337193601121
14542,train,688230668176515714
14543,test,1342390470089337909
14544,train,15621412554174162935
14545,test,10212034788073900050
14546,validation,17229045517531215438
14547,test,4546859182193217225
14548,train,17502595415663433282
14549,calibration,9088750637582994399
14550,test,14741845661738471435
14551,validation,15027935294861539284
14552,train,3817453500687626248
14553,train,3833013835714469965
14554,test,16651682870162209826
14555,validation,16718596999093592904
14556,validation,18035658729810727023
14557,train,3159950014215307913
14558,train,4795983154933908920
14559,train,4876925727695132218
14560,train,1154994205885243581
14561,train,4005991584165532210
14562,train,2666549524739031249
14563,validation,1640278016837376804
14564,train,7701597858087657577
14565,train,6823820573762483476
14566,train,4557238246980181585
14567,test,13429699922429463471
14568,test,14959753157710728785
14569,train,13847849882961770094
14570,validation,13818509129929479497
14571,train,15936100480670799051
14572,train,8960785648349850061
14573,train,14135671952775620770
14574,train,15571121809327087808
14575,calibration,15221199592637430570
14576,train,7501567978934613099
14577,train,5445456050174099870
14578,train,14868844242206002802
14579,train,7539452410040778594
14580,train,4557500111420533014
14581,test,13266607838757132318
14582,train,2694031153420483850
14583,train,10281916018897319169
14584,train,1036436078224967179
14585,train,9790291875867445936
14586,train,6231587677551280353
14587,validation,1678594363046149678
14588,train,13683642464564469932
14589,train,2042845152625854487
14590,test,11611657234798887780
14591,test,6638170069162216401
14592,test,6293754429430543692
14593,train,17171481173065852972
14594,test,14236860290321427516
14595,train,17392901756978514683
14596,test,2156451340148512227
14597,test,8425026549550107012
14598,train,13152370063697058728
14599,train,213906369446599311
14600,validation,15351709521020291961
14601,train,17556296803448787963
14602,calibration,6935842601669958127
14603,test,17977285397128736975
14604,validation,2572600759178057162
14605,test,9735779074013894307
14606,test,5541242505107199104
14607,train,14977506915295396657
14608,train,991857326563053641
14609,calibration,13652082734449625389
14610,train,3793685903047707474
14611,test,2371490341925938775
14612,test,11369567539053496285
14613,train,14191160353965553473
14614,train,14051098941674738380
14615,train,16407120276006499195
14616,test,2784735158517831191
14617,train,13559462142456724875
14618,train,8623423460240175766
14619,train,12363821239849055956
14620,calibration,12062394331004030872
14621,test,5888456984634204349
14622,calibration,11687004599815462491
14623,train,14612659479797499881
14624,test,17233572923218368249
14625,validation,9708498616644962097
14626,calibration,6539827412323504036
14627,train,8613948265825432843
14628,calibration,4292039852152678494
14629,train,11019828666230994275
14630,train,4542970281525009488
14631,calibration,10305152170392812150
14632,test,11244675106270453292
14633,train,10233944642661816421
14634,calibration,8774502895653879411
14635,validation,11748033118104202930
14636,test,1047350212124072882
14637,calibration,13989259093407357224
14638,train,1784684267589676733
14639,train,17070152745158124662
14640,train,13868662084544930283
14641,train,12094988739660126258
14642,train,3226255397905536794
14643,test,8677309858193847224
14644,train,12230932406447409623
14645,validation,5956152150991624891
14646,train,8908701882074637265
14647,train,12455096572286397070
14648,test,2127762978376427835
14649,train,10597160318566980786
14650,train,17913522329884990295
14651,calibration,10555760192939277929
14652,train,2055972510312837980
14653,train,6168765303918338770
14654,train,1647495013254854946
14655,train,9464053543566324348
14656,calibration,17847428367021063726
14657,calibration,7393755180906729860
14658,train,15557150436741192236
14659,test,7198916571899311250
14660,calibration,12303236736153219928
14661,validation,5543142473230941604
14662,train,7395943633949151230
14663,train,14694006058894137058
14664,test,12037649034373112732
14665,calibration,10615281081484814443
14666,train,8260233945023860016
14667,test,6860271409542485992
14668,train,5432616782583065849
14669,train,16034567443712126212
14670,train,4173062267024327530
14671,train,1545100415411255663
14672,calibration,14019284257404749622
14673,train,9138716542763666471
14674,validation,17042734090021499611
14675,train,3283961132106001171
14676,train,6223959336874737272
14677,train,5749111570524661023
14678,train,2710924631798519873
14679,train,5426389855334870104
14680,validation,11451079616286672635
14681,train,10350543393119631992
14682,validation,14172677265871443114
14683,validation,941154907431559799
14684,train,3530362639084415597
14685,calibration,10378738565939547488
14686,train,1289712896614485317
14687,train,10453820463753348800
14688,train,11919865466577050366
14689,train,5057860939009588405
14690,test,7880920311511161748
14691,train,4054238751975691903
14692,train,3761374366269571155
14693,test,14176551408275097091
14694,train,9980146151081138987
14695,test,5965394436599593194
14696,train,10644494734169833577
14697,calibration,3800952543035221665
14698,train,2525780764742162147
14699,validation,16609984947950386288
14700,train,10393398699686733015
14701,train,17525350371729747513
14702,calibration,12248464227207835366
14703,train,15123119960287513480
14704,train,11067044554247897138
14705,train,3724288045447690727
14706,train,241962000317682396
14707,train,3754132768575996806
14708,train,4834026198083454770
14709,train,2931191453672075027
14710,train,6749030148426346137
14711,train,6356738594271268582
14712,train,14862411476023174125
14713,train,13940874166374118438
14714,calibration,15509068168086666708
14715,calibration,8255205130550264060
14716,test,11149785408292705217
14717,calibration,10462062712016563552
14718,validation,2617659903262577923
14719,train,14605842124091940830
14720,train,6989520241204307775
14721,train,4887447573775559432
14722,train,10280649583736981152
14723,train,16735177465629773153
14724,train,17753729670765599805
14725,train,15923517775896864154
14726,train,13272286195822805529
14727,train,1034024962569569939
14728,train,1382349567746638949
14729,test,960551369743076470
14730,calibration,14298577000447319741
14731,validation,16467538899842509198
14732,validation,12495942360775792073
14733,train,12609783188064904415
14734,test,14445362437772984208
14735,train,16123177985090671262
14736,calibration,12071290152981874843
14737,test,6656285841534468357
14738,train,9588060273506920502
14739,test,11403631125721586840
14740,train,4036177039124358095
14741,train,15506345285426894978
14742,train,8152401383243706249
14743,train,18290878788792822298
14744,test,1562890787923773033
14745,validation,1275217689441102803
14746,train,10221866384227609801
14747,train,13077342562918767456
14748,test,4281481783380123739
14749,test,12329802061498510195
14750,test,8630892956764972186
14751,train,13150739870138240987
14752,train,2288256078753973475
14753,test,1751268962476511605
14754,train,744766010273149862
14755,test,12507114433423714984
14756,train,12756432185255672993
14757,train,2469827594253580434
14758,train,18316441000687041297
14759,train,7466505888403275513
14760,train,5752956192798402000
14761,train,8615508658171581605
14762,train,14119069529515658050
14763,train,14614815608870008377
14764,test,5310254342520372401
14765,train,11448866046399669649
14766,train,15139284073485648870
14767,validation,681409615577232758
14768,train,1802772675762290525
14769,train,4012589906924006567
14770,train,2001814008146603861
14771,train,9913170984056210072
14772,train,17832455647035445315
14773,calibration,17866337662616329384
14774,test,2209997316658653115
14775,train,4073960071092357868
14776,test,9501565100493371811
14777,train,2462452559636388845
14778,test,3461797253412228957
14779,train,1471974547419596845
14780,validation,3789622924789881439
14781,test,5857878012746488242
14782,test,17458749793725921276
14783,train,1199706930124982009
14784,test,15843156796868214137
14785,calibration,1128633050797252424
14786,test,4010750764416623806
14787,train,9175336421393020147
14788,train,11360842580813899734
14789,calibration,7060414377159877057
14790,train,8677867647362226136
14791,train,17107682627002060773
14792,test,2300925819734665937
14793,train,12108692897435509951
14794,train,11436312401833081018
14795,test,14751764285460872225
14796,train,4792690500303929546
14797,calibration,15573319737722578838
14798,train,13101910358391611634
14799,train,18445725685101946384
14800,train,15514991858486107293
14801,train,2073943999886589645
14802,train,10898739060085008702
14803,train,17661505572320875996
14804,train,18392675317185766550
14805,train,7925410404615063003
14806,train,10896959463680547751
14807,train,4498186678898685574
14808,train,12414133385414082461
14809,calibration,13413022316331616123
14810,train,635561935893365243
14811,train,601089537954661393
14812,calibration,14883315520169888766
14813,validation,13853971013357414221
14814,train,1054424760057151453
14815,validation,13436636324621006595
14816,train,14373887975286842517
14817,train,10310052966416445364
14818,calibration,4087127813378225734
14819,train,1663034578323695244
14820,test,3174865052855650720
14821,train,2041264036450392925
14822,train,11535297502739877712
14823,train,7502974345703182187
14824,train,14630697779583089774
14825,train,17562342200750284609
14826,calibration,4009789331665901711
14827,calibration,4272750780825737008
14828,validation,8086623758473728298
14829,validation,14133746019445232561
14830,train,10609098750458710842
14831,train,12922153829810699838
14832,test,6325484035114385807
14833,train,13804504474871237656
14834,train,9758976080774714777
14835,train,13674043709194320328
14836,train,14334842643791264427
14837,calibration,497502597168232695
14838,calibration,3910696646034830293
14839,test,11865523171894059466
14840,test,3651792426146339505
14841,train,2727243715683501784
14842,train,3825499175791336655
14843,validation,1497640748682217422
14844,train,6530128421159217233
14845,train,11791387838082754697
14846,calibration,14545959272575076261
14847,train,16817255156183924610
14848,validation,17148672838164377956
14849,test,12961932536637348562
14850,test,17917197462116042710
14851,train,1650788401624115999
14852,calibration,5106661711697982199
14853,train,6402168561154432236
14854,train,5015413106592694700
14855,train,15192692970019980076
14856,train,16851141160081821166
14857,train,7797097543762429432
14858,train,15779241273983099907
14859,train,13740752359707131244
14860,train,18114516151141710667
14861,test,8338616768602486509
14862,validation,1242103202876646571
14863,validation,16459866345995193351
14864,train,6236252635356190766
14865,train,4057252218008196574
14866,train,12799021706273167801
14867,train,9360242198329455434
14868,test,5635223717407989355
14869,train,2855843034919215080
14870,test,9774503000338535712
14871,validation,18107638343275222234
14872,validation,13490935719279595743
14873,train,5690064729022922685
14874,train,690636578154885858
14875,train,1982283211319132615
14876,calibration,4850805233024432519
14877,test,5014875382629098517
14878,test,7778864437572045995
14879,train,17751194172014326639
14880,test,5505814509235509108
14881,calibration,14222464629245401118
14882,calibration,13010628088385497342
14883,test,16280329742735448577
14884,validation,8897075975321750411
14885,train,12669278583307019189
14886,test,10184750358361484075
14887,test,8110206753532874688
14888,train,8783786154308187400
14889,train,14665255049651680915
14890,validation,10776976248119604284
14891,train,6174867637982822146
14892,train,3762401444569070578
14893,train,17920545403646743632
14894,train,13833771954694123341
14895,calibration,4198573977476118899
14896,test,6897654488565603770
14897,calibration,12275197495066613469
14898,train,16622774709299894551
14899,train,1044637239218559171
14900,train,16138716273135386139
14901,train,16421206886811244957
14902,train,13439428759029390275
14903,train,1431730567490445964
14904,train,595438503351824142
14905,test,10041058808739520761
14906,train,2674642489299214494
14907,test,16855631749413030441
14908,train,12590962677010446969
14909,train,18445957441148511680
14910,test,3069534027651541254
14911,train,10003943993881378547
14912,train,9089479509064655464
14913,train,67513337488674440
14914,train,4107299694762511450
14915,test,11945399177286559679
14916,train,552727432946586915
14917,validation,9800289083761112830
14918,test,6514732566900020551
14919,train,1825199086958759788
14920,validation,2596824814556286086
14921,train,1415573582214591308
14922,test,14041407101335553671
14923,validation,6772352338038767704
14924,calibration,4984307619234310395
14925,validation,14238920005420527347
14926,train,14543211357087534097
14927,validation,5239604035476136871
14928,train,8035230303850312574
14929,train,1671886680352436797
14930,test,9233877879591350493
14931,train,1005586559324861080
14932,train,6645964503503644945
14933,train,5765101217691833801
14934,train,3329496919173505714
14935,train,7549673322503341653
14936,train,16396239653213090830
14937,test,8303225772114911919
14938,validation,12698372659013795128
14939,test,2916725757529906453
14940,validation,18423542688742691848
14941,test,12444701784230332756
14942,validation,13197042985618943520
14943,train,5753876341457853922
14944,train,7133920941769891314
14945,test,14028637097204254425
14946,train,18131810616832990063
14947,train,7375092930287673800
14948,validation,8433788886910693053
14949,validation,5541632368412705057
14950,train,7170754209971811833
14951,train,16038225448989971693
14952,test,16443516086401188424
14953,train,4057252218008196574
14954,train,1114951686074893698
14955,train,2472369632520935737
14956,train,13584048094752525726
14957,test,3317278424740324526
14958,train,2534008209081670592
14959,calibration,12432145736528627520
14960,train,12950087031018059359
14961,train,15881901906878044538
14962,train,10861792637187497947
14963,train,1625902407662128908
14964,train,14272802787040838258
14965,train,9636833901155143891
14966,train,10265250062981260330
14967,train,2078636015423843609
14968,test,6916508260428617060
14969,train,8592187452054218203
14970,train,8342824480251372459
14971,train,10619396256836959017
14972,train,3274109373327334846
14973,train,6592471224087878983
14974,test,6332840350504551627
14975,train,17676976375716605496
14976,train,16392524164141389592
14977,calibration,6525365632396356386
14978,train,13390465894804364748
14979,calibration,3426048185640162362
14980,calibration,2744808842979870538
14981,test,10897432607775929944
14982,train,11723279142693414887
14983,train,10597787411750773640
14984,train,8041505212210325708
14985,train,9184834496728900267
14986,calibration,10320887022670560776
14987,train,11486841978229246097
14988,test,4404483343068699924
14989,train,17051878306155057309
14990,validation,5558756699627467211
14991,train,278561342807150887
14992,validation,3763639673943235029
14993,train,6924460937462210473
14994,train,4191596263623660343
14995,train,4134308223916869908
14996,train,6905326838500705404
14997,test,17616906644863452993
14998,train,7970734001709906122
14999,train,18027512406587218607
15000,train,13308763251148540922
15001,train,7804017801958439797
15002,test,18165414257986690278
15003,test,4583581319234994522
15004,train,5086552448068052191
15005,calibration,11836582313644897194
15006,train,11420854280286488588
15007,train,14668770804441695652
15008,test,14915759633985873719
15009,train,12321497204421619475
15010,calibration,8224796380017445869
15011,train,15662665194170318273
15012,test,7638317223368890407
15013,train,11010037254592788375
15014,validation,9121729217515131910
15015,train,10148369178616082340
15016,train,9225129772609485077
15017,train,17950878027202127082
15018,test,7617517169711521532
15019,test,1267388239463449483
15020,calibration,2017356143087981229
15021,train,10587228957474740314
15022,test,17955344241343251104
15023,train,8998451177341278227
15024,train,5504330808252886065
15025,train,539186620616046248
15026,calibration,45489179918515302
15027,validation,15877831534465698027
15028,calibration,2612177419742706729
15029,test,4604967697325126572
15030,train,17591321131815485286
15031,train,14220303415821262883
15032,train,9130866959496786736
15033,train,18155765581889114693
15034,test,14190207367946973346
15035,train,13001980174075339318
15036,train,13628081546061716442
15037,calibration,7953981120890822011
15038,train,6464297864082675246
15039,train,11800092253109562817
15040,train,4627503912539246483
15041,validation,12275996670858310503
15042,validation,12520588272509757264
15043,train,4067160248625909603
15044,test,4849293995761890318
15045,train,17525182916163061510
15046,train,17458993982140599291
15047,test,1537944558982372558
15048,train,12829310140984998431
15049,validation,8331963670106060384
15050,train,5936874040666334659
15051,train,17435534219839074119
15052,train,9361155773847309654
15053,train,17611837916203553797
15054,test,1635991175156330620
15055,train,8494363505116508211
15056,train,5680972718435597155
15057,test,7269003801483400349
15058,test,9344778071185182071
15059,train,10030342232410214997
15060,train,10223126797934144523
15061,train,17397290033175077604
15062,test,2642253653789456823
15063,validation,3807453021753658567
15064,train,4161251798662516511
15065,train,1059625123384236551
15066,calibration,4430754677766350335
15067,train,14658112833219782424
15068,train,17143291845679322216
15069,train,7904566254049927108
15070,train,7416397641024948470
15071,validation,1454552280121313430
15072,train,12151973619490577270
15073,train,3790393558462756485
15074,calibration,6192789557621220985
15075,train,4408818240113052116
15076,test,18146180422497111296
15077,train,7524052956222227476
15078,train,1330615023576562556
15079,calibration,5751619739789834624
15080,train,17598653548468945847
15081,test,8628955159304515759
15082,train,13023589870626939199
15083,calibration,2987294161561974565
15084,train,9308427208524769238
15085,train,4469229459393248504
15086,test,16251655547707117043
15087,train,16754743779490394977
15088,train,14604278816450848293
15089,train,1871201679018207984
15090,test,5930563516693503709
15091,validation,16745277765069590274
15092,train,12122044098947131055
15093,test,8444911215374542357
15094,train,17585629147924518375
15095,test,5555355920366528203
15096,test,12853964338420657079
15097,calibration,7867971787406168603
15098,train,16504336952493328224
15099,test,7862875702091156144
15100,train,3778526341854104172
15101,train,1925438522911430295
15102,train,9955305906099748982
15103,train,1477508619750899183
15104,train,1224651425978186908
15105,train,3458000900139676815
15106,train,1595217871653354745
15107,train,15191065602362722000
15108,train,7700410255989234031
15109,validation,6413952843671328927
15110,test,5498522369942379724
15111,train,2589867721454333211
15112,train,9127818073206691819
15113,train,17585621543879380136
15114,train,1711578509561145821
15115,test,9227164598345529148
15116,calibration,6951658438446976273
15117,test,1689012687345967732
15118,calibration,10365893058951936894
15119,train,16560952633004154894
15120,calibration,1896637636135833341
15121,train,4813451467981138944
15122,train,11379436459712170059
15123,train,3155915197570176154
15124,train,6236923559774023451
15125,train,998612159404225903
15126,test,16090687759227740191
15127,train,7089438099947015373
15128,train,14928000461563588101
15129,calibration,14295015968837214915
15130,validation,3894963810737856455
15131,train,5136651163626333547
15132,calibration,4469981440259612947
15133,train,15996100436606874631
15134,calibration,15005608424486928092
15135,train,2980786768860366017
15136,train,10525858136988131563
15137,test,3101945375205031424
15138,train,18275805687199192502
15139,test,13303517889260757927
15140,train,13951854667175904416
15141,train,12400397657615768378
15142,calibration,5461061772707959699
15143,train,11655572074233955740
15144,train,18446211502315416544
15145,calibration,8686240643759717068
15146,train,8014843390269382989
15147,test,7092568285693643905
15148,train,6394160510528873070
15149,calibration,10107420132409433805
15150,train,5904383373400167531
15151,test,8911868940461808014
15152,validation,647444742679919612
15153,train,14586196320064579028
15154,train,5534820656363413650
15155,train,16663344562199808422
15156,validation,9607536818930807746
15157,test,1725561801601532033
15158,test,17971018159635169345
15159,test,17003253510080520026
15160,test,16203147544950308409
15161,train,531439168757077154
15162,calibration,2015277696385783923
15163,train,17626681529942590183
15164,train,11515079938830288229
15165,train,2564294510438953170
15166,train,3207131514507497533
15167,train,16443658808268057385
15168,train,6760380154432916653
15169,train,11268822099099555985
15170,test,17998185697433458619
15171,test,6102883158961678156
15172,train,1807116818824721928
15173,train,11755336401476422881
15174,test,3227530991888561321
15175,train,6883674699760745487
15176,train,8171001493192818575
15177,train,10613956531353459130
15178,train,15822093342375387329
15179,train,15995302503576426852
15180,train,8146650492839220433
15181,calibration,1812246231072159112
15182,train,3727157878128862745
15183,validation,1088933485808267669
15184,train,11702793007545291021
15185,train,8980749864251484439
15186,train,3787754576544495632
15187,train,3260501796137189703
15188,calibration,16194790349041308891
15189,test,1015986486119589788
15190,train,10686703115213280228
15191,train,14257371069592434295
15192,train,806244734885632890
15193,calibration,16978684883292519109
15194,train,11758981065613113554
15195,test,3453714663965132883
15196,train,12644093574008757555
15197,test,9527776341250770604
15198,train,5555655251917626429
15199,train,7119571020535399312
15200,train,4805296749937998823
15201,train,259355696054772086
15202,validation,9226884358910592498
15203,train,2243707985098132731
15204,calibration,5870409400659862511
15205,test,16678705290410926502
15206,train,13938624048944773686
15207,validation,9409816682247307825
15208,train,12361816751176258661
15209,train,15338674390107664253
15210,train,2939336136574752245
15211,test,1535171244033281033
15212,train,11293877520703757607
15213,train,16817255156183924610
15214,test,2646805288277437263
15215,validation,3729927495051122985
15216,train,15971614878005934262
15217,train,12968488816152605681
15218,test,7500275110120817899
15219,test,5401589185323785293
15220,train,10203006309438544418
15221,train,8941119662759695428
15222,validation,10381573284833518217
15223,validation,3495979015997813612
15224,train,16655486359863516270
15225,train,4597265915663937830
15226,train,11360243850745868194
15227,test,18106924771499546478
15228,train,8950177740649332974
15229,validation,14692781572711890507
15230,test,11152053547351006288
15231,calibration,9725040122316592341
15232,test,1017414403216851462
15233,test,3345451875112112981
15234,train,11894691849068067813
15235,train,17636193218059366506
15236,calibration,12756157521455915159
15237,test,7748307790575076694
15238,train,3709940521146498815
15239,test,4789217839416488846
15240,train,6788318728561003981
15241,train,4057252218008196574
15242,calibration,4186916932122585038
15243,train,3937515862268078271
15244,test,10188580716240394933
15245,test,6425089510172703154
15246,test,3197712969975885010
15247,train,13348691775174900939
15248,test,14016537125525210384
15249,train,7683933191027615683
15250,validation,8763578126624526525
15251,validation,3807509872416640231
15252,calibration,12666856517617936797
15253,train,2333383703684112378
15254,train,12750074630580229314
15255,train,12219043073063057375
15256,train,1648721476114929477
15257,train,7097522159779782202
15258,train,15072949725465587900
15259,train,8268205683167233850
15260,train,17906920369679040971
15261,train,2761315411536816636
15262,train,16354177221424906747
15263,train,4458738462536552201
15264,train,10498338202106427391
15265,train,4670049878316728049
15266,validation,14231950426077848359
15267,train,9181108918843021130
15268,train,13195515679689645640
15269,train,9856858820249598457
15270,train,13379079688680839133
15271,validation,14940894068105235588
15272,train,10707722165090632108
15273,train,9520996061775419667
15274,validation,392803289223208994
15275,validation,8478118530650790419
15276,test,5568796425424266329
15277,train,9696537296005589989
15278,train,8991930143942162546
15279,test,2232402187077968690
15280,test,2037846123112142927
15281,calibration,17040195380917521763
15282,test,9840584813403606480
15283,train,8693864015093954258
15284,train,18250894952922540856
15285,train,12804030948853265713
15286,validation,2446615005372706695
15287,train,3818820937667842432
15288,calibration,439280154613303157
15289,train,17179447560907405663
15290,test,4055016426351267840
15291,test,3430177448772027197
15292,validation,18326190714987760242
15293,train,646523105517355603
15294,train,15304782996382383664
15295,train,13950816391926981117
15296,calibration,9610189651149384316
15297,train,12044391343525359165
15298,train,5503559456699367454
15299,test,15920583847360294278
15300,train,10278684349570552046
15301,train,11513020870234102514
15302,train,4189534542403987490
15303,train,353335057776056299
15304,train,10721139851013836317
15305,train,3889857827194605633
15306,calibration,13033445327003787481
15307,train,16574867221196808885
15308,train,13632451372305619238
15309,validation,7319854354060601430
15310,train,15429218152179971086
15311,test,16502353670055445631
15312,calibration,10152366080164261912
15313,test,7533949053703546849
15314,train,6517109159011529148
15315,calibration,7155580340166537001
15316,train,15519220604615695394
15317,train,6382406784977811637
15318,train,15256371840379924183
15319,train,14390605840148610358
15320,train,11486015414403084728
15321,calibration,17793975401282424818
15322,train,2334552708233114625
15323,train,3895262898861520016
15324,train,6241648851883611203
15325,test,3232047223723107037
15326,validation,14780728877669022960
15327,train,1914798249905033924
15328,train,453469042135978354
15329,train,5238427027738456003
15330,train,1446619380663291820
15331,train,1714093275204480520
15332,train,2195250001856004335
15333,test,7845121878904398311
15334,train,355894536320235488
15335,train,18202981593165590783
15336,train,15510077512018767662
15337,calibration,11070381142601181131
15338,train,13729851031863905637
15339,train,16979715148643887650
15340,train,6604706104645998931
15341,validation,4588880256812549255
15342,train,8295338075571333054
15343,validation,3492783711189679395
15344,train,13770816014408030399
15345,train,5329776951470965480
15346,train,10188918977456233792
15347,validation,7242973483974331858
15348,train,14165786353828997633
15349,test,3069833026864779254
15350,train,4611249661223765453
15351,validation,1913682333970093883
15352,train,2410893322743225282
15353,train,4057252218008196574
15354,calibration,2767258926208644680
15355,train,18266516619002683420
15356,test,10395692560924538842
15357,train,1722504533725106962
15358,train,6208285173590923097
15359,calibration,15686539772350073586
15360,train,5759287241357134243
15361,train,15275733444562400521
15362,test,5562279162041739297
15363,test,4368527925767888861
15364,train,4176525471321689711
15365,train,12036027308089261933
15366,train,18130786546597257509
15367,train,2345155334693453636
15368,calibration,4587706334134420891
15369,test,2333448984807513370
15370,validation,16182311197685991888
15371,validation,2404657887920118166
15372,validation,1578057216677560738
15373,calibration,8394188258682698696
15374,train,14555474391952144022
15375,train,3929148420319338021
15376,train,13882352056359090274
15377,train,7251269571403242769
15378,test,11081159737727845839
15379,train,1530764283387680824
15380,validation,17948120647159103810
15381,train,3540780543363223207
15382,test,3938326998701161023
15383,train,7343924841835034519
15384,test,8678620309732410475
15385,test,11112237521113048908
15386,test,16973807929261060778
15387,test,17452862909915386730
15388,validation,17845469314157762279
15389,train,2754438422282492157
15390,validation,11743767038513545912
15391,train,2776266972145668908
15392,train,6690914063054436594
15393,train,7409972742480321084
15394,train,9660518393571409836
15395,train,15705273891350135019
15396,train,8051138356893183776
15397,train,1646039916879824
15398,test,2899405770433966338
15399,train,16423817982911786630
15400,calibration,481548125866088433
15401,test,5778620328946461742
15402,train,18043758051902715388
15403,train,14777932979358995418
15404,train,7501688357936217421
15405,train,14165108230818146956
15406,calibration,5506568896137148753
15407,validation,3209410853603568349
15408,test,10578878581834878725
15409,train,8724277808657484175
15410,train,8753484080159575277
15411,train,13999004319569995820
15412,train,1044637239218559171
15413,validation,4620032030280645127
15414,train,17657554907840370402
15415,validation,15723081379462184530
15416,train,9352682419554804837
15417,test,1991677735550772421
15418,calibration,902686059569989648
15419,train,16566291562617798520
15420,calibration,15625126960043981810
15421,validation,12245535624160978906
15422,calibration,5507357303292112175
15423,test,1571977082974595242
15424,train,6308843487233876265
15425,train,4851762196447402746
15426,train,11599287684685170278
15427,calibration,8662422218166041338
15428,test,4020692713890127806
15429,validation,16254877885734125484
15430,test,6906343305869483243
15431,train,4207385794418300733
15432,train,14139817701117783710
15433,train,16865685212363319854
15434,train,3786410179747560946
15435,test,1807971031119095348
15436,calibration,8421999435584169404
15437,test,10540687491867947254
15438,train,3772428112878899416
15439,train,1711578509561145821
15440,train,17334848445299370524
15441,train,10928680205380326794
15442,train,4915765545528955571
15443,test,17087928627035132784
15444,calibration,12804547485509684963
15445,train,18186953696542466656
15446,train,3176557969111609647
15447,test,17540940177855721962
15448,train,17406241507643028818
15449,train,674615802335230800
15450,train,1125782525534188683
15451,train,14343043571177350420
15452,train,11125653619561807440
15453,train,15798147575767560382
15454,test,6967176165758293632
15455,validation,3417298214297246059
15456,validation,7490558085857067632
15457,test,10807617524771187683
15458,train,16451718528246209486
15459,train,594722989384876015
15460,train,11416100675082202108
15461,train,10003889933431247571
15462,train,8010513159367734059
15463,train,7914588606039395989
15464,train,16147174911402295931
15465,train,1969340888134786262
15466,train,18104153820518946193
15467,train,6164925596292366390
15468,train,8505851185672259133
15469,train,1044637239218559171
15470,train,3858540710147767616
15471,test,2673786050592101034
15472,test,910169194326205799
15473,train,9711535511646754861
15474,train,15567592175254908323
15475,train,10138370073529278714
15476,validation,4616001574394919863
15477,train,11469375032336435717
15478,test,15577233300726027555
15479,train,17134605377680156498
15480,test,18412618309522354119
15481,train,12633599485140583943
15482,validation,9831673442699198784
15483,train,9668948081619555015
15484,test,11413692212274262195
15485,train,4057252218008196574
15486,train,17788481632498505481
15487,train,17057069605070452827
15488,validation,1014569389208315554
15489,train,2896568077744728449
15490,train,17761778513107257247
15491,calibration,11170921838586030633
15492,train,2815229740029879221
15493,test,6590956270327057464
15494,train,2878665218169872240
15495,test,15072261853513428252
15496,train,12248682047119589029
15497,validation,8525091624348846233
15498,test,14214553629202238508
15499,validation,9270614721956264200
15500,train,7552467077781748524
15501,train,6914197149494892795
15502,train,17889046314451694013
15503,train,6477653284277908436
15504,test,16592279250447641949
15505,train,1044637239218559171
15506,validation,6839312095757576451
15507,train,16061696827509710934
15508,train,4196843763223136992
15509,train,17578625924067730383
15510,train,446908941581586404
15511,calibration,12138523630579527574
15512,train,12264327356198059138
15513,train,869482195794415615
15514,train,15726005286042391176
15515,train,7736950185014669654
15516,train,12201305187655541205
15517,train,6091380717848783304
15518,train,15124050427376202253
15519,train,761289246090211945
15520,test,13808635872155216881
15521,train,18246862151730299386
15522,test,17003989273676859754
15523,test,2356834748950734677
15524,train,6337352988473809801
15525,validation,7992428439029720949
15526,train,4805566885289274796
15527,test,13799106321029705939
15528,train,12904770941938620577
15529,test,15820521034320887830
15530,calibration,4953281131030067835
15531,test,2121509780786745080
15532,train,14781091204895823282
15533,train,10210990841107872239
15534,validation,1549416631484887015
15535,train,3576679276061764321
15536,train,4056945376075385597
15537,train,17057457718813531394
15538,train,11399454366943434763
15539,validation,6577531178863559817
15540,calibration,6196673644393443398
15541,train,4140389450608595349
15542,test,13437391850307487538
15543,train,10116609031315948487
15544,train,4057252218008196574
15545,train,3516338247725680208
15546,validation,8923191511486399208
15547,test,7583671487480802600
15548,train,12631776448743995877
15549,test,7322459076652831147
15550,train,10055148565990810112
15551,train,7976857436003216995
15552,test,5924630666840508040
15553,test,15141355488406223389
15554,train,14018734447971190491
15555,train,931081989203572034
15556,train,12498163163219126564
15557,test,449977277326721523
15558,train,15581884555386607392
15559,train,14232233223486749565
15560,train,1764321336750215534
15561,train,14724615364714424591
15562,train,576320790069190720
15563,train,2092571853422192712
15564,train,9928102634528892006
15565,train,11088269713065149775
15566,train,10745048801241358965
15567,train,1056414005345790850
15568,train,11899846925379095152
15569,train,5436957147642216336
15570,validation,4284076002854170472
15571,test,4388301822536092899
15572,train,15911773459246503727
15573,test,721444302726904040
15574,train,4519719566286497809
15575,train,4674654656055302010
15576,calibration,11914661999985660047
15577,train,10288089882283995508
15578,train,14603946600975967229
15579,test,17158987148002639238
15580,validation,5980905668474019622
15581,train,18436013638396178854
15582,train,11328628894524722039
15583,calibration,13084184208112666703
15584,train,14571624579388015476
15585,train,1205816073257040727
15586,train,5308347500817888027
15587,train,9173335174459834783
15588,calibration,8516021374412713798
15589,calibration,2903702690282579155
15590,train,4314616761781805319
15591,train,10301718580768249690
15592,test,1824544384189144117
15593,train,12897096605739443050
15594,train,2364550550754276851
15595,train,15619342341580711213
15596,train,18072501423794936629
15597,validation,16540149718247579629
15598,validation,11909884865989904026
15599,train,15952135474205961957
15600,train,18315685783895820185
15601,train,6323428168267281931
15602,test,15053570990188845813
15603,train,14353603791938277341
15604,train,8325779458952562015
15605,train,3340457085894373181
15606,train,15223235802070572253
15607,test,5396428219324745775
15608,calibration,12059528081298793217
15609,train,8128830536134116440
15610,test,12219748450669157011
15611,test,7535099718116450600
15612,train,10649954310264557339
15613,train,9347597320699586856
15614,validation,13883643382142651382
15615,calibration,10061455114619894566
15616,test,15711599541446073474
15617,train,14038362096447694375
15618,train,13628081546061716442
15619,calibration,5627570949300210775
15620,train,16425406880138692306
15621,test,8710769454527101514
15622,calibration,4912230343925117008
15623,train,6375835745008678134
15624,train,127645409634800768
15625,validation,11435290428223706672
15626,train,8448153695904024508
15627,train,13481928037939839250
15628,calibration,9853825743689066007
15629,train,3352944374554651469
15630,test,12481075140108326426
15631,validation,11069715231544964743
15632,calibration,1847682404693629211
15633,test,9776605613562515910
15634,train,11884410335421749269
15635,train,7408208949392787647
15636,train,6196735719689657506
15637,calibration,3051479005096196771
15638,validation,4556911714910554417
15639,test,2389514956098618865
15640,train,6346434039885029890
15641,calibration,16618584779975387763
15642,test,9711964442363727594
15643,test,5864649197045421559
15644,validation,72336466240756927
15645,train,8031995296647625006
15646,validation,9974482128511275001
15647,test,9781193963074816649
15648,train,8220605630048385182
15649,train,10158750445170317773
15650,calibration,7705364795258081752
15651,train,14794054936980629296
15652,calibration,18174934548740207264
15653,test,3071270767618275138
15654,train,17841692661637707701
15655,test,7955482540570281854
15656,test,17174798509130232133
15657,train,2159612500675572192
15658,train,12599028378377304022
15659,train,6387548781688223836
15660,validation,17974317937811210456
15661,train,5461734635505076324
15662,validation,12397120925215150690
15663,train,14319560965497413263
15664,calibration,11227995866505508649
15665,train,10743114181938450748
15666,validation,10922885705455366746
15667,calibration,3176952789429480091
15668,test,7141717656667688136
15669,test,11832381983205944246
15670,train,11767370803267189968
15671,train,18292219821458213602
15672,train,17810237675021456986
15673,validation,12064744960672649931
15674,test,6098521840874412147
15675,calibration,13161471686479322116
15676,test,3353844100627593092
15677,train,12083095280087243456
15678,calibration,14372483623439925618
15679,train,1268563693842299949
15680,train,4042368612285680687
15681,train,11619664050649622690
15682,calibration,1825423110773015207
15683,train,11505814490765480950
15684,train,5655619513543253518
15685,train,12603555128456967306
15686,train,16817255156183924610
15687,test,15186571801365991486
15688,train,5789256681612984583
15689,validation,3013042325133243413
15690,test,4663283251789345725
15691,train,6118194103325942519
15692,train,13108502481156460050
15693,train,2946778506878409875
15694,train,17282555327829867723
15695,train,13453303765198045705
15696,test,1440644272133198800
15697,test,10725908071056880646
15698,train,7300250429852415425
15699,train,15804785740111916126
15700,train,1686375696506748726
15701,test,164663193812880434
15702,calibration,3372535921025492472
15703,validation,11177295827209016591
15704,validation,16052066468349068093
15705,calibration,15018702367745074133
15706,train,11718429728336400155
15707,calibration,13665256352835815762
15708,train,3666772019549960326
15709,test,9581106997162190441
15710,validation,12579101885868294715
15711,validation,13105296882346940827
15712,validation,12419316017662809303
15713,train,8151753418201530960
15714,validation,10646548581777792136
15715,test,9243942386682983119
15716,train,2681217105585658720
15717,train,14195810070724680210
15718,train,3650617896669181633
15719,train,13606182565572402698
15720,train,10799387524617048547
15721,test,3033187435657983398
15722,test,5078545628181312000
15723,test,6817186832896574649
15724,train,10318258959952517197
15725,train,9593353641516739617
15726,test,1651345287273816293
15727,train,7874009499810453237
15728,train,8138479143063834814
15729,test,14443921157190522177
15730,calibration,2159127647791957042
15731,test,8012899758372222262
15732,test,6606502115220217232
15733,test,5741048290239958566
15734,validation,12046756541045943395
15735,train,4197931268459529108
15736,train,9910873359393740665
15737,train,5192001699504944722
15738,train,7846259040081532101
15739,train,8244288486818089054
15740,validation,13450838305202469539
15741,train,13988924087119578725
15742,train,9842097693962604959
15743,train,12713151260723942923
15744,test,738798382674988412
15745,train,12647746072717046314
15746,test,14448958364459570232
15747,train,3800073175389665454
15748,calibration,11763380837721356243
15749,train,7605803744805155395
15750,train,16679152619622555033
15751,train,5103103234474036181
15752,train,15848427163723772126
15753,train,15474687486112391517
15754,validation,10017432812302045152
15755,validation,16385345911058420233
15756,train,17470846458886822738
15757,test,7445267494148950038
15758,validation,11628434672809229845
15759,train,292744714728064582
15760,train,12981856252811917077
15761,train,5267892378559838730
15762,validation,7393249220307830081
15763,train,1234627468510858967
15764,train,10198861079234011808
15765,train,2577193855303070651
15766,test,13954296407207113959
15767,test,13154929499406342998
15768,train,7803296155255351780
15769,test,12093165492631520043
15770,test,11081159737727845839
15771,calibration,8951824430149838335
15772,train,13807064000759404443
15773,train,11792251205695345404
15774,train,9137422712869302281
15775,train,13732317766149445363
15776,train,14728330320095216440
15777,train,6236928167630962755
15778,train,10375775431827165230
15779,train,14525369853882216015
15780,train,17885554042853974342
15781,test,766562457014069451
15782,train,6322300699276868734
15783,train,3489125145496621429
15784,train,1332769500854612348
15785,train,14521298754897628790
15786,train,8567780212985732014
15787,train,6461210146287075839
15788,calibration,15375320248155278672
15789,train,7903050727182223207
15790,test,4185106298585092093
15791,validation,17929365507592204192
15792,test,7146471449633427005
15793,test,6585911326891866803
15794,test,4378928985066208813
15795,train,16026414374531226939
15796,test,3910910113688251599
15797,train,8507589954666415615
15798,train,7651905924554818368
15799,train,11820908801536858857
15800,test,11108977055342307281
15801,calibration,2017956736667303571
15802,validation,689033762140413651
15803,train,11768113858459303294
15804,train,16458713014497316938
15805,train,14529110483790925012
15806,train,15082785921812510275
15807,train,6597117139429170629
15808,train,3880769354316416323
15809,train,15339330619504843811
15810,test,12141791287237196225
15811,train,15380920992607428238
15812,test,13946112351376896611
15813,test,17387353605321073651
15814,train,3741723613626163364
15815,train,14849714684371491515
15816,train,12213153902966905835
15817,train,3255136312645961369
15818,train,7368504006718467414
15819,train,1906521975618501886
15820,test,18088939427880697979
15821,validation,12297545452474364918
15822,test,6983231388590193805
15823,calibration,6436387485755307062
15824,test,14041052621342419031
15825,train,10155310817037791880
15826,train,8423463886066806758
15827,train,11500967913096872338
15828,test,1851460925876947890
15829,train,10901246452108145707
15830,train,6182106193394744974
15831,calibration,14236475021661636470
15832,test,10853008042266647147
15833,test,4593606579390948662
15834,calibration,529196638005095958
15835,calibration,12284943934428701258
15836,train,13265672561625742858
15837,train,2925386458176095075
15838,train,4090443980931355386
15839,train,17956113201106035791
15840,test,15197955183905937031
15841,train,3718027278777496642
15842,train,4344172286546379723
15843,validation,15796079776607144081
15844,calibration,12718707041586242878
15845,train,9086562103900210649
15846,calibration,15312148624113518662
15847,train,15793058106115948348
15848,test,17879556461189846158
15849,train,14501951228316663416
15850,test,9057115711364385904
15851,train,9548182683035133685
15852,train,10854785738933604586
15853,train,13755606786033006416
15854,validation,6660164233043724851
15855,train,5603073302731292546
15856,test,1189765677945409711
15857,train,18100516951255601199
15858,train,125314789503703325
15859,train,9942207676882468508
15860,test,1878525291214854032
15861,train,18445434661891171391
15862,test,16372195577041990393
15863,calibration,16247623988963528700
15864,train,5124358852150005690
15865,train,11575133428593376222
15866,train,2004859090405851019
15867,test,17199979248312855619
15868,validation,9474866700605400815
15869,test,12247116206870125694
15870,test,6436342802445977428
15871,calibration,4131797447887944518
15872,train,16537384705157292516
15873,train,3026032120488032563
15874,train,10554492329305127730
15875,calibration,3983891035101314370
15876,test,11090587757937562182
15877,train,7248480005303100789
15878,train,9111015472880837880
15879,train,3430404894232313612
15880,train,9397466772272415069
15881,validation,13974299201856000625
15882,calibration,17482974475353230969
15883,train,12455949982776840263
15884,train,12373955335114402992
15885,train,1225149218461497238
15886,train,7355538142571128658
15887,calibration,8627018116421800063
15888,test,13808742875155095955
15889,train,11109795024060390603
15890,train,16143920120797675482
15891,train,1534286757878463979
15892,train,63569648517059173
15893,test,7553734056561804884
15894,calibration,5790979394325274472
15895,test,12441366274348564356
15896,test,16968613279628989205
15897,train,15252064315366246808
15898,test,12219326578068337674
15899,test,16530496709931470552
15900,test,11559727400077473210
15901,calibration,10379108490233490472
15902,train,9306899921924428781
15903,validation,6845568322182414702
15904,test,13330490301818294791
15905,train,14735308490897626812
15906,train,8562963141794670874
15907,train,13464864038844161155
15908,train,8316395966008185303
15909,train,4517390294592366789
15910,train,2089234283540860686
15911,test,13197331831908382155
15912,train,6056455690060412702
15913,train,675043013455300910
15914,train,6679586392966937241
15915,train,15064100852712890949
15916,train,3242778646541577444
15917,test,4641076672634282260
15918,train,13409042993689793747
15919,test,3650011463999146446
15920,test,4961693794568561219
15921,train,17554167642994547917
15922,train,17933427842602017421
15923,test,1278252794533459554
15924,train,15574582321910653326
15925,train,13138392779834441267
15926,test,11081159737727845839
15927,validation,2832787920890018126
15928,train,2771418422753491077
15929,train,15818376439409028576
15930,train,12616371710679536177
15931,validation,11030541248363967772
15932,test,11655190445997107511
15933,calibration,9254816744390851228
15934,train,549543270349503840
15935,train,7720286389324622033
15936,test,1891005130849322065
15937,test,17713588457510741675
15938,calibration,8331033033554663048
15939,train,17825884241980762751
15940,test,14489581524194568020
15941,train,10392417248599450989
15942,test,15214941173935748088
15943,validation,4425430807492701396
15944,train,8331449896393841784
15945,train,688803008262865952
15946,train,16420823617133388415
15947,train,13628081546061716442
15948,train,10935298691568437543
15949,validation,14941696398814207376
15950,train,16217209825564965191
15951,test,16564347608826879485
15952,test,2092717752023892313
15953,validation,3076061017440947479
15954,validation,2684753003571270928
15955,calibration,14794283495654275896
15956,calibration,9744785966217904569
15957,calibration,16032608425707185208
15958,test,2404024631413123792
15959,test,15194333858788202690
15960,train,17749488068565673657
15961,train,3116719978137575146
15962,train,16876197196566160315
15963,train,9086479977802033109
15964,validation,7250746049728878543
15965,test,94431582540868200
15966,train,13362107064713713458
15967,train,9524444074392526974
15968,train,6712376662728337767
15969,train,5703075472066740529
15970,calibration,6415118003396561689
15971,train,4468707941123793596
15972,train,14633989498604123812
15973,test,13459243303630227834
15974,train,12117948819269665982
15975,train,15158579733742623257
15976,train,7396801812096538533
15977,test,7228999231465440556
15978,train,15642514757941459313
15979,train,9228192313567796725
15980,train,10866667973282045736
15981,train,7142822288732491551
15982,calibration,10244302652840955337
15983,train,15369224603020227672
15984,train,18052721209062737626
15985,train,13101984151812949906
15986,test,11771797345806024243
15987,validation,1356097621739215151
15988,calibration,13697073291602908337
15989,train,11796127814378070337
15990,calibration,15052242667031476495
15991,test,11462546141161328601
15992,train,2127258306156987719
15993,calibration,17668558419376583148
15994,test,10040351256096795570
15995,test,5915500057894841566
15996,train,18040544411595222866
15997,train,9690115206132413071
15998,train,17722293946374645394
15999,train,16125730953412551685
16000,train,10886156647505888397
16001,train,336729021218910354
16002,train,16155125413313897679
16003,train,9245355014108196530
16004,train,14659226143279530962
16005,test,8290609997597311850
16006,test,8384651174511907149
16007,test,3508687634804036684
16008,train,6525848379984247369
16009,test,1055167045950372843
16010,train,15156831216945273471
16011,train,11118593073405186479
16012,train,9039324796402336122
16013,train,5987505743119430137
16014,train,6046517825095617076
16015,train,4379802580728744047
16016,train,7554400520110624148
16017,validation,784061838591050842
16018,train,2882152160894236930
16019,train,13500174079459608761
16020,test,6472636895309687276
16021,train,11461800216651829309
16022,train,16965395677453598704
16023,train,17851689229530127643
16024,calibration,8918944313153921118
16025,train,14295766864780104423
16026,train,10822542529527795138
16027,train,8267057962604173564
16028,train,9081516093435259522
16029,calibration,10996416170380722831
16030,train,13754188469873678577
16031,train,4222949844147640245
16032,validation,11911909568837908391
16033,validation,14595352169799817854
16034,train,16073335871427497611
16035,calibration,17095175513485274543
16036,train,1394283216531345568
16037,train,15065415547249119336
16038,train,4334979620930206626
16039,train,1439814400592192335
16040,train,12558388740021201544
16041,validation,1778819837442791844
16042,test,2423015122739396629
16043,train,2215285493239916848
16044,validation,17865615320814979286
16045,train,8723624178340844696
16046,calibration,2457383799814467087
16047,train,4079499801021866355
16048,validation,10443489510826592134
16049,train,13173521691061145997
16050,train,7461421991754086371
16051,train,15914885545747777294
16052,calibration,1041501333550950668
16053,train,12121868767446068018
16054,test,8778045914132074853
16055,test,17405406590340841332
16056,train,6848492933186110702
16057,train,6354471396111337241
16058,train,14792189851607175157
16059,calibration,6195393894899347309
16060,test,7796843658217067282
16061,calibration,13451385050540910257
16062,train,1278758561864708307
16063,train,13253898100753621914
16064,train,17910405825644980675
16065,validation,7914739570745604635
16066,train,2730671972086666485
16067,train,3106489397547916244
16068,validation,7019100093349904566
16069,test,6915321251366214535
16070,train,2388624400849702120
16071,train,3808115354521400645
16072,train,1548968167983582500
16073,train,13242544569908968
16074,test,4651184714732713885
16075,train,3378974905696618420
16076,test,13160744972780991241
16077,train,16276111638668582596
16078,train,14115437594211114661
16079,train,15064100852712890949
16080,test,12641457344372879606
16081,test,17743022428322349830
16082,train,17248340125384219543
16083,train,1219223880401594833
16084,test,4070091398692563800
16085,validation,9100989691137720490
16086,train,16089660384818304070
16087,train,5616953299930871019
16088,train,16964275892009769864
16089,train,1597990943741154136
16090,train,8348554015067828759
16091,train,11787688210711257282
16092,train,18294788263765281002
16093,test,13475584262964650570
16094,validation,15428430118614538017
16095,train,3503689800154066691
16096,calibration,5453900100206857125
16097,train,17240529655983299931
16098,train,4369090695765620133
16099,validation,2497592728089968653
16100,train,1378325733457796534
16101,calibration,5649056423455069187
16102,calibration,4613939819844294750
16103,test,6223797121132984147
16104,train,10538788587894787192
16105,test,12630568609685777235
16106,train,1546089017304679893
16107,test,7276931965785019289
16108,train,12942221471484795375
16109,test,7652226046481800468
16110,train,17087013387287551132
16111,test,9181186588517545247
16112,train,3469888010568586446
16113,train,2666309158904071701
16114,train,8040241308432162264
16115,test,5782255731823546197
16116,train,17372252967854143839
16117,train,3241881285728565493
16118,validation,9505117292757924883
16119,train,9966821975937322626
16120,train,11483425377937888903
16121,test,7352649245183590679
16122,train,14040917159309907328
16123,test,5070940739649823084
16124,validation,13899708399354643840
16125,train,10388132380815692076
16126,train,3451397587028107322
16127,validation,9759375071453423250
16128,train,18062485251268455926
16129,train,18295935683390038453
16130,train,7216477203206705582
16131,test,1986633459153800918
16132,calibration,7482685597444590973
16133,validation,1552595059751735916
16134,train,3820842538455307642
16135,calibration,12306131811596685868
16136,train,1736853953292435117
16137,calibration,9816584601216090586
16138,validation,11723695175790839775
16139,validation,3404276287203776431
16140,train,8980707340766511210
16141,train,4438501216821623327
16142,test,6485298217751281565
16143,train,14645915439627102089
16144,calibration,8343325141705720700
16145,train,11496263989380404490
16146,train,12441593146893386109
16147,train,5474661791159840331
16148,test,11446536213346120532
16149,train,17322771055473441114
16150,train,14677003549520911150
16151,validation,727204484531804354
16152,train,12263115320806428226
16153,calibration,16036761612024353480
16154,train,4715530628993921112
16155,test,837549662435550101
16156,test,3504514515898916616
16157,calibration,1054402005887983785
16158,test,16825387398271152722
16159,train,7536098664074827400
16160,calibration,164967644309901397
16161,validation,1766265825955942129
16162,calibration,12336007446709020483
16163,test,5965360208753148894
16164,test,5089553122825960433
16165,train,2648854993818241250
16166,test,11531813798576002682
16167,train,12468621765200453898
16168,train,3497556294146521025
16169,train,1210178697966232916
16170,train,11965384062275753895
16171,train,14951841956683077129
16172,train,3608095873301884713
16173,test,15599988708151176419
16174,train,6408105500430147323
16175,train,16931571904737607854
16176,train,13839657049810007793
16177,train,11955117017630753650
16178,train,9015982961975663568
16179,train,3834618389542139557
16180,train,7647709252209653060
16181,train,16030047932837469604
16182,train,12515113167713142453
16183,test,16165633780623661644
16184,test,10305803549204484239
16185,train,14197844578461990704
16186,calibration,3503797436295873146
16187,train,9628945993187842319
16188,calibration,2213058013637449742
16189,train,14757791807950217169
16190,calibration,7997078962734600771
16191,test,12639759023853316556
16192,test,3346181840723380644
16193,train,3374386017617252464
16194,train,17597327538290588561
16195,validation,11533188016358691636
16196,train,1440543555203375059
16197,train,8683821631346189748
16198,train,12557765741371694563
16199,test,10262729110462225511
16200,train,14334028177941931186
16201,validation,3856317248149333915
16202,test,9514714139780283115
16203,calibration,5711505970844618472
16204,train,6611345222927905211
16205,validation,10592386651136567157
16206,test,9397906841207782238
16207,train,17292239248063993391
16208,train,1719540694634904490
16209,train,2949564058778599961
16210,validation,13834202600774484052
16211,train,17927690536173940545
16212,test,15651227343873005417
16213,train,12842222902862209560
16214,train,1005044907502843009
16215,train,14828328548227107431
16216,test,16748378537324665895
16217,train,6831981768153966659
16218,validation,15439704503943445119
16219,train,12009460939757262164
16220,train,17123116217295200471
16221,calibration,15753992779469682751
16222,test,17389909220036240108
16223,validation,14411749126420651970
16224,calibration,14452823224017248966
16225,train,17372252967854143839
16226,test,1348169529603594347
16227,validation,10198553961055623343
16228,train,16118877239798073336
16229,train,14169034813941396114
16230,train,9885351933437158747
16231,train,14202019225154527076
16232,train,4603656412971418294
16233,calibration,17734194123074171008
16234,train,3752705060615418622
16235,train,2128096385956082552
16236,train,16356982398815473414
16237,train,4190767384869519263
16238,train,4989001879001516232
16239,train,17174001849333164153
16240,test,12491717474155809591
16241,train,16490420732502279802
16242,train,11198234432922500864
16243,train,12203281296524732670
16244,train,4538597736679316572
16245,validation,16804541697208268073
16246,validation,17124921925694034928
16247,calibration,3839604582188447201
16248,train,12144694315158094595
16249,test,15572050018215822656
16250,test,13737442280570473276
16251,calibration,11678665979184307833
16252,test,12505360848213868966
16253,train,17948457020826083629
16254,train,12673349605797202905
16255,train,11556806840087407728
16256,train,4057252218008196574
16257,validation,11945022014985829388
16258,train,4447164288139264603
16259,train,11311323661185823584
16260,calibration,12518357098382685749
16261,calibration,17821008714090921723
16262,train,16436015702019274401
16263,test,7823944704728374088
16264,train,11704133326078915014
16265,train,17331229405467233109
16266,train,2587026307125706831
16267,calibration,6535931254299128068
16268,train,3878627940927210202
16269,calibration,2419791505819513276
16270,train,7151191461377420039
16271,train,5378301817246508020
16272,train,2162435254464343999
16273,test,7337530465372974294
16274,train,11959060291236150703
16275,validation,13259723198511872189
16276,test,15177601425613641506
16277,calibration,14680357097326550967
16278,train,16642563501474624726
16279,test,4044902227972502381
16280,train,16735929480154140373
16281,train,617473408676405530
16282,train,17813093228780416723
16283,train,9177795322615069728
16284,validation,3288864919351141066
16285,validation,13016747197046514922
16286,train,15893234649481831509
16287,train,5485094485756819008
16288,train,7704875559814245477
16289,calibration,13649966887403307158
16290,train,7810656017805706358
16291,calibration,16374986162652394729
16292,train,4179425189468411256
16293,train,14504957772133302625
16294,test,14022317927901617279
16295,train,3843327805057377280
16296,calibration,14223518063169379387
16297,test,1226188741885596068
16298,calibration,17520882174409834372
16299,train,3600745903146434436
16300,train,7731042015654084777
16301,test,4005486141785285060
16302,train,8592035772035219047
16303,test,16928653100533306884
16304,train,397085331299233679
16305,calibration,2465347503087543123
16306,test,16232296845657194265
16307,validation,2655977388791880938
16308,validation,7146007667295843002
16309,test,7825422743057809791
16310,train,7482016806927256328
16311,train,6036590451550793368
16312,train,6216491521378574224
16313,calibration,11919151759325702956
16314,calibration,7373863920803649606
16315,train,12971649059523184621
16316,train,46114692488857173
16317,calibration,4908753618596928198
16318,train,11904695124345686606
16319,train,12086550100132934408
16320,train,12666891624925243097
16321,train,3530728453359524282
16322,train,8828024135810311562
16323,train,5450282027243307986
16324,test,13701749888505571920
16325,train,11269114010085171951
16326,train,5052553043476802217
16327,train,15313263430357245007
16328,train,15895295638925080567
16329,test,4735203896551103543
16330,train,13524141339456614766
16331,test,7309268751953030277
16332,test,7213816439343334390
16333,train,9708557021756358230
16334,train,2056420464985306369
16335,train,13318198685489219788
16336,train,12084091397667841551
16337,train,11296220042541090942
16338,test,16876795060664729005
16339,train,4461336192978670353
16340,train,3238408579849175535
16341,test,17186413025721370940
16342,validation,18146169244016245945
16343,calibration,5880486297427960274
16344,train,17762330364297766743
16345,train,11567777649425694141
16346,train,7591307048935122285
16347,train,15202251514579704578
16348,train,14116528149387414308
16349,train,12155243330982240628
16350,calibration,7675473137990767879
16351,train,17396297752781673469
16352,test,2263065869288527460
16353,validation,6667470038611916688
16354,train,14490447263338099326
16355,train,5516451134391238125
16356,train,5631027375280883345
16357,train,6891674542775099834
16358,calibration,12019433189408457967
16359,test,1412112530444223366
16360,train,17496701678015693375
16361,train,322317004438652288
16362,train,3094011632471789320
16363,train,16885502106577257935
16364,validation,8999240807442858749
16365,train,13106898390547631771
16366,train,16462060002560410031
16367,train,15910365951428114192
16368,train,14454790450966399858
16369,train,10790288440329754701
16370,test,17320089920941143220
16371,train,16877243623599102830
16372,validation,6185153825643006863
16373,train,12460569171781977572
16374,train,8247396035015778315
16375,train,18120001808461105881
16376,test,5097309928586978286
16377,test,12294966381112269646
16378,validation,15779358207431385100
16379,test,16456953574127505830
16380,train,8910856085856253385
16381,train,17874063173462839758
16382,train,11524566698796372137
16383,train,584848024438229426
16384,train,11708519445537704507
16385,train,9315588067465475145
16386,calibration,13411293506474212474
16387,test,16423327336256873898
16388,train,13726213213935987029
16389,train,816079607771056427
16390,train,12346221252736675015
16391,calibration,5668589657234963824
16392,train,12216090820094364695
16393,calibration,18133054304074291055
16394,train,765388271951641246
16395,test,8057557632707566209
16396,train,8216731013224898679
16397,train,7475537229675208314
16398,calibration,15954786423574277470
16399,train,17798219791126704167
16400,train,12944921491785979633
16401,test,10719686493203558258
16402,test,1562851010811252054
16403,test,16133158474928417009
16404,train,199739619235935372
16405,validation,7292232274140183073
16406,calibration,5952302956925575931
16407,train,17206664761790799311
16408,train,7585675760039022084
16409,validation,10778731949588710107
16410,train,2827670526809166265
16411,test,11441436608377123642
16412,train,13788416431225133492
16413,test,17281838752405621837
16414,train,1702741338426966591
16415,test,18279456911002340061
16416,calibration,15293483939038311567
16417,train,12738222152303444473
16418,test,8030002353264459209
16419,validation,12424675820185260612
16420,validation,315935871064231721
16421,train,17122822293604250957
16422,train,16332971024910744324
16423,calibration,10678648039600629178
16424,train,3357574039680255239
16425,test,5710538012339576946
16426,train,3946726813596491886
16427,train,11996858243038515186
16428,train,16508383242571226609
16429,test,14517059868713982353
16430,calibration,5625430856132060079
16431,train,12340250273677866233
16432,train,10286993447197197844
16433,validation,13453692235361226523
16434,train,4846855303763331400
16435,train,10240357984966253393
16436,validation,12597153399999873248
16437,train,4872446330458837768
16438,train,10767415444791496037
16439,train,13179916109690658058
16440,train,12683361984323258414
16441,test,1634277464807020498
16442,calibration,15679051084681370352
16443,calibration,12881681947227002822
16444,train,1765916430223960101
16445,test,13067401911870791195
16446,test,3152019732866870193
16447,train,1580155738109487244
16448,test,7229205308767074071
16449,train,11974125298530794713
16450,train,15878796085805175274
16451,calibration,15365566843678854331
16452,train,10169765794141199445
16453,train,13615448249119297223
16454,train,11295261078760531903
16455,train,17194130357903927610
16456,test,2730593769754205972
16457,test,9873378967575721618
16458,test,14514345959108334770
16459,train,7457445622296786880
16460,validation,15473181054692317466
16461,train,1739182293390730356
16462,train,11743085976789059733
16463,train,13507126124761826091
16464,train,9611611994582185062
16465,test,4398323154659070802
16466,test,17871061358103535745
16467,train,4475011902080738102
16468,train,14640551806053471769
16469,test,1119045481191620385
16470,test,2950779175042379650
16471,train,15126348609114859196
16472,calibration,4552033148641481421
16473,train,1105045531059558507
16474,train,10804036862096053389
16475,validation,6153360640643448081
16476,calibration,1885411853300192101
16477,calibration,4416083577176909168
16478,train,16458756286649169670
16479,train,1919667871914454543
16480,test,12073742102801892489
16481,train,14728980079083565385
16482,train,17122103300435476162
16483,train,17653644363832716037
16484,train,12203285907043605233
16485,train,13913575261539094979
16486,train,7607950479773566506
16487,train,16026591772611787942
16488,test,7977512922742458293
16489,test,17646378346603675105
16490,train,3212992356637465259
16491,validation,208393733775188843
16492,train,6705690726265325896
16493,test,8909486006624111556
16494,train,17932442927331818308
16495,train,15386102537672145452
16496,calibration,16551677934416292906
16497,train,14198644201547705434
16498,train,4948474987005931859
16499,calibration,6492273190333372499
16500,train,5748883938800885268
16501,train,5912039706849056238
16502,validation,1199549382652632733
16503,train,15262290906003743983
16504,train,7095757108157806933
16505,test,4423104930585240420
16506,validation,5025789006056160029
16507,test,18005299796057059174
16508,train,12310619125643266828
16509,test,9003890270649282318
16510,calibration,1834316601394989494
16511,test,10177718534826809992
16512,calibration,16918581282721278289
16513,train,9351852817255991545
16514,validation,16035996439213504664
16515,test,7555706249518259194
16516,train,4578303847718528744
16517,test,12397129955753847381
16518,test,4063914175810801890
16519,train,17595348155546199433
16520,calibration,2685053189323784921
16521,calibration,8381848405234158395
16522,calibration,11723502805404376582
16523,test,9570481347213725322
16524,validation,3926200802479805362
16525,train,12625440063459350090
16526,train,15064100852712890949
16527,train,7242339785640905096
16528,train,17968101002963015141
16529,train,14653707132352226542
16530,test,18129129970722439320
16531,test,16989753909796512699
16532,calibration,15294134692063943795
16533,test,14157895429154458044
16534,train,10257517761161998002
16535,train,5933560390955472161
16536,validation,2351889597928372272
16537,test,16322284271907414083
16538,train,11988562989035932928
16539,train,1711578509561145821
16540,train,18248174472846306961
16541,train,8637990131361603721
16542,validation,12655049282093330804
16543,calibration,16741395938884340196
16544,train,11805115329901404850
16545,test,8522536427574549679
16546,train,18030804526801856764
16547,train,3646115619638455832
16548,train,11063177860209807058
16549,test,6146531791773143841
16550,train,13057900987543257975
16551,validation,6287671674640335315
16552,train,6808738997985058286
16553,calibration,5172948329203892756
16554,test,6659797570514397298
16555,calibration,12016647414752810119
16556,train,12558217533193227895
16557,train,5198557228602183684
16558,train,6673059213306754613
16559,test,8165671275131242471
16560,test,13029316367781182853
16561,test,9565515910840750276
16562,train,11510973865432416954
16563,test,15861696290801648816
16564,calibration,11415201093493476825
16565,calibration,16861963317351044996
16566,calibration,770457983119086490
16567,train,16828886358791374688
16568,calibration,526431476718764320
16569,train,18098905856370765547
16570,test,8020090340415564971
16571,train,7195742522404802812
16572,train,702147502129878525
16573,train,11912807203695969163
16574,test,12597178966926588958
16575,train,12681227848618708000
16576,train,12838290867429682166
16577,train,4826980133363632981
16578,validation,3117902987064564165
16579,train,18193398586636197724
16580,train,5480434439323340664
16581,train,3919017216431932187
16582,calibration,16880306073858687932
16583,train,4258067352556602710
16584,train,3306202383665192223
16585,test,17889245730869602783
16586,calibration,6801616594389825343
16587,train,15263041949756788445
16588,train,14281145401248845402
16589,validation,6624497408277637675
16590,train,5017610984390659212
16591,train,15212379392066601108
16592,train,3095576282700369574
16593,train,8278208130809423657
16594,validation,15342569056600963378
16595,test,14647780155318932244
16596,calibration,5543487531238556099
16597,validation,18300710546551303021
16598,calibration,14280174001430580565
16599,test,16310053883682481529
16600,train,9380563565452365803
16601,train,10575163055398950366
16602,test,6743959158668563165
16603,train,8854942913194425264
16604,train,4396114989802832529
16605,test,1807020341518169063
16606,test,5099305430466683687
16607,calibration,16142771269625071779
16608,train,17372252967854143839
16609,test,16203341115329991840
16610,test,6480757345434289389
16611,train,8459310217901588795
16612,validation,17205268665418416470
16613,calibration,17082336006532727413
16614,validation,12288951926977963961
16615,train,12211943365497112401
16616,train,14696612538463811564
16617,train,2024020371621226284
16618,train,10366166641509476422
16619,validation,13964893624606962685
16620,validation,15818152899678035989
16621,train,3774839702737051934
16622,train,7975821215662013054
16623,train,6474035952568718161
16624,test,13960961209635095341
16625,train,11374594444801541222
16626,validation,7024856356477647390
16627,calibration,16407452676588742716
16628,train,9719509841803525253
16629,train,14425638262232834852
16630,train,13298524951482363904
16631,validation,6703446322850244432
16632,test,4015527680817491267
16633,test,1489909382392308953
16634,calibration,12633512214580964490
16635,train,8492935842810203146
16636,validation,3509515478408843150
16637,train,17430206015932445302
16638,train,6582684177351008610
16639,test,13550676507474608304
16640,train,17728446199382172083
16641,train,11132115231287467626
16642,train,13365093214552516612
16643,train,6274254911779919078
16644,validation,14659466416706651506
16645,train,4663665466361315213
16646,validation,10414474022636113002
16647,train,653703221171092622
16648,test,8216924788809212712
16649,test,5522793263869179220
16650,train,3825867271761520381
16651,train,1208762924546529762
16652,test,3413736756120149124
16653,train,2542572939378936563
16654,train,5089133063325395110
16655,calibration,17043220486470682844
16656,train,5494240320948309193
16657,test,18117910648463104487
16658,train,18171594712425982657
16659,train,11926029094524440055
16660,train,6945932380853772700
16661,calibration,18169475904412188857
16662,test,9124531418119067274
16663,test,12929110422191077154
16664,train,1735131716919210012
16665,test,15554282016876599837
16666,train,18004205125865648015
16667,test,18017605987136399921
16668,train,6707458172248527154
16669,train,14241264139108867455
16670,train,14074444995784583132
16671,train,12359424680724940880
16672,train,17499012403202408674
16673,train,18255603130289596222
16674,train,5625462610994033078
16675,train,2543161237365412200
16676,train,9553202132112977055
16677,train,214524254028231781
16678,test,16244093044491488595
16679,validation,11552765087251193092
16680,train,5670139118721494800
16681,test,1293449723257425395
16682,train,17073821312144611506
16683,train,2379820470774853841
16684,train,12554814175600175091
16685,train,5122900375585944683
16686,train,2953252710779715661
16687,train,1948859211535069833
16688,test,11652605838688674665
16689,validation,13357186321604623480
16690,train,2952450141387718074
16691,train,11011831652923814768
16692,test,6966170311696914591
16693,train,17494968135009154359
16694,test,10662415528643888973
16695,train,11396452978190353230
16696,validation,10585221416718600253
16697,train,7606936405628598692
16698,test,11254904303707893487
16699,train,16254834068487329100
16700,train,16750227424529456620
16701,train,9404214731655132325
16702,train,14951505220124666710
16703,train,10552189276747407458
16704,test,14289168407824653748
16705,train,10799511273246287005
16706,train,14537258148946736899
16707,train,8561542148686813399
16708,train,10394110583556267461
16709,train,6785455189114737643
16710,validation,8165388438609807225
16711,train,13382595122423685726
16712,validation,5034644924663875398
16713,train,4957438582439368413
16714,test,13192025755709508273
16715,train,7824400939942207683
16716,train,183064041678346623
16717,train,1577837613111863751
16718,train,12164848053556017806
16719,train,3983403859879137784
16720,calibration,8673570685480219324
16721,train,2026333153342615256
16722,train,1541706864102173568
16723,train,10582104055381851788
16724,test,18119927530840371589
16725,validation,8937721112872039640
16726,validation,15111763284406470357
16727,train,16554056108575698254
16728,train,4540185926088599647
16729,calibration,17015427915773112343
16730,test,14731069909601515229
16731,test,3924389320656348832
16732,train,2104334037307863819
16733,train,9219047232173239491
16734,test,18240847177379249156
16735,train,15525918081552668054
16736,calibration,6215115645040326010
16737,train,17847956594120567627
16738,train,4686707885613841453
16739,train,2445206883407461482
16740,train,17585992546159741234
16741,train,13593450128003576927
16742,train,2226350180509136628
16743,train,17372252967854143839
16744,validation,10529026731579453155
16745,train,4588236613159358056
16746,train,8231642807815110521
16747,train,11088531903734210137
16748,train,7044320515573379107
16749,train,9656346985939725127
16750,train,7028322299980744240
16751,train,6610207984888963820
16752,train,16732371195715674591
16753,test,3642710265659811665
16754,calibration,3296079483916406229
16755,train,15971395912047168342
16756,test,13622841108842950517
16757,validation,11497309518995398335
16758,test,12459089912789135574
16759,validation,3592782117816897172
16760,calibration,9128217112978304949
16761,train,15161577653724175802
16762,calibration,6390010880640813758
16763,calibration,16938805728644026154
16764,train,6219980637979089281
16765,train,1521746588166620789
16766,test,6138121614809078369
16767,train,9424467770786538414
16768,test,16462305026805168929
16769,train,172158051723078786
16770,train,4676465169310095951
16771,train,12956827953530074744
16772,train,845173141635646653
16773,test,2153794231197565519
16774,train,7362406406335319372
16775,validation,17483253957402684560
16776,test,4169175452181421415
16777,train,8165166174080298519
16778,train,14894219458142457394
16779,train,689048749853817665
16780,train,13823237399893986028
16781,test,17707714057814564991
16782,test,15754323891184728003
16783,train,15733014465390475081
16784,train,18119935065035281536
16785,train,12947492122714562455
16786,train,8207345254557263969
16787,test,4729296584826619539
16788,calibration,4999004676671295603
16789,train,5227885451472006991
16790,test,16308468395141223957
16791,train,690212751897954366
16792,train,11682680659371357612
16793,train,534626096449606544
16794,test,16600154978232906895
16795,train,13548921829586580328
16796,train,16134009790826038232
16797,train,7087108021660552400
16798,train,7421464147189576507
16799,train,9250240203682616782
16800,train,14251828920187623346
16801,validation,18222919979421907761
16802,train,7374087041252573990
16803,train,10464729140759723921
16804,train,17231849719766739589
16805,calibration,10783207858858230410
16806,train,13516623727427563091
16807,train,1969159808366976590
16808,train,11257657161614827693
16809,train,6634076640008696231
16810,train,7914590209842613305
16811,calibration,6768265293801337803
16812,test,6688060209265652431
16813,test,18249225667113955726
16814,test,7002125594718617084
16815,validation,7656957442938543847
16816,train,11994839067110180615
16817,train,16819458551756958040
16818,train,13214119729165019393
16819,validation,17578082694803374967
16820,train,17036159963682884720
16821,train,4519955371754259683
16822,train,5636115100832105709
16823,train,185867885061226033
16824,train,2073368057247320683
16825,validation,9896066195782104262
16826,test,5701210070302104791
16827,train,3486145328565325754
16828,train,16306772419592237724
16829,train,2837218739661789267
16830,calibration,7234825530085221975
16831,train,8907228689316044495
16832,train,9063837129022734877
16833,test,15277784582253733883
16834,train,7352756374178064706
16835,train,13949685969306186897
16836,test,11446480598197745210
16837,train,14460821396404625427
16838,train,16023801079629216487
16839,test,4716595016681683416
16840,calibration,7279278721963158179
16841,validation,6956904198710330103
16842,train,426519149217398696
16843,calibration,1368044971843374836
16844,train,14181837011501919029
16845,calibration,4743344172672998413
16846,train,17846390252320804095
16847,train,9409627849623216289
16848,test,3411885808454462995
16849,test,7387019735156230363
16850,test,15336643277696422194
16851,train,9377426156677233269
16852,train,18077370628009957358
16853,validation,2452131292233113977
16854,train,4793633079585392516
16855,train,14793420410281009661
16856,validation,1987601852527239194
16857,test,2414738764484816629
16858,train,7307782091293985820
16859,test,15594700147003226127
16860,train,10755415147922143850
16861,validation,11484031497073745684
16862,test,11619512024196565352
16863,test,10588915119221384670
16864,train,1491955001281286677
16865,train,14382181272231434907
16866,train,11865703662700925225
16867,test,2379625014039885660
16868,calibration,8297182661752325416
16869,calibration,15087768071787285617
16870,train,12135031084334921750
16871,train,17519941410914693138
16872,train,14454303398283228407
16873,train,10593494102517135184
16874,train,15895295638925080567
16875,calibration,738742443274928529
16876,train,9588269424077470380
16877,train,15008871822216946974
16878,train,1713540847086280609
16879,calibration,16109717247706726870
16880,test,633236582496751132
16881,train,14066364005978593142
16882,test,5178659297542433292
16883,test,12481829237352303611
16884,train,10801964669468122228
16885,test,13053025893299264219
16886,test,3385915775785030772
16887,train,2543847650741436411
16888,validation,823655959956300168
16889,train,768531367278577534
16890,validation,9240580921462661538
16891,train,8719215853667103515
16892,train,17557713362211224733
16893,train,13795964606461262947
16894,calibration,9568915772309187230
16895,train,2012237647907055925
16896,validation,4636086362171445527
16897,train,5379517269633811546
16898,train,3844686151258660326
16899,test,16099741708598098991
16900,train,8194697464055456571
16901,train,16461978359288333857
16902,train,6357895410236255208
16903,train,15432461018229607794
16904,train,17095499641762979771
16905,train,10504328050256370138
16906,train,8325513290509044424
16907,validation,9364703220436536002
16908,train,17015709861284494935
16909,test,6399558824329080976
16910,train,11221249971405258611
16911,validation,14567225325393770769
16912,train,4003432567388920398
16913,test,14804191313613947828
16914,test,14445565510789610866
16915,test,15256144243682264998
16916,train,10038324867021029097
16917,train,12225984266963396733
16918,train,6117843234910457918
16919,train,3354171919587288247
16920,train,12213667552292180955
16921,train,9318610025718796981
16922,train,11056626145695639633
16923,test,13209034083161910473
16924,train,76394632631719070
16925,train,13077316730359958657
16926,train,18240765879196467031
16927,train,441959649992152613
16928,train,15233252806934264532
16929,test,9670016165595941334
16930,train,15305018842747680061
16931,test,1598833831260827697
16932,train,3586305558259364800
16933,train,27903692855818674
16934,test,5128268703328412256
16935,train,8863002964068678181
16936,train,3494307929943439145
16937,train,7690511749680310685
16938,test,4275586486667686368
16939,train,15008145804631909731
16940,train,2546046639054313152
16941,train,2554302985787554273
16942,train,5963462253457712834
16943,train,2730357988017592730
16944,train,2524586500051699795
16945,test,7309296664561847234
16946,train,5821681829813013755
16947,train,14231337887371553404
16948,train,1444309213220206220
16949,train,7258973630073475568
16950,test,6326838962333061514
16951,validation,3245219340161124926
16952,train,15476440285712241549
16953,train,8486426558172454243
16954,train,17036489047149081743
16955,train,17144534927725801096
16956,train,17913951983243382
16957,train,17844227897166994154
16958,calibration,16570861951209319487
16959,test,2342074323030804732
16960,train,13786639328531397397
16961,train,1688011502108749120
16962,train,8479770486917954640
16963,calibration,10982452397176105872
16964,test,9263062391936988311
16965,validation,5946119902391327650
16966,train,4711137248320814998
16967,train,10936978671752867047
16968,train,7474713193261937372
16969,test,16121317735687939053
16970,train,8115607020256936688
16971,train,18136293457186822327
16972,train,3366828921261926276
16973,calibration,18214455330856183826
16974,train,7591339429432752088
16975,train,2421743321266459077
16976,train,4124650541182771302
16977,calibration,4935570359995316966
16978,train,8548014294077668594
16979,test,4652107365492777228
16980,train,6184782048069702964
16981,test,17732548393961690856
16982,calibration,14376942767777605971
16983,calibration,7105405457173325774
16984,test,1465477400657028177
16985,test,11263352651199537470
16986,train,11191925825133253734
16987,train,10458647124051306834
16988,train,15581252885600739191
16989,train,2011214540928529781
16990,test,3493545293908120144
16991,train,5762921344370786117
16992,train,12988113650104592838
16993,train,5733718934595120539
16994,train,16020593050184327956
16995,calibration,3239803467540766248
16996,train,17560641341930940955
16997,train,3510892883415293731
16998,test,7898995402321053928
16999,validation,2317878099166028395
17000,train,11641475732312666469
17001,train,17114678412883686809
17002,calibration,801743526153609748
17003,train,10365020874303163357
17004,train,11219692924124399106
17005,test,17766911796625482071
17006,train,8205359137633570305
17007,train,4277307601961678217
17008,train,5270119335197367317
17009,train,3922131102579422456
17010,train,7437186550811638733
17011,test,14925011840808679832
17012,train,4993164072078155636
17013,validation,5626968835744683046
17014,train,10837147403086319952
17015,calibration,6065665216865897844
17016,validation,3239411597502950961
17017,train,15864216591781601851
17018,train,3074410867673719694
17019,calibration,4634686572603998655
17020,train,12652019521614709186
17021,train,3664279269871814540
17022,test,9489540846914960509
17023,calibration,17722208348752103938
17024,calibration,12644793436032045884
17025,test,895645224656916230
17026,train,4670848565445858731
17027,train,17001963558169331319
17028,train,14306679659010660404
17029,train,6801060869227161920
17030,train,6736209520289143148
17031,test,12371282313175767046
17032,train,1092514240356108063
17033,train,1711578509561145821
17034,calibration,8941841644259395895
17035,train,6920860613223035692
17036,train,12429806043075330872
17037,validation,15286327670128262298
17038,train,4077577288125382972
17039,train,16042291649508658949
17040,train,2003153384841906430
17041,train,11748353999622622919
17042,calibration,16177009571979763570
17043,test,2904890689990592079
17044,train,362894158195757480
17045,calibration,2223306561350323045
17046,train,516479226196350452
17047,train,6508584231599547860
17048,train,10828504425603069518
17049,train,14193294002874070124
17050,calibration,8129400283731909094
17051,validation,9910711524850608323
17052,test,932139525049275790
17053,calibration,11724613082521630909
17054,train,11030074254567426534
17055,train,2858811638223661811
17056,validation,5884889317130685764
17057,train,10688198349583517485
17058,train,15626713720522532393
17059,train,1957652599639521448
17060,calibration,8047005181833683010
17061,calibration,5642204248345556790
17062,train,4044147480046739472
17063,train,18147157136540899059
17064,train,6447169248211639935
17065,validation,11019469409406764676
17066,train,4686955548230132178
17067,calibration,8271543509013039118
17068,calibration,17412839516643861279
17069,validation,14020389055535763928
17070,calibration,9517461627423484498
17071,train,9251458809089586550
17072,train,8561931878962335585
17073,train,408798281684225332
17074,calibration,13849848490173338438
17075,train,12372008911101100008
17076,train,11455667096147426027
17077,train,1620141426874036706
17078,train,17780128837140889274
17079,validation,4408144826102859445
17080,calibration,10336222885916635762
17081,train,10339325583684885249
17082,train,487549381087025123
17083,train,5464075416534521674
17084,validation,11248185512019697204
17085,calibration,17567444294787027276
17086,train,15968687884876917397
17087,test,13945412291970593372
17088,train,12333793789254694174
17089,test,10652413197489953800
17090,train,12272901072886180629
17091,train,14888786473182307330
17092,test,10852217208927999100
17093,calibration,8516991809067612127
17094,train,16791433546421728013
17095,calibration,3210346124363754526
17096,train,9494796775873281637
17097,test,7979841363564715853
17098,train,2205595829086970452
17099,validation,7876500213361838190
17100,train,4352604839199397127
17101,test,7324792582699542128
17102,train,15399252563368296459
17103,train,9490150666914084412
17104,train,13898098138511752821
17105,test,10332223464897624301
17106,test,12267839335798221991
17107,train,16087223265864930519
17108,test,6292260543014015034
17109,calibration,5678735653914223066
17110,train,9424610958196663696
17111,validation,3717056135021417421
17112,train,5188919220192554658
17113,train,4787533684570564570
17114,calibration,17567172027741129728
17115,train,9377316439732350120
17116,calibration,17452280020630159887
17117,train,1575471803882120607
17118,train,5913441094522482519
17119,train,14492943491708427109
17120,validation,14492976025418531583
17121,train,8773210251124370086
17122,train,5650924542679376501
17123,train,9595864492775634371
17124,test,2335458745137207623
17125,train,16017582872310282102
17126,validation,15447289405755150125
17127,test,13794876357835630585
17128,train,5640978104159974808
17129,calibration,8037245092791725238
17130,train,2397749590699172172
17131,test,4833698077628052119
17132,test,11022805695986235928
17133,train,7553740856433067242
17134,train,12912258542446465576
17135,validation,7687406965840091412
17136,test,2112172383540592749
17137,validation,17660010597149308291
17138,test,5748631674467733554
17139,train,4608732039885499425
17140,train,15763965396817715412
17141,train,14581282495336884139
17142,train,14046631911994526783
17143,train,12645758871415509784
17144,train,14306896221306968510
17145,test,8400371834159506007
17146,train,1321196056997897777
17147,test,11758325443954020826
17148,train,6413240869528714636
17149,train,18232159993002977075
17150,train,15537078797983807660
17151,train,16695821893455815209
17152,train,6486107379582680029
17153,train,13617455419140870333
17154,train,3638974298170492742
17155,train,16127744419990691631
17156,test,17225474751885078074
17157,train,3675765408622933286
17158,test,5755102061463235716
17159,validation,14338836609590252411
17160,validation,13157916129667502994
17161,test,371590036335196653
17162,validation,15503644765984446841
17163,validation,4825457659855222099
17164,test,8212904181038785165
17165,train,12489605663981910443
17166,train,11144931437209849798
17167,train,5436348788606280818
17168,train,5630182787503836131
17169,calibration,715017638019403098
17170,train,14093197100200348296
17171,test,15212762268763407389
17172,validation,6292196064961007151
17173,calibration,6688918052684208909
17174,train,8938244493350746210
17175,train,14041965412522818445
17176,validation,14648597446829818729
17177,train,10249975272859093828
17178,train,8690192173214808338
17179,test,9596620762462173599
17180,train,14660445990355581421
17181,train,13666465616496278654
17182,train,3381904705460486403
17183,test,16719387460633368492
17184,train,12804982685991083522
17185,train,9514339860811667240
17186,train,10150792524739212112
17187,train,8169824339581726299
17188,validation,14678330308774374985
17189,train,6208979590039250357
17190,train,3836662411787531270
17191,train,9819770107159496097
17192,train,999798280177048008
17193,validation,6938141208753974530
17194,train,9935783767507038284
17195,train,15501491834986277585
17196,calibration,16001976252626766744
17197,calibration,4095498294385940737
17198,train,1564334698325651689
17199,train,3073958130017595292
17200,test,6615137187415404715
17201,test,8574197913218008718
17202,train,11937834606401258701
17203,test,594193021787646186
17204,validation,15934490958249087153
17205,train,2758328308090941677
17206,test,5617370911667645784
17207,train,11783110020656481373
17208,train,7455933997599545497
17209,test,325230352126563743
17210,train,11860697620493670791
17211,train,15600985204712195299
17212,train,13575918465076997892
17213,test,17237691142023544226
17214,train,9339046641308658973
17215,train,869282623989744466
17216,train,11205223244667220372
17217,train,3521370518822460112
17218,train,15757232018130711508
17219,train,10284055995545037244
17220,calibration,3735838557897716564
17221,train,16183589676695821566
17222,train,12275565655514168761
17223,validation,13279091045752713400
17224,train,7366246542565396391
17225,train,6122983773935650202
17226,train,6957680520624079885
17227,train,11270476379068604727
17228,train,12483677395046647908
17229,train,6744084869369175102
17230,train,11422455604449558279
17231,test,66866246218840672
17232,test,14478344319915584967
17233,test,4701643220745957489
17234,train,16052177568462123972
17235,test,13888296448635406483
17236,train,9745576210572205050
17237,train,968645776382416008
17238,train,4196631560857089833
17239,train,17552963997239549319
17240,calibration,8941841644259395895
17241,train,12026294548139712045
17242,validation,15183772989004290898
17243,train,1175326616301007362
17244,test,7749771645230582751
17245,train,11382005696015556641
17246,train,4068136414543000064
17247,train,4000320016634887536
17248,train,16585415158658177717
17249,train,11744983257486862732
17250,train,6532842358413882091
17251,test,14197469945796932638
17252,test,1934388901591937414
17253,calibration,9167080437060495746
17254,train,6594215892913515566
17255,test,13497033894707588858
17256,train,6802812609103381073
17257,test,3226697167890218439
17258,train,84059685417864320
17259,train,8379968470667041705
17260,train,10686627805646991072
17261,train,2551417984578342015
17262,train,15134015080055791542
17263,train,8484644906546277657
17264,validation,7333678395437636598
17265,test,4303038286385694212
17266,test,7630577240314577257
17267,train,12758014014364055218
17268,train,9793890995485635544
17269,train,5937483497886271882
17270,train,12909354958556866267
17271,train,10389942527289756587
17272,calibration,4843280267328954020
17273,validation,18014159981934872647
17274,calibration,16978729582891699239
17275,train,6731836454591926305
17276,train,7238248998537375397
17277,test,10698651703356031077
17278,train,8963753178346679959
17279,calibration,3340951347704795508
17280,train,11371463005791588453
17281,train,6453612241540600286
17282,calibration,6395525980449150127
17283,test,3676624043838465002
17284,train,1689529353600696781
17285,train,1044637239218559171
17286,train,3549444102370203946
17287,train,3853095544890905463
17288,train,5529204793319520398
17289,train,15164067560894230428
17290,test,1377048339195512601
17291,train,11890400847186003213
17292,test,4599045372385938421
17293,train,5965634747821955333
17294,train,4554486509370626876
17295,calibration,12782856219464949620
17296,train,10245280458440920964
17297,train,14583933181755950136
17298,train,8343599412774722221
17299,train,2030044062033162949
17300,train,15464098643493785215
17301,validation,14239089083980425991
17302,test,11261174057708827507
17303,validation,17471502047747564206
17304,test,7332323191793426165
17305,validation,15367232116456579909
17306,train,14954189438231647092
17307,calibration,1906420485942408854
17308,train,10577200908846719255
17309,test,2603234402585304653
17310,train,4073251852845538171
17311,train,11059446150929257705
17312,test,5327949548969665893
17313,calibration,6914701146578689286
17314,train,2224818165971184500
17315,train,15437000147489805052
17316,train,14229067406906306682
17317,train,7189374958037871423
17318,train,970569514041620095
17319,train,5540727661806820724
17320,train,7588741232423329125
17321,train,3192661833235729356
17322,train,16737217095481245888
17323,test,3918033910425272395
17324,train,10657821850830011300
17325,validation,9189647058699052321
17326,train,14422009547015269079
17327,calibration,9705252336047773160
17328,test,10759182301014608235
17329,train,3125562044973570566
17330,train,16595554124133353726
17331,validation,11429653427072206741
17332,test,8768921868054590254
17333,train,12404941555577184018
17334,calibration,13356576008219850597
17335,calibration,11978017289096696640
17336,test,7793427035137449886
17337,train,9927459700671682709
17338,train,10009429331163497984
17339,test,1835463837743331081
17340,train,17613686537863460325
17341,train,17117704535620905678
17342,train,7959653160014421068
17343,train,10378765361512679114
17344,validation,14028365123053397465
17345,train,3030737364776473887
17346,train,3331597314085625491
17347,test,2034912602431046343
17348,train,25538134010550373
17349,train,4053179064535172632
17350,train,9310017780888782778
17351,train,10000157089602416178
17352,train,5022432311519138980
17353,train,5323719020209409872
17354,validation,13185399374707694814
17355,train,709939060458821075
17356,train,7728943242243732800
17357,train,150006460358172161
17358,train,17950103778840441151
17359,train,9734271278309380745
17360,test,15940911035359914613
17361,train,5131807843120813968
17362,train,17200571538706477790
17363,test,4816329050469321009
17364,train,2186776080179652713
17365,calibration,5719363324887540927
17366,train,1017308477698287512
17367,train,13781478104038575298
17368,train,16532825646232697437
17369,train,12299091247663697224
17370,test,8193637923560925782
17371,train,14650522500973212599
17372,train,3965126509257831414
17373,calibration,3707018331392422880
17374,train,3214277452877409293
17375,calibration,9331383016589565869
17376,validation,4768229560808567224
17377,test,9444250291081128946
17378,train,14752065934173110798
17379,train,77193889254788677
17380,train,9265011979963104261
17381,train,4843622826176960899
17382,calibration,10450392887293217374
17383,train,350925624638946927
17384,train,2778315022125773192
17385,test,17676624564392833452
17386,train,1213377935352926531
17387,train,17108588633307760958
17388,train,2512141394156862569
17389,test,10923051078062670278
17390,train,2868819913285040060
17391,train,16817255156183924610
17392,train,10765274202924137424
17393,train,10863693675165751827
17394,train,7890814289651562313
17395,test,3931821135272921276
17396,train,10659578981060217689
17397,test,7775479953529307160
17398,train,15895295638925080567
17399,test,5949920513881787667
17400,train,1995803366175366124
17401,calibration,6191006623317814200
17402,train,4499089156235865782
17403,train,4418971072583372092
17404,test,11563731595828598636
17405,train,17242087487173847067
17406,test,11034853708370981974
17407,train,6306461568106453395
17408,train,12218259246561003480
17409,calibration,3720965414946756584
17410,calibration,14997613599803666697
17411,train,9676008224849255709
17412,test,10797147875153543765
17413,train,15608167745097609775
17414,test,13571248883425314840
17415,validation,14590172306642969581
17416,test,9401448525657223598
17417,calibration,5229978925562876381
17418,train,1790131978023620517
17419,train,17495792618466435913
17420,train,787219763755799726
17421,test,13429431754109006857
17422,test,11378594646863825229
17423,train,4784672312885400354
17424,calibration,6147229734372550043
17425,train,1113016171355779731
17426,train,4405876374174979358
17427,train,8308044663995541752
17428,calibration,15331774022432159377
17429,test,1132588917082649405
17430,test,6016929684734666021
17431,train,16817255156183924610
17432,test,5956574413877914522
17433,test,2321130681238219866
17434,calibration,14019284257404749622
17435,test,783124052513994529
17436,test,9337013284855787967
17437,train,1084193566473541931
17438,train,16372395707490471092
17439,train,2930628952767166308
17440,train,10082339523636682756
17441,train,6956971659286715425
17442,train,12186038537299154448
17443,validation,7101331913347120766
17444,train,7632915084682499441
17445,train,12213153902966905835
17446,train,8208485724681864067
17447,train,9585864593724406674
17448,train,14185682947768062727
17449,test,4342275054220257072
17450,train,640858554100391606
17451,test,4453175938109935800
17452,train,3512081519699923841
17453,calibration,5621585301559904998
17454,train,3073383593920372902
17455,test,7506431403744248615
17456,calibration,3867702187266617333
17457,calibration,16702353100543413839
17458,train,16306780865099660918
17459,train,15427830219966980375
17460,train,5435474526302434663
17461,train,1313414668912142235
17462,test,17819176987612246213
17463,train,264945382413550712
17464,train,10470566383421498518
17465,calibration,5769546571321575031
17466,train,493960574318267100
17467,train,3840681356690892998
17468,train,11493676306137149139
17469,train,53238628418312890
17470,train,15724579929427316231
17471,test,12131524494312616402
17472,train,9128499457406610717
17473,train,9428030349720379886
17474,train,8259357420637005015
17475,test,12321428663043747264
17476,train,1799539030162526950
17477,test,16155029786022854590
17478,calibration,17752360029328166618
17479,calibration,9724323105931952382
17480,train,2445351582443666575
17481,calibration,6434745895335624251
17482,validation,4353911459077695759
17483,train,16926934412259592233
17484,calibration,1111504530924984647
17485,train,1889469404014212377
17486,train,2662535474209285011
17487,calibration,12646652847697390464
17488,calibration,2342818143826712611
17489,test,5378269824776283672
17490,train,5291419586137623946
17491,test,17657633859572379651
17492,train,8077327461480112331
17493,train,12511766809655311146
17494,validation,6563183307791053876
17495,validation,16896391016343953170
17496,validation,7304251518265869218
17497,test,11706428652216218340
17498,test,6816421063335735068
17499,train,9382766518217755700
17500,train,10398279772294377939
17501,train,1340542399309523730
17502,calibration,1987400040359432745
17503,train,3992833711656473590
17504,train,14486427875703706866
17505,calibration,11575635700551148291
17506,train,11290971480459595629
17507,validation,9526393103051380901
17508,test,3459510893107318678
17509,train,4956715732538724837
17510,train,9276869499329731515
17511,train,7211810475803120337
17512,train,15551570541612346732
17513,test,5176985157859219136
17514,train,4977543906459690973
17515,train,285670702241669046
17516,train,10860949455381687689
17517,train,2034796126477430669
17518,train,16832215880165672569
17519,train,15648992234575961536
17520,train,13076720270857563906
17521,train,4126529822072789159
17522,train,15636593159826950955
17523,validation,1077893006786358683
17524,train,8171081156093444454
17525,validation,14194016345249498172
17526,validation,986663079904464687
17527,train,1729521385652265334
17528,test,6173463284908637913
17529,train,1233132757544338524
17530,train,15463153725788886956
17531,test,15873923993611154462
17532,test,4697487931915479592
17533,train,9244757484660892259
17534,test,3723496574891979852
17535,train,16723600148375557132
17536,train,10425221807724072878
17537,calibration,8513851433557149801
17538,train,14178070791819815487
17539,train,13914594679453416202
17540,train,2894443331338109536
17541,validation,10605394975424549597
17542,train,9111463250546885602
17543,test,17961171360388167957
17544,train,9523578062360591170
17545,train,4882736239904166040
17546,test,2476225530107712476
17547,train,13314968591502239011
17548,test,5224559841469026325
17549,train,12513418528595646731
17550,train,8861979274791177901
17551,train,2346018208995478252
17552,train,1044637239218559171
17553,train,4609784468908334139
17554,train,5287452655603117839
17555,test,2093778313871821337
17556,calibration,4529782944552399683
17557,train,13529964794720778304
17558,train,5840594574736816024
17559,calibration,8797746785006195871
17560,train,2847936490447005572
17561,validation,889052783659955047
17562,train,10107722023000716382
17563,test,14374951654270695939
17564,test,18296656258915859575
17565,train,8094361281335447063
17566,train,10086368461725469383
17567,train,15986315110938488915
17568,calibration,3616518677975644868
17569,calibration,16030602641390568463
17570,test,12070934919662140281
17571,train,449536543771880632
17572,train,7673333925733980310
17573,test,14998123066249800049
17574,test,13057548673069157414
17575,test,6535908577607229179
17576,train,11436535105774373510
17577,train,1275462246211616061
17578,calibration,6315474151326538384
17579,train,4407080345396882293
17580,test,7202238293601640826
17581,train,11716164690758869251
17582,train,1236503025081338166
17583,train,12229067673397825557
17584,train,7122409596857744859
17585,train,17177166714744262090
17586,validation,18243314666088178834
17587,train,7251370697834588501
17588,train,17977071092700036440
17589,train,17334383124060025448
17590,test,14869880837702980506
17591,train,9849666849852409597
17592,train,17637961584329333219
17593,test,8187607436887642766
17594,train,8477663389030245720
17595,test,16210962658404387934
17596,train,15949443806065260985
17597,train,2782964165309306150
17598,train,13147821951867047965
17599,train,14005983659766098874
17600,train,4325005698931352451
17601,train,14967417697305395725
17602,validation,3753488349175628595
17603,validation,16503611993902927621
17604,test,16347468708323011648
17605,validation,10391783030376965215
17606,train,7354395233338514692
17607,train,13484793087639077752
17608,test,10228570574769158188
17609,train,14470730318165967099
17610,test,12062110957371375802
17611,train,2596167124083517956
17612,validation,9290935305029934395
17613,train,9313019692863376586
17614,train,15944663468291590981
17615,train,12227016540395340664
17616,validation,13017359155836539944
17617,test,2258083730925369396
17618,train,8337551004780927185
17619,train,10003262220730167478
17620,calibration,7292329798094769517
17621,train,15517866544304570564
17622,train,14957365894924548711
17623,train,9400676603398368260
17624,train,9402231353488648989
17625,train,9893804684564866953
17626,train,6595179349891500267
17627,train,5871763224399505070
17628,train,2379963225727715745
17629,calibration,12609348058233811693
17630,train,8329305448820266630
17631,calibration,5192935598526705935
17632,train,13909457522288569268
17633,train,16263322945799426774
17634,train,10210990841107872239
17635,test,16584184641124024030
17636,train,186273002469133079
17637,train,4085263079002592868
17638,train,2218316964021482308
17639,train,1382715470401452640
17640,validation,5198649936524852460
17641,train,13628081546061716442
17642,calibration,4155632026398277780
17643,test,13998246658514976680
17644,test,13124257473841201626
17645,train,8004336728415783128
17646,test,1143867500948183246
17647,test,16233358816916739533
17648,train,1044637239218559171
17649,train,10847230377172107261
17650,test,11226068219263207559
17651,test,4209066998380871634
17652,train,15935102371672841022
17653,test,4426134797039038306
17654,train,1132878584852000883
17655,calibration,6524937329140214189
17656,calibration,2110982356528862004
17657,test,3621079284394097648
17658,train,17775669013911356227
17659,train,1077030711863265255
17660,train,2232253411374482306
17661,test,16822236518503656071
17662,train,253240113384733959
17663,test,6498142523772049668
17664,train,15793157682745644174
17665,train,12125988220397925138
17666,calibration,8322822195070047402
17667,train,7153225445204318127
17668,train,13122361445724533179
17669,validation,16214010965893744445
17670,train,2170352520172559766
17671,train,15368293178005615270
17672,train,4709027101265100333
17673,test,6832633657357516770
17674,validation,14732539713939049391
17675,test,1090772351427543385
17676,train,5428958812430137052
17677,train,8225183664451214726
17678,test,8801551504755287188
17679,test,4449586009787497495
17680,train,7888893949203264775
17681,train,12972667999395143380
17682,test,18163331784085175246
17683,train,3962920501053254745
17684,train,3177357417577911472
17685,train,7839211200502971810
17686,train,3628164164944952591
17687,validation,2099504729616874073
17688,train,15333578538149068544
17689,train,1448976243492574768
17690,calibration,5408399170667805510
17691,train,5211057593763903225
17692,train,13360211763157594773
17693,train,15064100852712890949
17694,train,11230385108862914534
17695,validation,17872853647851215305
17696,calibration,3786750180781951096
17697,test,15276984247700565299
17698,train,9736662711754814677
17699,train,4758973065558337019
17700,validation,16615941024832909005
17701,calibration,14471285486953960238
17702,test,3616752220246608037
17703,test,17600319289318412841
17704,train,16026071293781937509
17705,test,2901445289267716668
17706,train,7264741503684506558
17707,train,13261363206803216294
17708,train,1697496177039784506
17709,train,8489135782572519452
17710,validation,10424034903676524773
17711,train,9470239907447669066
17712,train,9850071144505327025
17713,train,7742856636983887820
17714,train,9173492693162183008
17715,train,17449743672586259625
17716,test,1062448872949658536
17717,test,260969866080627734
17718,test,11313502839879912044
17719,test,10541484279478010895
17720,train,13475014784777197221
17721,train,7040413089463266685
17722,train,5770673678162738220
17723,calibration,3808208899049739516
17724,test,2547864837979093927
17725,train,9214903371052456817
17726,train,10237464270338249413
17727,train,4528660554024603620
17728,train,14169367545056897222
17729,train,1318866804750607464
17730,train,13437572609346995303
17731,test,1713000809585924611
17732,train,8350113668367187492
17733,test,7182189043968051266
17734,calibration,15191375536764325794
17735,train,6345656469490731999
17736,train,11293889625288712661
17737,train,2170105790020230762
17738,calibration,4854779446725206456
17739,train,5172788225408234145
17740,train,10622841511546887242
17741,train,12848092841631377813
17742,validation,3991396314488176474
17743,validation,10833066760871914087
17744,train,16451718528246209486
17745,train,3025767599424168883
17746,train,4550630435495795134
17747,validation,12067255748917558481
17748,train,6795418153695332371
17749,test,13109975580618170623
17750,train,14752122843385730348
17751,test,2562241218757802027
17752,calibration,12511453893829529800
17753,train,9213221399702529177
17754,calibration,13903853706144857804
17755,train,13260756666842093514
17756,train,6227014576546074550
17757,calibration,8941841644259395895
17758,test,13341658582591179804
17759,train,17372252967854143839
17760,calibration,1063566641043749072
17761,train,1419262381645290495
17762,validation,18297401275670972620
17763,train,18236810143946928333
17764,test,17136810018174561559
17765,train,11738241978624400855
17766,train,1352471285988698272
17767,train,7622195592356127443
17768,validation,7592784346711486185
17769,train,15064100852712890949
17770,test,10018841650267636497
17771,train,17334009132132473874
17772,test,6038331715262789985
17773,train,11004147347311374369
17774,test,3461725422599923993
17775,train,3374544976729510004
17776,validation,10893418957308177065
17777,train,8174824636185215795
17778,validation,4423527772657600253
17779,test,3751568456518151343
17780,train,16524350107746851988
17781,validation,13178086924285271878
17782,train,7489105272030224169
17783,train,7885170333076897662
17784,train,6323428168267281931
17785,test,16312950572227104762
17786,train,3347284088418388489
17787,validation,7433250212278415637
17788,validation,310559368954091461
17789,train,2850754898851441919
17790,train,11075992558146070819
17791,train,6804560392737908260
17792,validation,9639293098240476794
17793,test,4675558183478737353
17794,train,14388751461805594296
17795,train,14604278816450848293
17796,test,5249184307274006590
17797,train,3322995280131008402
17798,validation,6194065062899510266
17799,train,17339898620953935724
17800,test,8027914352056631905
17801,train,7835348361169964944
17802,train,17937022043333034680
17803,train,16244481050711940934
17804,validation,13049363472765100584
17805,calibration,12991070697772851048
17806,test,17624292239155363060
17807,train,8139819090282087114
17808,train,13546278863379026147
17809,test,15639435327413265979
17810,test,4933476985685903403
17811,test,3856783050734395220
17812,train,8347324707049239984
17813,test,9857687008598435222
17814,test,11388912573325614323
17815,calibration,7713544021623054465
17816,test,10349148440832121331
17817,train,9314152104682959755
17818,train,16033004456965001503
17819,validation,15067501180286473704
17820,validation,11246317456486447298
17821,train,15226441731846930172
17822,test,6771460986886569015
17823,test,710389692335493023
17824,train,1916499457195980064
17825,train,6047972593167097267
17826,train,5213720503244265485
17827,train,1637958631620356749
17828,test,10881848827431688542
17829,train,1342751267392384265
17830,calibration,8967107826764326965
17831,train,13602466604324274740
17832,test,2371151528627174321
17833,train,1523144054987194569
17834,train,15931987096536074285
17835,train,16812653501837168153
17836,test,4987603622475222256
17837,train,16932379167844061324
17838,validation,16010453152417009109
17839,train,1335783125432541768
17840,train,2793136275077032121
17841,train,16836717661229610289
17842,test,2140345924627660622
17843,train,11661889032366407152
17844,train,10498512851078771581
17845,train,6235258402384633388
17846,train,17485664134740233432
17847,test,6941189672697585684
17848,train,1752785617361524078
17849,train,11974680573093074242
17850,train,17656200431826803978
17851,train,8256205072631384402
17852,calibration,16367325874076249547
17853,train,14993360161283981919
17854,train,6063489171583670997
17855,validation,6325951001160977580
17856,train,12072778457680867147
17857,test,16908775475891821686
17858,train,8449926613247567857
17859,calibration,16402009522286941748
17860,validation,11526226614899613256
17861,test,17926482202712989198
17862,train,17787092926507108092
17863,train,16306964203775083776
17864,train,14668600159548081961
17865,calibration,12602914852008646296
17866,test,5722477463131996729
17867,test,1846623044566750829
17868,validation,13559450366928775292
17869,train,4075147134018084704
17870,validation,17546474803117223425
17871,calibration,8206133755892480514
17872,test,16948934619716755478
17873,test,11359840871846751723
17874,test,2030355904889833265
17875,train,10935298691568437543
17876,train,8703104348358717898
17877,test,7932738067185743463
17878,train,8762006510401898617
17879,train,76607870951377717
17880,train,16451718528246209486
17881,validation,8668794654745858321
17882,test,17755031995912182552
17883,calibration,5187513086380777832
17884,train,7544396983830211190
17885,train,1145968087151222723
17886,test,16018998075949634678
17887,train,15995859310575451674
17888,train,16802979139267777093
17889,train,5047348121992645619
17890,calibration,18091849563652477062
17891,train,6513671710343708426
17892,validation,7920866975885474585
17893,calibration,10793552558774313
17894,train,8116776408721239360
17895,train,1298111815456307633
17896,train,8382941849691297276
17897,train,13236075156173411108
17898,train,10695068256053831533
17899,train,5779953500233068899
17900,train,16100150074381674200
17901,train,18150230116975039083
17902,train,8836054686417230220
17903,train,11613331454812367714
17904,train,6217600496378130852
17905,train,5149264321883719168
17906,calibration,12857927401243250467
17907,train,4759797717121085644
17908,train,13582154244446603058
17909,test,14094468441333421123
17910,test,1254885359811419336
17911,train,8711764763603993210
17912,calibration,15080945223368606111
17913,train,7362017409620829985
17914,calibration,5830295721122481604
17915,train,11433061132450063089
17916,train,9406565765326826493
17917,train,6333973020444130504
17918,calibration,3642788666846835159
17919,calibration,2550859983987955923
17920,train,1731518548021405256
17921,train,9677499618245701179
17922,train,13621941833116269707
17923,train,5227826019711002655
17924,train,4241314741133884785
17925,train,15433402854137536623
17926,train,4284258303539298072
17927,test,15639435327413265979
17928,train,11561575896700893105
17929,calibration,13099420472219834516
17930,test,4184325799441294915
17931,test,1886123370487472566
17932,train,3665916022984477127
17933,train,13985984671421983814
17934,train,18383070373072857244
17935,train,12194271382815190750
17936,train,3808901641422033738
17937,train,13857611239930222565
17938,train,16313013714271225957
17939,test,6566556705333495354
17940,test,1053900895931798520
17941,test,11363625368817616337
17942,calibration,10914614388190887644
17943,test,11228190862270024718
17944,test,13330583034171056646
17945,train,14483374525270230517
17946,test,293102547095247807
17947,train,1883361362643529053
17948,validation,15791913389797760819
17949,train,2731782836482380088
17950,train,8063203478108428066
17951,train,6785902304195759027
17952,calibration,11376645113473442663
17953,train,16531868965598827153
17954,train,13628081546061716442
17955,test,2053073463674291190
17956,train,4702073121601481451
17957,calibration,6865577570615995249
17958,validation,15911335593472041099
17959,train,18341231096270274031
17960,train,2137844804552522538
17961,test,6330312987769649649
17962,train,17657520776268340494
17963,train,13276721686604236839
17964,train,744507327615382728
17965,train,15791317584366357862
17966,train,833948840496248317
17967,calibration,15495970736862050661
17968,test,12367223923767808758
17969,train,9808630070438304303
17970,train,8600879469313206136
17971,test,18263204472231988372
17972,train,1711578509561145821
17973,calibration,379523458709274006
17974,train,8703864546249191124
17975,validation,12835362555202635246
17976,train,17470274634095387313
17977,test,4313335662716963324
17978,train,3325588672531364174
17979,train,8192040045664315537
17980,test,13155999202334659148
17981,calibration,1274836085446285566
17982,calibration,3229057330412223751
17983,train,3909016999004200477
17984,test,11818089484324510539
17985,train,8153690604733183616
17986,train,5926545653903501295
17987,train,12452664199066020831
17988,calibration,5848865574252190992
17989,calibration,9130359764296366015
17990,train,6215762933152225442
17991,train,9209396654069673963
17992,train,17249026498552288833
17993,train,6181051833925062344
17994,calibration,10883373914828246017
17995,train,17219408019243418476
17996,train,6086172832859016895
17997,train,15637554762056996901
17998,calibration,6222745508684280673
17999,test,17546716144939513582
18000,train,7081843108954364675
18001,test,14350171760575203352
18002,train,7739394286308226141
18003,train,14692764065836742235
18004,train,10508292529321620991
18005,train,11856083966985658567
18006,train,1450313589501417991
18007,test,17935125961807885778
18008,train,6105224972671212357
18009,train,16055857118730534699
18010,calibration,5466472777844214696
18011,train,13739141817836529081
18012,train,1786792085512596879
18013,train,4530574047526938593
18014,test,6460037498566767064
18015,validation,14360813133274910820
18016,test,9177350200989145842
18017,calibration,8958145791593837330
18018,train,1007200251707079875
18019,train,1711578509561145821
18020,train,14198982319902518859
18021,test,4507675215284160210
18022,train,17818650268328889358
18023,test,2802550056089624720
18024,train,12080190213539601616
18025,train,6484511561695319646
18026,test,17556608104342447605
18027,train,18329450746896892989
18028,calibration,1141044101523152498
18029,train,18034538734052970778
18030,test,3827617569768922393
18031,train,16326410610007609231
18032,train,8659761123522896853
18033,calibration,10945882040130359051
18034,train,5243228493815235817
18035,test,13032240627386307954
18036,train,2039206775665702748
18037,calibration,8490368556883826392
18038,train,9156200910176889482
18039,train,1752704393476549186
18040,calibration,6198786959173522116
18041,train,14398148583575639662
18042,train,15976801989766511009
18043,train,720479228126885364
18044,train,5850191108671209211
18045,validation,13889178320412583250
18046,calibration,18103703853421286707
18047,train,1367448896089071211
18048,train,14306232614671183605
18049,test,16203341115329991840
18050,test,17981417821510224221
18051,train,16158627127458856316
18052,test,11420458560091192162
18053,train,16669541666536898913
18054,train,16838372423821721180
18055,calibration,9681641761063539026
18056,train,11871257337712984084
18057,train,654207669020487282
18058,train,15653298315944649272
18059,train,8241194746566771114
18060,train,3131782803849394360
18061,train,1437614377943074376
18062,test,4169831823112466622
18063,train,5900509389260194187
18064,train,5943096222167962200
18065,test,1262780501770985106
18066,train,9678769497390183099
18067,test,4235693510307559590
18068,train,16009545068879223028
18069,train,14081200958115979949
18070,train,3857800465727525673
18071,calibration,10462793746800141115
18072,calibration,14846825879584866218
18073,test,6067774476695210630
18074,calibration,8351710949977747090
18075,train,9853338597920888123
18076,train,17675148838610374130
18077,train,4374512611283315747
18078,train,9831945175796279946
18079,train,12776254774612446905
18080,test,15154343631959226719
18081,test,11306382953165213904
18082,train,12621569755914176591
18083,validation,13033185216696888060
18084,train,10690882994373268499
18085,train,12213153902966905835
18086,train,13755562389680938350
18087,train,9817228272389567096
18088,test,4413744907878303262
18089,train,18223067019298142802
18090,train,1736795065798766628
18091,calibration,1246327168713319975
18092,test,14959240366143700779
18093,train,6014736428641079877
18094,train,12572616410446203072
18095,test,1260050492742501462
18096,train,1085168695585186573
18097,train,6252686287428445585
18098,validation,13721605582089810185
18099,train,17441008675592246832
18100,train,15012280201470271879
18101,validation,5003849161075460909
18102,validation,10287670325664589023
18103,train,16856739383616335626
18104,test,16303526114117293317
18105,validation,15328569060994073429
18106,train,6504754483255701743
18107,train,12549503855834301646
18108,train,11104962304201030575
18109,test,9192907732858841223
18110,validation,1704694030446849841
18111,train,10042693803855684932
18112,test,4430784770490511697
18113,validation,14858160725865813102
18114,train,322317004438652288
18115,train,2142448099615553439
18116,train,15306432857721794298
18117,train,3772188886813443370
18118,train,1813257873386477170
18119,train,8175744349035164891
18120,test,16236738890192481344
18121,test,4678207360111156085
18122,train,10583757803457638410
18123,train,16257291913543129347
18124,validation,7759940700306182072
18125,test,2440596389843875985
18126,train,16831139339810099095
18127,train,5321348355405586430
18128,train,1706407313583531249
18129,validation,7367442869314054766
18130,train,17008921113452555837
18131,train,14218431112043974533
18132,test,12883472889548048849
18133,calibration,5849160565074619282
18134,test,18393242078999070378
18135,test,7862875702091156144
18136,test,15639435327413265979
18137,test,18432062578624334742
18138,train,3873777346832880304
18139,train,14680931188012825661
18140,train,4102360610355291683
18141,test,3061207409226015465
18142,calibration,14206792826869728607
18143,train,4733537274360844081
18144,train,9674764530093941021
18145,train,8471360372654120770
18146,train,11013045382195188770
18147,train,349204751659006428
18148,test,8385384265036780067
18149,train,13461457260863984668
18150,train,12742018322902131087
18151,train,2585793035671744879
18152,train,14221864831232482244
18153,validation,2065108745271826975
18154,validation,12755286510561503469
18155,train,3876457732061413181
18156,train,7156244412636445019
18157,test,8060437362962701116
18158,train,8876238461536088103
18159,validation,17471918246583712761
18160,calibration,16530267407864281949
18161,train,16283179892476341903
18162,train,8009430689865553345
18163,train,11938698302577069198
18164,calibration,14506691858225039070
18165,train,967650536044858945
18166,calibration,8658405186195336011
18167,train,9020878742899046110
18168,train,13340358392207081723
18169,train,8581384549093087393
18170,test,16230019946788158257
18171,calibration,10107420132409433805
18172,calibration,17235022808437521671
18173,train,5001295536249855203
18174,calibration,11996092406001339614
18175,test,14246116128411471337
18176,train,9681034555145930799
18177,train,17598588686646650278
18178,train,7740400450165717662
18179,validation,17724469358163195397
18180,train,11020486927570948275
18181,test,16435042539912149535
18182,train,6492813474355952644
18183,validation,517296280003708617
18184,train,8200962442172077658
18185,calibration,15740175825683023580
18186,train,8297497223009894378
18187,train,10638878157983928194
18188,train,4812619287488496812
18189,calibration,13086197573059494475
18190,test,11043936870357656249
18191,train,9153492620590508152
18192,train,11596099475493647588
18193,validation,6502942713938220780
18194,train,10661774584748838505
18195,train,1733153612521872669
18196,test,12737478486436993413
18197,test,12397510352309313508
18198,train,3772218063072683169
18199,test,17042327878974123190
18200,train,11790760908115250382
18201,test,12432958001697886813
18202,train,12364393134840943731
18203,train,9424633822633916952
18204,calibration,5562950809707937722
18205,test,16990455081100029008
18206,train,3696824851063349971
18207,train,11422917582742893371
18208,test,6752857686696860259
18209,train,18112372620557820386
18210,train,2550672878670109614
18211,train,6541393480223677135
18212,train,5278556010442471450
18213,validation,5684480833912948164
18214,train,15861410023284402115
18215,test,4178089947886882398
18216,test,11891249918061103046
18217,train,3491896729912000418
18218,test,2280250603364476832
18219,test,9066868128247305904
18220,train,5258501759400725343
18221,train,11604457210613133446
18222,test,79990392343808722
18223,train,7357890202164820900
18224,train,8142783079748428862
18225,train,9220044635827560075
18226,calibration,15829777764056672048
18227,train,4619032581015134555
18228,calibration,16556525351825295807
18229,train,12506875557261869815
18230,train,18280713468778279276
18231,train,453332915864135840
18232,train,13606303037958859238
18233,test,2366134728220218182
18234,train,2392461016538551508
18235,validation,10646232398597105689
18236,train,87901665197404105
18237,train,5185543243328873455
18238,test,3455105493072239303
18239,train,14719273204988195271
18240,train,15570004443261873563
18241,train,5791402811180477930
18242,train,11569366343888547429
18243,validation,16729942048221382306
18244,calibration,13453004194658324871
18245,calibration,13907991357966509929
18246,train,1982198085563109465
18247,train,98588498938764533
18248,validation,15873241321290625905
18249,test,16479230661195260420
18250,train,9072513131508405684
18251,calibration,9260119087629887252
18252,test,17286874545685662395
18253,train,16716502102711087651
18254,train,5776860615375247733
18255,test,10211029012043213879
18256,train,122826800062575998
18257,train,18267936373960103094
18258,train,4517412476707046673
18259,train,1777084601654626049
18260,train,13826079749428515036
18261,test,11723745452693899212
18262,test,2858772414922876493
18263,train,18305191668158921932
18264,train,2738140585875762903
18265,validation,7348470047104035199
18266,train,13794869445802724806
18267,validation,4320292452496356254
18268,train,474372470839547114
18269,train,1385753857227390567
18270,train,4018381026502516105
18271,train,1666298734911389131
18272,calibration,426133983387524291
18273,train,7247532598357870478
18274,test,853310796488225580
18275,train,16374787737014460788
18276,train,9595042907149561570
18277,test,3723156971893265286
18278,train,8340969798749737184
18279,validation,6712336120354570361
18280,train,12346810352872134502
18281,validation,17347547996450482582
18282,test,2659976886536031008
18283,train,17896397136990119699
18284,train,9972959292950311410
18285,train,17299184294135771800
18286,validation,7605114260922037701
18287,calibration,6852592738971782335
18288,test,3466599605262310512
18289,test,3426665677929922957
18290,train,17460803359507735851
18291,train,1423852104713049725
18292,test,16605136607545023098
18293,train,1275398850025065578
18294,train,3662593370953627257
18295,calibration,3044098539158131289
18296,train,1044637239218559171
18297,calibration,11824847267969160323
18298,train,12094110945413806943
18299,train,16221217531702575409
18300,train,2579706963598001001
18301,train,1564858155926377479
18302,train,6231587677551280353
18303,test,18256207944979749989
18304,validation,5731498764531676286
18305,train,12661203247742179724
18306,validation,6349909204518271049
18307,test,9164476737540415155
18308,train,5357866333149209102
18309,train,8394101814963957884
18310,train,13821481141475007523
18311,test,10633237232247295134
18312,validation,1900686568181294133
18313,test,12964189622982934202
18314,train,467799618596608796
18315,train,13397921208517544730
18316,train,9313560287679142771
18317,train,8471011380115509294
18318,train,901274088109596386
18319,train,15179133365988478774
18320,train,17006608504133943444
18321,test,5670790839938579803
18322,train,7361593154266129847
18323,train,4064818616327573678
18324,train,8661817299306789431
18325,test,1983593941769531123
18326,train,16817255156183924610
18327,train,12059247015962200327
18328,train,2123019856292472271
18329,calibration,759530135178749137
18330,train,6359031419203125553
18331,validation,12420127418947329101
18332,train,10470542290357633536
18333,train,985141867818165833
18334,calibration,12354642183698075157
18335,test,997298757510155402
18336,train,12525669528805885871
18337,calibration,15801026008086457003
18338,train,10839179075204256516
18339,validation,12640504233287527984
18340,test,4709753587893228930
18341,train,18270122004615038353
18342,calibration,11535656397993464424
18343,test,17263037156475417151
18344,train,302001321094899148
18345,train,7745125079112085246
18346,train,17281631116293382216
18347,train,15816921020089357217
18348,test,8010141172766224170
18349,train,7357318448347680707
18350,validation,17879614982805278314
18351,train,14864232396904866048
18352,test,7831526282585981698
18353,train,7302879146315538253
18354,test,18394627899801982103
18355,train,17776581336191722154
18356,train,6253140274979251283
18357,test,4890453953784657169
18358,test,13109676219932644070
18359,train,6986302835937689830
18360,calibration,14239197846702227550
18361,test,740702195815770737
18362,test,13552863565903195194
18363,train,13979735957185180552
18364,train,8606288739746806219
18365,train,12335787357846028425
18366,train,9787686243008563482
18367,train,11792572084640504780
18368,train,7588703623654323404
18369,train,17203935832412739503
18370,test,251217390284708136
18371,train,4111841201771910528
18372,test,12383315977193208019
18373,train,728848568591407965
18374,train,7060522402996161197
18375,validation,6375472242047245340
18376,train,14845920186541657611
18377,train,1584324068977978585
18378,test,4243331502949872466
18379,train,13802960785062900101
18380,calibration,12350653671892725970
18381,train,377554701451033634
18382,train,1172095338296058860
18383,train,7471949586532847129
18384,train,3491230309725748136
18385,train,7013117508370925530
18386,train,9931910992825307621
18387,train,1772377245027751904
18388,test,8921307905511610222
18389,test,9203036834307259964
18390,validation,17158417893065103194
18391,test,16891444832084474808
18392,train,10394520407480255141
18393,train,12288963410900494716
18394,train,11232191605832868351
18395,test,2305265211517213400
18396,train,772630500031153274
18397,train,5210333796600467885
18398,train,18354442654681083053
18399,train,652869494357278043
18400,train,8276794544164147840
18401,train,11588967666143236434
18402,train,11454379102105671956
18403,train,17932242400596635559
18404,train,8715162306436487724
18405,train,7776807741845829996
18406,train,7748264753407184365
18407,test,12071016436418712272
18408,train,8544314899583182019
18409,train,15178071248395435157
18410,calibration,15017984392178735562
18411,train,15789304608591897818
18412,train,4577226251642998809
18413,train,15470717508224726944
18414,train,12098485244989726439
18415,test,4656871187859122988
18416,test,15121105694503649177
18417,train,6189584905908453728
18418,train,16482422386601843286
18419,train,13480430101978289
18420,validation,11052965011068468707
18421,train,17693406701168402316
18422,test,12947460189006552972
18423,train,395758934318407062
18424,train,16270321637713717808
18425,test,12991805860675255590
18426,test,4077820573068095917
18427,test,8284530046855176844
18428,train,17624551805837898361
18429,calibration,18015587312331574316
18430,test,17688601243580475168
18431,test,2460440849013836450
18432,train,6254581635821937108
18433,train,5534860496524843134
18434,train,13055830918825084295
18435,test,7521055237179266611
18436,train,1309681557707795723
18437,train,13407565313357129154
18438,calibration,14449734781650004876
18439,validation,9392250069019721397
18440,validation,9659781471850850019
18441,train,15660853627770318955
18442,test,7282358608243349083
18443,test,4114839795202201817
18444,train,16123602073357275923
18445,calibration,4151974049289950771
18446,test,4999460830774046715
18447,train,10358652589493877269
18448,test,13578505486467195593
18449,train,17372252967854143839
18450,calibration,10306863410734695300
18451,train,11195809929043229958
18452,train,9139718717506055344
18453,test,9814872294106253808
18454,train,16108258004430962528
18455,train,13176840828491831182
18456,validation,8809867438199191428
18457,train,5347841792741132481
18458,test,11249764599724699072
18459,train,9508817709492848256
18460,validation,12486774156974736251
18461,train,15938476687993653279
18462,train,15070214323804104995
18463,train,10596586531780217288
18464,train,586295098171301225
18465,train,3144240411383673260
18466,train,8206912482161793423
18467,calibration,5844067836009217555
18468,validation,8746018948271453007
18469,train,16187797260869996123
18470,validation,12480145575775347760
18471,validation,10702015677721980190
18472,validation,10811878195520442527
18473,validation,5653418338659689544
18474,test,13191486076665322545
18475,train,2781065632201708361
18476,train,3917480204842365218
18477,train,3177302522270252070
18478,train,6784750328299359669
18479,train,13186424028467763239
18480,train,12209877412120054862
18481,train,7702023604433286293
18482,train,15062961431443843338
18483,validation,230682554996883167
18484,train,6112736004411879413
18485,train,526420712322264204
18486,test,13562603217019471691
18487,train,15800880300421158892
18488,test,15343455976431593814
18489,train,13701724159906019607
18490,train,12701480830690510098
18491,train,17047945531913658155
18492,train,4183062105075612010
18493,test,18071629171463153366
18494,train,9759423416756505208
18495,test,12921622453988588945
18496,validation,9895582870491370190
18497,calibration,8497458271056810934
18498,train,2022881673057174507
18499,train,2379361918801659963
18500,train,13167491139417877078
18501,test,379898137118693221
18502,validation,14009604034265154932
18503,train,18137539006274496836
18504,train,7227884134674488179
18505,train,15246342189637027519
18506,test,4286449061816485254
18507,train,4698000810249926710
18508,validation,3934973995305044454
18509,train,13679433705117553919
18510,train,7175597381580549933
18511,test,4884808311117765161
18512,test,9779182544943525477
18513,test,18200898410442655828
18514,train,4082695155957215256
18515,train,18082107857712893894
18516,train,7192902363390718371
18517,validation,10665555705131710007
18518,calibration,15497307736714805643
18519,train,17694925964723157020
18520,train,6673407059196638497
18521,calibration,15530345140897525858
18522,train,15319108508888383749
18523,train,10442360818943351845
18524,test,11367639586580592323
18525,train,13922233468229887445
18526,train,16167209943238378369
18527,calibration,15019063282896408557
18528,train,12906337127867473054
18529,test,18066374596800576016
18530,test,15154898875557392361
18531,calibration,13307565995930656853
18532,train,16494072857401291029
18533,train,4080318361941729296
18534,test,4048459215694161636
18535,test,14616854601796448249
18536,train,5177092252386847409
18537,validation,16635363441392643934
18538,calibration,1530679483134899939
18539,calibration,12745532552189746091
18540,test,824005372420001718
18541,train,12756278474749305200
18542,train,8174557257434180976
18543,train,6275279071689120717
18544,train,3951184169768278713
18545,train,17073416070016338783
18546,validation,10544073470398158621
18547,test,4911666164394957673
18548,train,2543938657104901278
18549,train,9541302192790718443
18550,train,15771990976572394087
18551,calibration,6892736123846009566
18552,train,10538872943185364065
18553,train,8782303045331767679
18554,train,17664704697548544109
18555,train,12078850582142069868
18556,test,8116900222578286379
18557,train,4302504905736034602
18558,train,801401550057701422
18559,train,7086960591753045211
18560,train,3405922447039809756
18561,train,7336895574795049497
18562,train,14800844106316307209
18563,train,10258268034942301980
18564,train,8943035177802971435
18565,train,6167972653348536154
18566,train,15202531132255668952
18567,train,4105395022121901863
18568,validation,14743833787823840222
18569,train,17507399577285260822
18570,validation,17418724878957361895
18571,test,1311001380778496038
18572,test,12023047481103799723
18573,train,9733187041068307538
18574,train,15044554902235280730
18575,test,6116163644138881077
18576,calibration,4923440756339636838
18577,train,1566849426368414656
18578,train,7979498823225773222
18579,train,11277887374388715325
18580,calibration,9265082941320365185
18581,test,1183953095218474851
18582,train,5203544500891744833
18583,test,16099159019963252125
18584,train,14972465158612992200
18585,train,9732195921690364339
18586,train,6244782672885931748
18587,train,3230004665132828220
18588,train,3851080097391103140
18589,train,16316442428529079184
18590,test,11247613293734871425
18591,train,6596689533188767314
18592,calibration,14796432171943178306
18593,train,11402509918141775202
18594,train,11921459420263017270
18595,train,805978364706199475
18596,train,2165584250766610868
18597,train,15242860705688975227
18598,train,14295144484550142525
18599,validation,5129668873614635133
18600,calibration,10501959402060449132
18601,test,11351733784306588211
18602,train,6646274388568103356
18603,validation,4030952888983331617
18604,train,1145112754337487670
18605,train,14156641230425323569
18606,calibration,8838049025473547284
18607,validation,13023080034528758995
18608,test,9741627245553498143
18609,test,7149855767445465898
18610,train,8625111516319910725
18611,calibration,11598540642380245897
18612,test,12027350080797093810
18613,test,1953842139227767482
18614,test,3243809009190819193
18615,train,1452195050910072184
18616,calibration,877800520350531409
18617,train,8503058342759216840
18618,train,10054473374096379683
18619,train,8538709796933362693
18620,calibration,1940429326236133878
18621,train,14887480701477666369
18622,train,5710069118630637371
18623,train,15101532321059092102
18624,test,5706363389980378597
18625,train,6367202765805487859
18626,test,6355938277196749826
18627,test,17667599371891778956
18628,train,7610194073205118023
18629,train,8029253429051522204
18630,train,6937770858872203281
18631,train,15714357507391242213
18632,test,6554992615115612317
18633,train,11153902992254610122
18634,test,17780578538307426207
18635,test,9164434751353458169
18636,validation,6715520677048908879
18637,test,17647589602920701524
18638,train,1646136266464539009
18639,train,8088067341527657020
18640,validation,16003568425524887262
18641,train,2338636708117506445
18642,train,7200124272000314378
18643,train,3543699194066814012
18644,calibration,17152641515686117065
18645,validation,10151829301843421222
18646,train,9661283110706047915
18647,train,3068530760648573292
18648,train,8872644461856048516
18649,train,9904763263892560853
18650,train,13036731265856060339
18651,train,2175286585287231363
18652,train,319372967291515951
18653,calibration,4104636005520112319
18654,validation,12515360179463123479
18655,train,14885608010398401626
18656,train,11431274596793438417
18657,test,7295271536214854795
18658,calibration,6492944946855531169
18659,train,10192928366328783296
18660,train,14569772111160372683
18661,train,2005175340424422584
18662,train,14626860186598995470
18663,test,10602564818562981469
18664,train,2784836072331725115
18665,train,15556938673225107273
18666,train,13663897256067965420
18667,train,5726121374822808493
18668,train,1068606759551715642
18669,calibration,9203403345839834701
18670,validation,13594982966359811498
18671,calibration,12433497202175868310
18672,test,11081159737727845839
18673,test,3471845683857147418
18674,test,14611655233043708182
18675,train,14694988442457498027
18676,train,4275805322478704567
18677,train,808578257209837877
18678,validation,11290652592142424467
18679,train,16320884970427716996
18680,train,4910733736355621501
18681,train,9016039368998829237
18682,train,192766143559165
18683,validation,4677520545846534857
18684,validation,13244677123201133231
18685,test,16882110142811689590
18686,train,13388898294471522004
18687,validation,7755343872038021401
18688,validation,8548273362379497974
18689,train,1329596620943303692
18690,calibration,13247848683392320368
18691,train,1835067457940463440
18692,train,11939509228899488107
18693,test,12897993062081588215
18694,train,7504651970743351690
18695,train,10968905338147611941
18696,train,15064100852712890949
18697,calibration,12160990498343961227
18698,train,3757028592997121291
18699,train,2008624533458147062
18700,validation,12712805956192669516
18701,train,11867924730329108340
18702,test,3486866001095964923
18703,test,16718095134065515187
18704,test,12384829704377766144
18705,train,13951433542325727298
18706,train,4136811608818940394
18707,test,6010561273105123068
18708,train,9335595121521239606
18709,test,4574102640317682525
18710,test,10018995601698220252
18711,calibration,2045487244383588044
18712,train,1268140667813699785
18713,train,9619527620331003387
18714,train,3765773953712030302
18715,test,11531857982924717206
18716,validation,3882982411988311316
18717,calibration,18378324605561220615
18718,train,17620991838427256021
18719,train,116983087845677869
18720,train,1831543085155318911
18721,validation,10652761555838807882
18722,train,2245640797993204521
18723,test,16961096178367298229
18724,test,1711679559613460843
18725,validation,4967901170464390688
18726,test,9794771949034790652
18727,train,11073142585987810551
18728,calibration,438126455579551702
18729,train,3368278463752198710
18730,test,6683110892813828179
18731,train,2511254175809927676
18732,train,11863632879749928094
18733,train,5901869836800406442
18734,validation,6331472855043552977
18735,train,11770635406952903137
18736,calibration,5148538574891892995
18737,train,8371212949395931207
18738,validation,13932396678479942775
18739,validation,8006084404271084898
18740,train,15064100852712890949
18741,train,15597601894427391949
18742,test,14504910789106464316
18743,train,5115881518038742870
18744,test,11467030965103417512
18745,train,3036090678944204776
18746,validation,11385290753832279784
18747,test,2885056943992647026
18748,train,17198330982984299068
18749,test,9329333058967413212
18750,validation,1207474516350425173
18751,test,15036997537113145057
18752,test,17470181659776984338
18753,train,13147158305652401786
18754,train,2671214706675154448
18755,train,12093319295558432307
18756,train,12260519101737448814
18757,calibration,3649391144045094056
18758,test,8942965541164935223
18759,train,11474342561293381888
18760,validation,5487777293086352762
18761,test,1223578340321291746
18762,train,944795859009718541
18763,test,8792938963970117399
18764,train,14103785941808691985
18765,train,3893019525615376125
18766,train,14493955784680051345
18767,test,6071819230662066108
18768,train,16057661862768505374
18769,train,1455892154232906725
18770,test,1188493872954274868
18771,train,15731248267748789214
18772,validation,123561668237769088
18773,train,10913358869700818616
18774,validation,13700863509754013991
18775,calibration,3309474021085459895
18776,validation,6572408421766559530
18777,calibration,14499593346941669711
18778,train,12213153902966905835
18779,test,11119801179103873565
18780,calibration,9634362999360813124
18781,validation,15431423446235672968
18782,test,9074351097793128465
18783,train,1379287421986708560
18784,train,17790130490774427413
18785,train,14064619440642660305
18786,train,13685338240097432863
18787,train,5251995630290059873
18788,train,5625948823470464652
18789,test,971834176859924648
18790,test,5537207577029550761
18791,train,7700908363203317492
18792,train,15960109502200649841
18793,train,5203447789901834889
18794,test,6727066850404221511
18795,train,6982160203716915690
18796,train,11589678614278621877
18797,train,14913609369985055596
18798,calibration,12591292367768264603
18799,test,2741817705610814733
18800,test,5366741950081367688
18801,validation,9643636809641518740
18802,train,5503108973311391383
18803,train,6600768190639031670
18804,train,3686183622520795521
18805,train,11613558665022138554
18806,validation,11058526192245145565
18807,test,705161092522328156
18808,test,11222007749446712159
18809,test,8100178252450785278
18810,train,5110792855109491652
18811,calibration,18383238542574083407
18812,train,15004913214846058494
18813,test,11975807448475613647
18814,calibration,2019253890413068840
18815,train,15486513160078109688
18816,validation,15963865788984576045
18817,train,6640343784550118658
18818,validation,6691106756575899128
18819,train,15949566935762664004
18820,train,13915721865425201724
18821,train,8220834399708221054
18822,test,16376180251920081287
18823,train,17139954947062633852
18824,train,4895795549659834863
18825,train,13764805275789999882
18826,calibration,5256038368149442445
18827,test,7661280487544218789
18828,calibration,5138563558174512153
18829,train,4842042007401703378
18830,train,9596239331717089980
18831,train,6546072239686231160
18832,train,13070628727141148614
18833,calibration,3242672155089794176
18834,test,1272927474575815977
18835,train,1348374256681272202
18836,train,12382263852076297390
18837,calibration,9123165997290812303
18838,train,6731640546993240343
18839,test,17415258357866668944
18840,train,9156048609395896824
18841,train,5286932433359746609
18842,train,12213153902966905835
18843,validation,6843472915411238746
18844,test,9710397710677669225
18845,train,13661928791070368880
18846,calibration,236423562498903952
18847,test,1482649787413132607
18848,train,8613541488464978271
18849,train,6168968967292188012
18850,train,2784141363903725210
18851,train,1678443062758534031
18852,test,1883225333932201826
18853,validation,2318157219315047997
18854,test,9995217262206935038
18855,train,2514068078660360207
18856,train,16037155368495702901
18857,train,14469378137665225581
18858,train,10843254857242169128
18859,train,8934063843809187241
18860,test,1096095794420277725
18861,train,14412093104163989078
18862,train,5031109623508211422
18863,train,7379754522484709463
18864,train,3365919809585973544
18865,train,13262605498676174824
18866,test,5294277819699557969
18867,test,16036268608620043363
18868,train,14193674311864475224
18869,test,12060884883079003750
18870,train,14514072072778746450
18871,train,17883600758385545669
18872,train,5784710801150036778
18873,test,486543147403287819
18874,train,14262850486961030181
18875,test,2556875913981110554
18876,calibration,13362707167840244364
18877,test,11365466101356163282
18878,validation,17457509234500459916
18879,train,5674614686840514191
18880,test,8677309858193847224
18881,train,14173418273082977929
18882,train,531847388759981779
18883,train,15788001639051803530
18884,test,6514732566900020551
18885,train,1669478663083388032
18886,train,12778293002232122027
18887,train,16132339499743628662
18888,test,10082835204562617144
18889,test,8115309439865892823
18890,test,7311587779404064795
18891,calibration,2230598880029250139
18892,train,8118150213856373548
18893,test,11599709791671451949
18894,train,15895295638925080567
18895,train,3507236641867033386
18896,train,6056895858071693932
18897,train,5478539703603218917
18898,train,5101656588955375426
18899,train,1317425434746911704
18900,train,7061252593004725921
18901,test,2795684985579147302
18902,test,15501013863792554261
18903,train,1790953519329928825
18904,calibration,17361126902541732028
18905,test,12336421915713638015
18906,test,12656892366967663525
18907,train,1357927348554770161
18908,train,17024025818524750935
18909,validation,5395897258299208734
18910,train,2988250726058991602
18911,validation,8080367713829378003
18912,train,11489528355214649704
18913,train,16496429177893677014
18914,train,10368387267891250010
18915,validation,1621340890452347537
18916,calibration,10202910634489239181
18917,train,4049254057340025074
18918,train,7709989550113799228
18919,calibration,16533841261464347890
18920,test,8737862123163031718
18921,test,3026728680017209454
18922,train,3511248139330779147
18923,calibration,9220268267608016325
18924,test,4431243371756696335
18925,train,711020942073770679
18926,train,7411146171428034704
18927,train,2789298733554984297
18928,train,2828777409807242006
18929,calibration,7442269892110442823
18930,train,3134446385072502684
18931,train,13851325988358774059
18932,train,13637956696270094364
18933,train,2033556681372135763
18934,train,11652936005545748145
18935,train,4846547035905720263
18936,validation,1596743500530531947
18937,train,18356080139058310525
18938,train,7733992406681315354
18939,train,11607948084302592522
18940,train,9285809444310713977
18941,test,13526790629396453062
18942,train,8002046278806526578
18943,train,2947230239318377464
18944,calibration,18075221271445623785
18945,validation,9252856778924466834
18946,test,10279984391034217128
18947,train,17098286899872996631
18948,test,11795078591817314798
18949,train,15467199622409464208
18950,calibration,14056735409964039618
18951,calibration,12289426525986708346
18952,train,12788986136905271696
18953,train,17114853401462010637
18954,test,4802148437987065417
18955,train,4276826984283434639
18956,train,11859379567188410259
18957,train,5825016225693862477
18958,test,4978552161110068518
18959,train,423015888510204477
18960,train,4868871660530762197
18961,train,1800876773718684068
18962,train,18287083611797805278
18963,train,3681795324477295746
18964,train,14860316567439654830
18965,train,1497021715751996356
18966,train,9451918506785386260
18967,validation,6980044116440667783
18968,train,6915871170742338047
18969,train,11612852799054306040
18970,train,9006047393710163418
18971,train,3098054873216884077
18972,train,13808527185276663975
18973,calibration,9803903861161786035
18974,train,4133085004711151070
18975,train,12468893565575718207
18976,calibration,3159108392945651507
18977,train,6985088339119003005
18978,validation,758651476433103227
18979,test,5151058441091385025
18980,validation,9037537067917455109
18981,validation,11492547410688413016
18982,test,10155341882966526290
18983,train,15064100852712890949
18984,test,17055790095279139687
18985,train,16943460540072330697
18986,train,12166975895889956038
18987,calibration,9840641200956668382
18988,train,10839392141260057060
18989,test,7911067292804533888
18990,test,16146013574559916975
18991,test,12803292562280684024
18992,train,13480437491031430653
18993,train,13199534276489633000
18994,train,12948967925462208695
18995,train,17130948888430775377
18996,train,12718021852071446746
18997,test,15870686572204757863
18998,train,13942977884654634169
18999,train,6358644624975875447
19000,train,7084668325885952910
19001,train,3495191580237820292
19002,calibration,10491424554144668809
19003,calibration,5677974286418639923
19004,train,8347639964375460464
19005,train,9268481720659886443
19006,train,9808986348182688243
19007,train,2527477353277653136
19008,validation,15709365944523169511
19009,test,3172600470776344343
19010,test,16651582871491099288
19011,train,7499379425378499130
19012,train,5023076848773536636
19013,validation,8884201866975384192
19014,test,1547191538219403744
19015,train,11272963547899809195
19016,train,15064100852712890949
19017,train,10599834549246987728
19018,train,7659769427682700363
19019,test,13581064921236067039
19020,train,12427583827068660251
19021,train,8314513648681322879
19022,train,6062787565262694659
19023,train,16850753571384684087
19024,train,4599590544931882692
19025,validation,11663286519514237037
19026,test,5869590369479936223
19027,train,13293766640946767629
19028,calibration,16017000869544634172
19029,train,12647124665803369880
19030,test,1862452701178984135
19031,train,11273913871937634742
19032,train,18227148448386783118
19033,calibration,4622806678126062647
19034,train,14986355550384330234
19035,calibration,13232958610586590821
19036,train,15012102012220802513
19037,train,799379120815763878
19038,train,3020292623142627686
19039,train,11502343517667147566
19040,calibration,2555027517592001393
19041,train,4494108482302311510
19042,train,2849413074993363093
19043,train,3351485279753986742
19044,test,3141003223100155128
19045,test,18236122098718601268
19046,train,10053120974955766084
19047,train,15400691685528459734
19048,train,3156122632032105440
19049,train,6428188311652883856
19050,train,14077235781224187365
19051,train,10753102855987006630
19052,train,3008241615280135765
19053,train,18202076077715297113
19054,train,8395178038471169541
19055,test,8469233767207622881
19056,validation,12616733340371818006
19057,train,18225435836177852930
19058,test,907142379667233783
19059,test,103865789244974164
19060,train,13938526126826796992
19061,calibration,13565163046467566646
19062,validation,5765764737386119477
19063,validation,11407971207676597660
19064,train,11428403591863173666
19065,test,7953292084014388800
19066,train,18003944497952258387
19067,train,16296186447503278328
19068,train,18060379630303929169
19069,train,7658968840486599029
19070,test,4948918289523557729
19071,calibration,5205716820535681190
19072,train,11716729616630500072
19073,train,8911313793290455505
19074,train,4842743926356449
19075,train,11593166987637322051
19076,test,13137259487231188791
19077,calibration,17966961209115794524
19078,train,1950227998063257529
19079,train,8558453034539614728
19080,calibration,14113904789339446963
19081,train,5719395609539754069
19082,calibration,18214455330856183826
19083,train,8333598933602239151
19084,train,15847360513953903772
19085,train,17388874164472500486
19086,train,18210660528560147351
19087,test,17891682629670177707
19088,train,16954761999249748065
19089,test,7970712461689830449
19090,calibration,2037309019995569088
19091,calibration,17143970881893040949
19092,validation,1797764410561067453
19093,test,13435143676372375958
19094,validation,7133473181614704820
19095,test,2944354611464549861
19096,train,15925507419004599226
19097,train,10578678839500441173
19098,train,16560172294157217473
19099,validation,14517688857926432165
19100,test,13532808516035519198
19101,train,13802181629301585979
19102,calibration,11844760556797245966
19103,train,14605977801030309166
19104,train,3834771200083016022
19105,train,12944315577737872802
19106,test,5605441716916341712
19107,test,12131524494312616402
19108,train,6377453274348204944
19109,validation,791604178188155818
19110,train,10119047089994295756
19111,train,1775576993464981320
19112,train,548011889487731023
19113,train,8734415944570261107
19114,train,13054234551390156306
19115,train,16357510442445904295
19116,train,17113015277802259999
19117,test,15572708483772921018
19118,train,11368157272770132560
19119,train,985719274695164641
19120,calibration,16046620639001811818
19121,calibration,16187375781863676680
19122,test,9390437916523962061
19123,test,7375067269803330189
19124,train,17363054932695754974
19125,train,29708180835849998
19126,test,5777880341482527746
19127,calibration,691688706534083505
19128,validation,5612198350238494809
19129,train,16059911687453654672
19130,calibration,10894795241323523248
19131,validation,17961776211870524956
19132,train,1837531844344881247
19133,test,6073464938549301296
19134,test,12769726589193477332
19135,train,14437248914139352425
19136,train,11658942372139898470
19137,validation,15328569060994073429
19138,train,7949163404947980119
19139,calibration,1060149338894395722
19140,test,15516895551389005477
19141,calibration,1929130363428068342
19142,train,16275818863314901837
19143,test,13796809602218144769
19144,train,13235021830645405871
19145,calibration,7018714203341415306
19146,validation,5049681174248971828
19147,train,11487466093567932118
19148,test,6013451220985139846
19149,test,10563406813555443947
19150,calibration,11625792541972735726
19151,train,520318559724578099
19152,train,6484699921934077206
19153,train,15777382022115112441
19154,train,5974011270801549270
19155,train,6582142381525095951
19156,train,8128391768823874686
19157,test,16686544100637675086
19158,calibration,13702870970000530024
19159,train,5670972714203615412
19160,train,1044637239218559171
19161,train,5393485172191343217
19162,train,8915712204368959054
19163,test,6408066994812313594
19164,train,11688155271866428688
19165,train,6567611178412136798
19166,validation,17486134865897249209
19167,calibration,9972416868412241003
19168,train,7617824786440557990
19169,validation,13633481063198733870
19170,test,212401539088385463
19171,train,13090619870816212579
19172,train,17741080923237144824
19173,validation,13886663496361493174
19174,train,3335461206790530363
19175,validation,5410384279026360300
19176,calibration,8996603304586403386
19177,train,12850145989540439081
19178,train,8082489213317565889
19179,train,3509107533364945528
19180,train,16633065475546575466
19181,train,17609510079519283724
19182,train,510876555480979696
19183,validation,8075933776681247753
19184,train,11487562227991924501
19185,train,11363908664577135981
19186,validation,8444118365221757996
19187,train,16876335725470694468
19188,train,13262627162256536086
19189,train,11917108263376074834
19190,validation,6668749120128683696
19191,test,1846389331553721566
19192,test,11785515027828134197
19193,train,7267020253587102480
19194,train,14323979193793255466
19195,train,11391808678925442289
19196,train,15747084574592795722
19197,test,16014427584681142178
19198,train,15343817281708623127
19199,train,5716208207470173071
19200,train,4020964840581115907
19201,train,7605119416948335814
19202,train,11028780076799607366
19203,train,15793807380715584477
19204,validation,9327216572920081861
19205,train,5551722293270031064
19206,test,13320450967286195181
19207,test,17195918688998622011
19208,train,2270196067264360516
19209,test,9634238659727148369
19210,train,7075619789038749967
19211,calibration,992356879120266754
19212,train,18179909050070343260
19213,train,10492814016259114175
19214,train,5405397789364685890
19215,test,17191362742338416627
19216,train,7859144018712487344
19217,train,6705368044064103525
19218,train,1921336213770197694
19219,train,18054631729902867626
19220,validation,10582473309084236929
19221,train,11262854062975258186
19222,train,6402285009169444042
19223,train,17201938524505650646
19224,train,6482480275465388339
19225,calibration,12420347195280299951
19226,train,16958544686717930478
19227,calibration,9057430982608775937
19228,train,1366166686984904776
19229,validation,1687197767978697428
19230,calibration,14019284257404749622
19231,test,17762982390853016931
19232,train,5303135629735178373
19233,test,9038581226869764981
19234,train,3726323651777604640
19235,train,4599276565564506779
19236,train,6513123529371173460
19237,validation,11188131349537522894
19238,train,12009293423531367871
19239,test,10688487911804615052
19240,train,3406093040594224340
19241,test,8053913620210823128
19242,train,5210556845462022735
19243,validation,4668840236277749853
19244,train,63785488446260289
19245,train,18037429087312401585
19246,train,3267694262972557769
19247,train,3729623649340276989
19248,train,9695791352905319207
19249,train,14745280444734084320
19250,train,9571031316556729774
19251,train,12652667800139026754
19252,test,16889560169871635510
19253,train,9226501578404540583
19254,calibration,17805067368624783303
19255,test,11922758642392125709
19256,train,5677711990380827952
19257,train,263119074631957508
19258,train,5888971822065199665
19259,calibration,9807461383084705042
19260,test,14234858617585493590
19261,train,17015937076294797028
19262,train,8339307469382489841
19263,calibration,9347523670149772610
19264,train,5129904163936609818
19265,calibration,14086557882383512049
19266,train,16365543545113257122
19267,test,6765185962851264252
19268,train,7553186090070187180
19269,train,2785926153522485984
19270,train,314103487524922044
19271,train,17698384000775510119
19272,train,3326597488352289266
19273,calibration,5239770878982384079
19274,calibration,7240159556429376554
19275,train,16604869950370493646
19276,train,9721497192189470698
19277,test,3567855582061015922
19278,train,5011967071712079828
19279,train,5101811234321389939
19280,train,15553737730649663058
19281,train,17620259431453343693
19282,train,8961175293866843903
19283,calibration,16419104399043384010
19284,calibration,18316756546675342710
19285,train,13962064742019105473
19286,train,10183963254022148804
19287,train,10541136083525235703
19288,train,12405154041621595684
19289,test,1513950605010093572
19290,train,6500801942250642136
19291,train,11353222636402697981
19292,test,14324895601197334950
19293,train,9456543891682950127
19294,calibration,18214455330856183826
19295,train,5867557407835048093
19296,calibration,17643046636409362905
19297,test,9440620417530474026
19298,train,15064100852712890949
19299,validation,7101514642795778613
19300,train,3823467210851997274
19301,test,7758285420331163354
19302,train,18260704492190651079
19303,validation,18007665472091218433
19304,train,5238343474200397899
19305,train,10103214434961191751
19306,train,5368225167096774991
19307,train,17805174108739991537
19308,train,15752520899851436472
19309,validation,8120823393728686211
19310,validation,6193569314792251402
19311,train,1044637239218559171
19312,validation,7409517346345401491
19313,calibration,17254038149977976146
19314,validation,3191554876610216187
19315,train,4305899702105616315
19316,test,2687752045460662256
19317,validation,16758495792360854752
19318,train,5678804819805018690
19319,test,5046754175239901361
19320,train,7283663256124806871
19321,train,11578284924590220832
19322,train,118532424610599697
19323,train,16377749987977585910
19324,test,9010725899909441909
19325,train,7756016756845941044
19326,train,16406571107452875574
19327,train,12130557341462016523
19328,train,8879870111587938387
19329,train,12199720658464792584
19330,validation,12447781869740744522
19331,train,5001657882581272228
19332,train,10019439900833966185
19333,calibration,6208578360955763088
19334,test,6953749303372931721
19335,test,16596149309824126919
19336,validation,14770626702369423326
19337,train,5299729169698608899
19338,train,2258998009978049871
19339,calibration,4683341364422176546
19340,calibration,8510088935997174284
19341,train,10345466192297741338
19342,train,18075221348605654447
19343,validation,3856317248149333915
19344,test,4878676329168951027
19345,train,10264879518534597745
19346,validation,3077926403816456599
19347,train,10669577651686595458
19348,train,2445206883407461482
19349,calibration,12494802295762810026
19350,train,484246167547688363
19351,validation,7220851751321398798
19352,calibration,395760391624718029
19353,calibration,11457359303626958742
19354,train,8983589293384436482
19355,train,14570409413447286411
19356,test,16824722290694167690
19357,train,8545011432835081291
19358,test,5648398929015352896
19359,train,9680573682504510778
19360,validation,13569802946261724651
19361,train,17677592711909732419
19362,validation,16953241830247187092
19363,train,2967279665223281904
19364,train,2940638876117033431
19365,train,11894693781486519755
19366,train,8636253515706222598
19367,train,10308954032546854305
19368,train,17729762669921659483
19369,train,4729477000984628349
19370,calibration,11575831740909007276
19371,train,5451243756529354946
19372,train,13619377056044900954
19373,train,6030678016595820201
19374,calibration,4151348808992417136
19375,train,13624710063054324716
19376,train,16385719403688470090
19377,test,11000823690108317322
19378,validation,3214151846997615450
19379,train,10705044852178205590
19380,train,15650661807671490762
19381,train,3608611309812943696
19382,train,10745855911411212623
19383,train,15618846910925560317
19384,calibration,8536326912550479835
19385,test,2683186199760723945
19386,calibration,4041157627997726817
19387,train,14639219378473247469
19388,train,9496068805629008045
19389,validation,2699121355453897177
19390,train,6037301531530567226
19391,calibration,4584424121511079857
19392,validation,17578802046446485743
19393,train,593420760924988400
19394,test,9551709158501542763
19395,train,14824557720929670047
19396,validation,2837202298800483659
19397,train,6881138500009790254
19398,train,12976605815461748798
19399,train,237311705324799183
19400,validation,6180638114247536035
19401,train,11667530479164366321
19402,test,1316241397935886182
19403,validation,6944848312544133478
19404,validation,404560347224223367
19405,test,4171333254626967080
19406,train,17536927292750600505
19407,train,3666408610719075627
19408,train,11674346970295692815
19409,train,12458912126185802186
19410,train,2410400287141382778
19411,test,11071815469561945585
19412,train,8240307691527830186
19413,train,7756646723105646327
19414,train,13254844129870019968
19415,train,4052479533370466734
19416,train,12837658031156105762
19417,test,7862875702091156144
19418,test,15595923116406532036
19419,test,5370772118224433704
19420,train,12882903591901952410
19421,train,8113237467269354734
19422,train,8506552605486163687
19423,train,17591607077906283262
19424,train,12417859730542455778
19425,train,17998579428445666821
19426,test,5650268031704804415
19427,test,10050246180487380646
19428,train,6345461885489225249
19429,validation,8064368091541851076
19430,train,5974273026229246202
19431,test,11009776719075810927
19432,calibration,16912749888416025815
19433,train,13856464446992755652
19434,train,4057252218008196574
19435,train,16451718528246209486
19436,test,5655610886419432385
19437,train,8544169973674059063
19438,test,12983574484641710202
19439,test,2545126310546279103
19440,train,5350712585160475656
19441,test,6163088502928716613
19442,test,3896930232502651358
19443,test,13783150120508155807
19444,test,13655060971795824548
19445,train,16612435639625862202
19446,validation,899459582471916921
19447,train,5463387923540529972
19448,test,15810872318896001668
19449,train,7559006506631588053
19450,train,6285516858192140372
19451,calibration,12578772984936376252
19452,validation,4269100420946795109
19453,train,10391034724126733847
19454,train,18219706671676086685
19455,validation,16947327184780814137
19456,train,7750251263224098871
19457,test,1325679873807786920
19458,train,12498428945348859457
19459,test,1416427646718649853
19460,test,7188568487932539570
19461,train,12986241230840573580
19462,train,864389768090273532
19463,test,15457426963299473912
19464,train,10578586269904700495
19465,calibration,15052556410494318214
19466,calibration,16556641398898091567
19467,test,3520748321659030316
19468,train,11753069050931022962
19469,train,16239045033266427485
19470,train,16203386825812051350
19471,train,9236528741543278188
19472,calibration,5983431452105539738
19473,train,13044867127310049970
19474,train,17285834075036056731
19475,train,11660780365883755730
19476,train,15495700409056978734
19477,train,17687915480090823929
19478,validation,7254220173681439590
19479,test,5514553852297588556
19480,test,10643061055365972349
19481,train,15933106502174325052
19482,calibration,8215013672761968931
19483,train,3659761467593018112
19484,train,7543188571426124725
19485,train,12715534259285812957
19486,test,2174401950399614837
19487,train,5716491807093275824
19488,train,4057252218008196574
19489,train,17890870982872373904
19490,train,14184255674798078947
19491,train,5828711699471956691
19492,train,5360526344364926803
19493,train,5610314805827055223
19494,validation,14654385660555938928
19495,train,2673383380414963423
19496,validation,3203453212067860856
19497,train,16781391437722298760
19498,train,17778410788549230120
19499,train,15895295638925080567
19500,train,16817255156183924610
19501,validation,4296648081350872541
19502,validation,3118791708818195376
19503,test,14181697079449233732
19504,test,13187599010368231959
19505,test,10650498495411369398
19506,train,2361510415262095595
19507,test,9895630341554064520
19508,train,322317004438652288
19509,calibration,13019349085426182202
19510,train,2682825558161796094
19511,test,2097666449229571601
19512,train,17401688843473457959
19513,calibration,1248181429630391085
19514,train,9187529754900158784
19515,calibration,981815313131508061
19516,validation,3856317248149333915
19517,train,5505652363042132468
19518,train,14690410258571419398
19519,validation,14646340451260901612
19520,train,8718097317687324742
19521,train,7752547959380663677
19522,train,8434259345610902373
19523,train,12573304326429497494
19524,train,9777051089998198362
19525,train,2254318128872187928
19526,train,7287634038543958079
19527,validation,9480130825742081089
19528,test,564075816545676347
19529,train,2287119259844437875
19530,test,17100910700052081899
19531,validation,13286501189649929877
19532,train,14002562332542818867
19533,train,16773583533484566238
19534,validation,14530023256191988771
19535,train,561406666728319845
19536,train,6730358116589020905
19537,test,17888637892030415243
19538,train,4673440050765570236
19539,calibration,7882755846424037615
19540,train,17522075729736430257
19541,test,11398723167932572934
19542,train,18138365963175635371
19543,train,12075652765910607900
19544,validation,3006454847262777953
19545,train,5129010012984903844
19546,train,663895428357392734
19547,train,15055064748655798728
19548,train,17408438830446460345
19549,test,12787495572446191178
19550,train,3139854525734882208
19551,test,8614482934797080546
19552,train,13420582642802236376
19553,test,14220371347048250261
19554,train,10633273183771280171
19555,test,15886619258471438328
19556,train,15765632157865325495
19557,train,14383093462073465829
19558,test,4693850502751525520
19559,validation,16454007753208455222
19560,train,9514692298416705293
19561,train,5497015020872175114
19562,test,1957330662868064637
19563,train,2665035361651866488
19564,test,7745351393378598175
19565,train,14377366999677018100
19566,train,6800839856820089729
19567,test,11576169075221894916
19568,train,8940269759735016633
19569,calibration,7059906692448339002
19570,train,4293174343528332449
19571,train,10118113369236609018
19572,test,17963648344076100298
19573,test,14870680640337800436
19574,train,8260087699413387221
19575,train,2453296181056912710
19576,test,285962394611499979
19577,train,3449130694034797800
19578,train,18341903052998883544
19579,train,8701184417374560881
19580,train,7928017996088852589
19581,train,3571577980927624440
19582,test,1994268198613471598
19583,train,845846107200883404
19584,train,18184481810215328210
19585,train,11096128113266441379
19586,train,3858844212333897914
19587,train,10576893134993702049
19588,train,5963422655002010783
19589,train,15500583504961719419
19590,train,6794409643651805816
19591,calibration,4451008389606566428
19592,train,11384947239503454770
19593,validation,11162263459503644066
19594,train,16801182175130202143
19595,train,15730396888517055745
19596,train,7179209843112016448
19597,test,9714803902822622348
19598,test,16615964012929833067
19599,train,13272119272999959690
19600,train,12753229511790269662
19601,validation,17446746424595932530
19602,train,11543766565003902523
19603,train,4611298217157437798
19604,train,17791134710931034442
19605,train,6231587677551280353
19606,train,9086514250963185107
19607,test,17148954461313728610
19608,train,16160963964923562946
19609,train,1169926808836226219
19610,train,1853268717712030040
19611,test,17635134172457408876
19612,validation,9827112261884609355
19613,validation,13904183132571340165
19614,train,15626679878060496500
19615,train,16903697051828934662
19616,train,5265779863312535150
19617,train,14055758434100661118
19618,train,10070379351377561000
19619,train,2695818403150594266
19620,train,3403948093525912847
19621,train,15374929789146953707
19622,train,10865037212088631089
19623,train,3389359360118011495
19624,train,18267848175893966820
19625,train,265702376576123890
19626,test,15844426086388597092
19627,train,4762040986215316794
19628,train,4914294718144688357
19629,train,6422654826674417431
19630,train,6425978064617078942
19631,train,12448865977577788434
19632,train,12051323503610406419
19633,train,10762342688829454117
19634,train,8621576201775305757
19635,calibration,8417866240753433248
19636,test,12286443935402293121
19637,validation,11629904962266766922
19638,test,18078130247672020761
19639,test,14253197708198177243
19640,test,14477009007934431240
19641,train,10848963055394670649
19642,validation,223796757988096155
19643,train,4601066689427709792
19644,train,6476815564509840707
19645,test,5364629274612373602
19646,train,17224479661338679507
19647,train,18012045613041965953
19648,train,6197433975458729234
19649,test,2150143570649784148
19650,test,17546012658909131001
19651,train,7556505737669856224
19652,train,4033182351756985997
19653,train,89298279912791785
19654,validation,16469278360243185820
19655,validation,4943373475651603507
19656,train,1968797791809870579
19657,train,18376146085792488358
19658,test,371267880846339165
19659,train,6828933110438806261
19660,test,9156824808708439534
19661,train,2970170661569736875
19662,test,15029676528469436847
19663,test,9927827315517999977
19664,train,10668466767273537647
19665,train,7757430043759096344
19666,validation,16456524487177727883
19667,train,2493880645982275402
19668,train,17818639079780000531
19669,calibration,17643596405227411624
19670,train,12198772330026688086
19671,train,13576846288940286831
19672,train,16511896346620967817
19673,train,7104832746019573425
19674,train,15513566000994892646
19675,train,17045428445757315097
19676,test,8020831316807855374
19677,calibration,881383121459592984
19678,test,5406170558429597870
19679,train,6380837912969642484
19680,test,11710204515425547345
19681,test,556476235640024580
19682,test,11928571950980795708
19683,test,12708715744668608360
19684,train,11250321069906670653
19685,train,16799333995537050661
19686,train,2083737356006471278
19687,test,18420226437578592097
19688,train,16267712479878772261
19689,calibration,5451829129037737841
19690,calibration,14220775025915496638
19691,validation,2591374193412698266
19692,test,2109973966400096925
19693,test,1443281963393770757
19694,calibration,551249520288726680
19695,train,14274641779310072347
19696,validation,844259570617483326
19697,test,2445513383762928065
19698,train,1293170297955217560
19699,train,13384781340048138726
19700,train,13391429097837313565
19701,validation,3147847620590398358
19702,test,14083940590204045924
19703,train,13703573313436153434
19704,train,3878412616851174636
19705,train,7936808543944358142
19706,train,15566546303430148225
19707,train,15229146816993134511
19708,test,11444115622831643128
19709,validation,16738342741609887185
19710,test,3912597935688633330
19711,train,10244379415275908352
19712,train,7529308224184913731
19713,train,10588122829494133725
19714,train,13440159686843106638
19715,train,7895242768652343878
19716,test,8101911102871429829
19717,train,7821895678066244115
19718,test,9796766994210086631
19719,train,11185777864720058576
19720,train,11507920835618223965
19721,validation,10811443631536093120
19722,train,5705148710502825133
19723,validation,9047139883164293289
19724,test,4925804512107461832
19725,train,3928820982692429060
19726,train,8185655947485772927
19727,train,3574518178858592878
19728,train,15605278565318844926
19729,test,17854724281062072400
19730,train,1199684965971871680
19731,train,5056073389224114249
19732,train,10806075906277677598
19733,train,5279900978469924720
19734,train,8451156861004667751
19735,train,2609082545095157578
19736,train,8731462904399812525
19737,validation,13836485732243557245
19738,calibration,1656180604684757500
19739,train,10114059073113708346
19740,train,13290249211413973104
19741,test,6617801050972132295
19742,train,5807303473592457616
19743,train,7844825493138830754
19744,test,8567007041098817274
19745,train,2921422151184191703
19746,calibration,10614773314473850597
19747,train,3119937810612348719
19748,train,10226686184404892601
19749,train,8304596830721840837
19750,train,15434288000966998523
19751,test,12476539460877675393
19752,validation,8150071095605807704
19753,train,11086180061761349323
19754,train,16125722974857214928
19755,train,9743976913176573955
19756,calibration,1920771760030064163
19757,train,4101520219921257864
19758,test,11930434660592542197
19759,test,11823726932316266493
19760,train,2242118239749209248
19761,train,3991388688896526121
19762,train,13734022927523766755
19763,test,1288184730909007910
19764,train,1877921790269917933
19765,test,13027280514744275377
19766,train,11296195138122890681
19767,train,9895145284676133661
19768,validation,6708247425821964580
19769,test,12486448971998364145
19770,test,15885840269760664182
19771,test,11782048646142806675
19772,train,2819041849394534144
19773,validation,12688472432558605327
19774,train,6291074451823630649
19775,test,335724953800450703
19776,test,3144569745261397298
19777,train,17715517279853306188
19778,test,6922116611396672684
19779,train,8151753418201530960
19780,train,6651725365930269751
19781,train,858259843940854440
19782,train,11126888543521020378
19783,train,12706109466984628578
19784,train,5676503981942951509
19785,train,10357645097159679097
19786,test,11997021104722023532
19787,train,7452634587137965963
19788,train,15895295638925080567
19789,train,15064976638850068398
19790,train,11778316370721955929
19791,train,8988002383989444447
19792,train,8967464153232290109
19793,train,14292087058362443249
19794,test,1520069447240068588
19795,validation,16022032544532580409
19796,train,9929068404510943721
19797,train,1006995636295277721
19798,train,1034837930454980654
19799,train,16405319778418797945
19800,test,4674212454008822908
19801,train,17923386475845339265
19802,train,13547561804960343095
19803,test,2616979339155021146
19804,train,5000837714335900427
19805,test,4004906301604792208
19806,test,11416493941001807195
19807,train,1417292401026891213
19808,train,992125587067908203
19809,train,17963522683693794243
19810,train,1446779364749264351
19811,test,3202878455242232641
19812,train,5104746086470668950
19813,validation,2011082398825830354
19814,train,13290776706665206482
19815,train,604706614545662132
19816,train,2464156487084078148
19817,test,8154431679931227470
19818,train,10868314189935062662
19819,train,3652049392867533971
19820,validation,10074051752388903684
19821,train,7835070309772824525
19822,train,1124180806144190970
19823,train,16701563368073290934
19824,train,17949960497592884706
19825,validation,2013567168780191306
19826,train,9952850981815572123
19827,train,10269732792501543867
19828,calibration,14310294828529024267
19829,train,17982881006496794268
19830,test,4708850198001087732
19831,train,1386678382019536330
19832,test,17565022973005475583
19833,train,12239668131543527669
19834,train,3311691899685540664
19835,train,18152706487313957256
19836,validation,7377664362787472061
19837,train,18027802159220754284
19838,train,3119898663283200432
19839,test,6439664588949229667
19840,train,17976452256685072026
19841,train,11518236959854440732
19842,validation,14009995055226434119
19843,calibration,6389872901594921404
19844,train,14757579003257503322
19845,train,9461746742153440366
19846,train,10051230674264689097
19847,train,15579395205882959865
19848,validation,8874907720678399740
19849,train,5254246430773557796
19850,validation,10294838604246640213
19851,validation,9963425448267272358
19852,train,8590061936730596102
19853,train,8397238995479481530
19854,train,9745911004528824087
19855,train,13044336435690303366
19856,test,7519460847240098848
19857,train,9718733590485992952
19858,train,7312524251390634008
19859,train,1390065929937014371
19860,calibration,10812477198134698890
19861,train,31636615544325009
19862,train,9676667139758908553
19863,calibration,2608193976692163027
19864,train,1352857481045619795
19865,train,7794296099060608266
19866,test,2436676405029936028
19867,train,3873824573332720345
19868,train,17620259431453343693
19869,validation,4080871689035818835
19870,train,8521499348072644978
19871,train,10358445498010025934
19872,test,338470670724169163
19873,train,2225121958701274619
19874,train,1857431582996778647
19875,train,6499375394573395858
19876,train,450862752322399913
19877,train,7974536326389882325
19878,test,15179753087208788471
19879,test,13801152421081419875
19880,train,12603131934135829413
19881,train,5310324426785875489
19882,train,11997450284512226951
19883,test,14292637869922981754
19884,train,3292207395922398941
19885,test,13831506096659087350
19886,train,4487242886302154718
19887,train,10770886156310237047
19888,train,14614312868217596896
19889,train,13369062979766508985
19890,validation,6058757784804298980
19891,train,6591777208061165845
19892,train,17885828369112373795
19893,train,8164230694988058309
19894,test,12016902169274141253
19895,validation,17702904872804080426
19896,train,14693525578411807936
19897,train,4595209276076531286
19898,calibration,5301370718096702380
19899,train,3812925064405548756
19900,train,12339711165422967878
19901,validation,4257616069201705738
19902,test,3495646965435711492
19903,train,10381221660343170250
19904,test,15374086365985653335
19905,train,15776862953142928088
19906,train,4316694183768744288
19907,validation,6412109190783522946
19908,train,501435173358930588
19909,train,3316040196717260491
19910,train,581483837263146891
19911,validation,17225931424851336314
19912,test,3258383875840783677
19913,train,9469170419668693485
19914,train,15238714790560694535
19915,test,12438827944759589072
19916,validation,16284758033218845774
19917,test,12853410761622218084
19918,calibration,18264381006695974854
19919,train,10654748214511799124
19920,test,11046435417214580440
19921,test,17583962517836075519
19922,train,13852059003033304764
19923,validation,249187446113044830
19924,train,919992563301808077
19925,train,11115969114713373371
19926,train,963955461444159245
19927,train,18425192305350594594
19928,train,12759725120956487691
19929,calibration,4445469416702610308
19930,train,9867957476924509318
19931,calibration,16988817069442600465
19932,train,9732745901901634475
19933,test,17726366706757889239
19934,train,12642593909944486975
19935,calibration,9852432486321680561
19936,train,793944098815444943
19937,calibration,10430546749942597148
19938,train,16420734062542278334
19939,test,5184222040570240826
19940,test,510103666465309598
19941,train,16495965822312149955
19942,train,6137863252324522806
19943,train,13592967029637418565
19944,train,8390845172024368462
19945,test,3012210624017009506
19946,test,11279270130662871226
19947,test,14863606311006175545
19948,test,18177728286234172929
19949,train,14401959586360522974
19950,train,12658930773345746765
19951,test,16001444184731382207
19952,test,2328377629049733234
19953,validation,7435491029175675561
19954,validation,7395262359949594182
19955,test,6372023085629971355
19956,train,12460097599758368970
19957,train,12269383342615022563
19958,test,17363874403993370267
19959,test,11502530509791819266
19960,train,13658665905468844331
19961,validation,6606008481186279875
19962,train,1369105202837245347
19963,validation,1294104968947876555
19964,train,12593166568032490685
19965,train,2847445457360464662
19966,train,2959302455476284725
19967,test,1060742475500298029
19968,train,2439994783839843556
19969,validation,16324937666535541243
19970,train,1640543835992778380
19971,train,172610276865513440
19972,train,4656852318322270534
19973,train,10369881122878535624
19974,train,1024403548038337121
19975,test,16435686021073105074
19976,train,10343925507209597613
19977,calibration,10542955368538521027
19978,calibration,4743344172672998413
19979,train,322317004438652288
19980,train,18272094540695370581
19981,calibration,8868737457982470237
19982,train,9188219089649089160
19983,test,5938307800067053835
19984,train,18209752083448401666
19985,test,2082088048493133008
19986,test,4374565411178887323
19987,train,7562286724275951747
19988,train,1733391397591683143
19989,train,7381711527231619104
19990,train,11162824182617723264
19991,train,600080694607593498
19992,train,12491265981133103220
19993,train,3630965142913696429
19994,train,10038511418152142664
19995,test,12076064278556869127
19996,calibration,16586096798984158638
19997,train,18014689437666019105
19998,train,12727252647801108429
19999,train,2881356676909780209
20000,test,14159591715639778386
20001,calibration,8563751266493772963
20002,test,5474739187899353482
20003,validation,13440793802436264673
20004,train,11890130555604445537
20005,test,2033658911118758178
20006,train,6349151483512448580
20007,train,1207258103717629108
20008,train,3906457400855381482
20009,calibration,3410542599018954731
20010,test,3844450927848070902
20011,train,6610545524662050922
20012,train,15140687347777320683
20013,calibration,4934983140645718148
20014,train,15499249839146595995
20015,test,142396755041696023
20016,train,3595794558354016481
20017,test,777778089225058918
20018,calibration,7297560430678086304
20019,train,13242906039361524766
20020,validation,14611318516277161592
20021,train,11491895440290364285
20022,train,17265868980873939793
20023,train,3723949048237644492
20024,train,697345220575686020
20025,train,9124956173986051040
20026,calibration,10874608071382142544
20027,train,16195371776379227863
20028,test,11034520289676335105
20029,calibration,14019284257404749622
20030,train,2133646841977132796
20031,train,290205569966005257
20032,train,10826099539435928648
20033,train,14604278816450848293
20034,train,16417865674301039
20035,train,1041667376438467599
20036,train,8993379128216250660
20037,train,6228917186867571095
20038,calibration,17274401192840179951
20039,test,16069943863295351060
20040,train,17515220050764000414
20041,train,6928617228499717127
20042,test,1531660768718225978
20043,test,7338826199333056221
20044,train,10309541393974209872
20045,validation,13579136502998149694
20046,validation,4115746129948257637
20047,validation,6593846149626067383
20048,train,15895295638925080567
20049,test,17542949088886472989
20050,test,3119846912729372288
20051,train,8305564530320983211
20052,test,10995131004822360054
20053,train,15274279043590903351
20054,test,12902145593993129634
20055,test,4162496098729160401
20056,train,2661158494324353865
20057,test,12415934272486871278
20058,train,10523094939637166624
20059,train,9561479506276138475
20060,train,5253757435365044777
20061,train,4014040181670347803
20062,train,6491633263081482303
20063,validation,6201823508244618221
20064,test,6358588204376664782
20065,calibration,5065087325423477354
20066,train,11863728182266775700
20067,test,10988301007921175886
20068,train,6056750963405004685
20069,train,7652550946156366412
20070,test,17378461058775712807
20071,train,5171175664861917703
20072,train,18049253154984468612
20073,train,581285615437129558
20074,train,7390636383344998506
20075,calibration,6066451010180027350
20076,validation,11696350144511120170
20077,train,16326153433336358275
20078,test,5597736730181665396
20079,test,3507206325192895067
20080,test,6272130848328668079
20081,train,17888210156626095878
20082,test,961266882824033504
20083,train,9656654620438940352
20084,calibration,14019284257404749622
20085,train,13421039323571721336
20086,train,16297906269355505934
20087,train,3015156094826895222
20088,train,2201284940618719346
20089,calibration,1477482771133750930
20090,test,638654117386667029
20091,calibration,7537104674734612551
20092,test,17306640954247195212
20093,validation,220624173132809106
20094,test,13956869860209944651
20095,train,9110540452123472636
20096,train,16812905080683752654
20097,train,10812437770602725510
20098,train,811994616723986342
20099,train,3886293831515107030
20100,calibration,10305555848363944556
20101,validation,17113368961852167318
20102,train,5625509350687067270
20103,test,12131524494312616402
20104,test,12407294837292827677
20105,train,3202624181915231462
20106,train,8346935244075547484
20107,calibration,10427247123579225275
20108,train,8408200028879592398
20109,test,16193444143601884858
20110,train,18073397627822723665
20111,train,12538551032545845319
20112,test,16089686605670245903
20113,test,17643600149628188614
20114,train,8993574152852495876
20115,train,6597986410472773831
20116,validation,4038236320301585366
20117,validation,5509335859009875079
20118,validation,8999919979305962150
20119,test,7574557993891966957
20120,train,579049250306294027
20121,test,3288655142542990198
20122,train,3425799401868471796
20123,test,8112909137259503648
20124,train,12237222661904442549
20125,train,9912050065236529465
20126,validation,4713178904653860508
20127,train,11624210413920205387
20128,validation,17750904948949947970
20129,train,1724722534631536046
20130,test,15740047274568978823
20131,validation,16240792692134956614
20132,validation,16659389216490688255
20133,test,9846014495191498990
20134,train,11214098232858546381
20135,train,15014934952390400087
20136,test,742445985627520848
20137,train,14924317158857678823
20138,calibration,15312577497085283751
20139,train,4824739046936662336
20140,train,3517932146981245865
20141,train,5483683082966077866
20142,train,12102972903481168294
20143,train,12419022827499302557
20144,test,9800426864284343369
20145,calibration,2289347648715128797
20146,train,8365297883755945494
20147,validation,11735952403825969881
20148,test,18073493481246353456
20149,train,8649294866639082350
20150,train,10502983052682340288
20151,train,6557135060680416788
20152,train,11735060566083717321
20153,validation,7881035380014392161
20154,test,3451324906267171936
20155,test,2117444758270948638
20156,train,5679108139574697309
20157,test,1143250931250871424
20158,train,3463430485123026826
20159,train,10778833828658142093
20160,train,6066516249325281445
20161,test,5364846446928026866
20162,train,13150121111414636077
20163,test,13556412773527742916
20164,test,14533748844134912142
20165,train,12560633322767533101
20166,validation,10863740566195564188
20167,train,3763171367190991350
20168,test,14838156067034866742
20169,test,8419287019969875693
20170,train,17946114137103364878
20171,test,10175390473851038396
20172,calibration,16349812740236666205
20173,train,3364475984754849111
20174,train,2910530271876963770
20175,validation,7563186035401509418
20176,test,3064215430086120829
20177,train,2875086548074456880
20178,train,9228718871639809552
20179,test,137927544472956276
20180,train,567322360456449769
20181,train,11858980289225712549
20182,train,16074853828515067860
20183,train,12536197826322103275
20184,calibration,4508402690084722203
20185,train,2522911053958819996
20186,calibration,2854927505796838156
20187,test,4795722644095526348
20188,test,13803316700014993400
20189,train,15902887690227409849
20190,train,11984438613288245913
20191,train,5292621650044810728
20192,test,7896058413064478862
20193,calibration,14186842999002053507
20194,test,2398404787018153462
20195,calibration,62717599190807812
20196,train,894866464705565712
20197,train,9746483038835797443
20198,validation,13175758565463378012
20199,train,1426350153622493037
20200,train,16288824237488809242
20201,test,751741224440919887
20202,test,17064415185324298915
20203,train,1026748519221678766
20204,train,11072821488857313261
20205,test,5627245864519308561
20206,test,12858266082818757965
20207,train,14686594034723124434
20208,train,8557368913355590871
20209,validation,10115446303401698815
20210,train,3180778424559775631
20211,train,10381070014385678717
20212,train,989789307279258228
20213,test,9524284568882613484
20214,test,17080922773967004098
20215,calibration,13196235983551591876
20216,validation,3747086461981350661
20217,calibration,12272986649382098605
20218,train,17813093228780416723
20219,test,3480884369112156377
20220,train,7095931761320232248
20221,validation,13161837911744131231
20222,test,14227057724287028653
20223,train,636758372045213272
20224,test,18186152948234619094
20225,validation,7740269679489617541
20226,train,10755820092654692332
20227,train,9856549639444870747
20228,train,161301386996314365
20229,train,3314299776983537503
20230,calibration,10370893975573462024
20231,train,1328268090367198023
20232,calibration,455490614424207005
20233,train,1337029358572105662
20234,train,11985580838469056593
20235,train,6797965158605290385
20236,train,10658030895209776180
20237,train,1484257648250608909
20238,train,16270279582833507251
20239,train,2885181355408923757
20240,validation,2161910387000107952
20241,train,3037627108595654428
20242,train,14630415661365717732
20243,train,7980238114188900324
20244,train,11667747610824482990
20245,train,18187896445454703267
20246,calibration,13146634070083996499
20247,train,306228870444614713
20248,calibration,16507036022841970039
20249,train,7413594605067901152
20250,validation,4706466782441679536
20251,train,12003584534227499797
20252,train,7483944187991229681
20253,train,813275808959183335
20254,test,1322313439999021392
20255,test,8226405977502912812
20256,train,5324046812665335332
20257,calibration,4605283648293271989
20258,train,13351314837925166034
20259,calibration,13906157529794779680
20260,train,4204174377014462640
20261,test,16280705758175879491
20262,train,13839704121311302292
20263,train,12892108116841671856
20264,validation,10433335378627512795
20265,train,11991835959900103628
20266,test,11406171737945231341
20267,train,5182923238146257772
20268,validation,15928670307240308407
20269,test,3456151938868931993
20270,test,7123052499206494306
20271,train,5829287415543013474
20272,train,5161732265477821079
20273,train,7956738166814964383
20274,train,6010085451806196231
20275,test,12008800853832842070
20276,train,5968057353429821126
20277,train,11473913233303214178
20278,test,13937499398702012631
20279,calibration,14292827190707834094
20280,validation,16892061840068031498
20281,train,14988658233281039137
20282,train,14688791902083380467
20283,test,2112574510875943139
20284,test,8512911383723470400
20285,train,14092069760897099849
20286,train,594722989384876015
20287,train,2372572439792594943
20288,test,17546718881978257568
20289,validation,11866915201426549982
20290,train,3746396385759451193
20291,validation,13513420778764030814
20292,calibration,15774262188428050887
20293,validation,8378295025206911741
20294,train,1142806141628012949
20295,train,15407610717400227669
20296,train,16868613973680179487
20297,train,3492184751603047215
20298,train,1083277506331408210
20299,calibration,7284700613597712285
20300,test,9199220159064330057
20301,test,18043777929287845617
20302,train,4155692116125952683
20303,train,10178645650662204195
20304,test,13107164084920730020
20305,validation,4513823806678939375
20306,test,15046955062305372517
20307,calibration,8762748731290393414
20308,train,14132751591936436882
20309,train,12730007559948942925
20310,train,15103458154105210049
20311,train,4893997551529438054
20312,train,7125860842053623593
20313,train,748213870869800842
20314,train,18327551984059923090
20315,train,11477909938367976523
20316,train,2657357342672582064
20317,train,13019887016929423079
20318,test,8724843823825876661
20319,validation,12782426110694561315
20320,test,6103855095816471466
20321,train,1381842309238503135
20322,train,8424151505913395400
20323,train,10210990841107872239
20324,train,284146430632159783
20325,validation,9508808673613788650
20326,train,1639762180424135252
20327,train,17787777412472817016
20328,test,362271858426855507
20329,train,17353182394923564952
20330,train,3044077819924852708
20331,train,667316874677842988
20332,test,13720861281700632201
20333,test,15229028025332455819
20334,test,4371283649968045175
20335,train,5686606102123646770
20336,train,5805131542198879610
20337,test,10702977880435135922
20338,train,9244249738212437680
20339,train,443408229026140451
20340,train,16374289154271077939
20341,train,7473610058669314989
20342,train,16713995064712397409
20343,train,4057252218008196574
20344,train,14291135711991572571
20345,train,15369442085122663719
20346,train,8618410987276101777
20347,calibration,14807794625319913113
20348,train,7798460954119309216
20349,train,10949294596180370926
20350,train,2833530883306413591
20351,train,2819337317371260388
20352,test,7850504784303497691
20353,validation,14626769797554008489
20354,train,5700298137572717583
20355,train,4804517298361525581
20356,train,12599319062354962010
20357,validation,1468112563596681250
20358,test,7635603394292980014
20359,validation,13696968350288780296
20360,train,857278449744277047
20361,test,5087047864910418735
20362,train,11634008347272278230
20363,train,14854297869751612208
20364,train,14174361349122959601
20365,test,15135274086513117995
20366,calibration,10069525575760940741
20367,train,6715070157484136933
20368,train,5645763821574893946
20369,validation,9474570046538959352
20370,train,7136614535872933712
20371,validation,13824104245142520979
20372,validation,16973403463917718795
20373,train,10522353138521726173
20374,train,14178879656142467403
20375,train,15473337563875781631
20376,validation,3472299085052668735
20377,validation,5104877358417538066
20378,train,1632721035727973783
20379,train,4415131177837452098
20380,train,4855015182570346933
20381,train,13051358075741346896
20382,train,3681186841896994928
20383,calibration,14491476161769143902
20384,train,5329883734625707885
20385,train,11827517712104137198
20386,test,10999497539219890489
20387,train,18146146234093462513
20388,train,11147650707170152554
20389,train,16280359757592361628
20390,test,14189258324424427698
20391,calibration,10840318901888707099
20392,train,15480952157256869774
20393,calibration,12330063250569552680
20394,train,7248890843793221986
20395,train,15048263393348534163
20396,train,14791973795382424443
20397,calibration,1787711692857273555
20398,train,1110539419831939021
20399,train,10349912230483268925
20400,train,14012789568387586814
20401,train,16966940606541197949
20402,train,1660089174793302461
20403,train,12729363489122641835
20404,train,3238370260224594298
20405,validation,6906459767410049553
20406,train,4247116868326056824
20407,train,5222345226590218603
20408,train,6927126561210371379
20409,train,4327103126490279361
20410,test,13041584436872689887
20411,test,4512062184358892495
20412,train,15750499282513876266
20413,test,1888495878910887865
20414,train,17296704745520530549
20415,validation,11386371445534149660
20416,train,9687430593398251252
20417,calibration,2248134220366402653
20418,validation,5999833136688974526
20419,train,16097904431237360861
20420,train,14489287210040429992
20421,test,2362612644465756270
20422,train,10877749614102571246
20423,train,16243546702754387409
20424,train,9018427096365599722
20425,calibration,9822652914023466717
20426,train,2016301740407674631
20427,train,675000661759662842
20428,validation,15342569056600963378
20429,train,9281476426012086940
20430,train,14490428660036903580
20431,calibration,12692112692802131268
20432,train,2030287395274288555
20433,validation,5478671719432738977
20434,test,8721450540977975809
20435,calibration,15538363777518857364
20436,validation,4581307455083870827
20437,test,8262063448143847931
20438,train,3264793605322082718
20439,test,4312044549740120901
20440,test,17614283519087212176
20441,train,7955647198375616600
20442,train,9946293263537105697
20443,train,15318949407845443215
20444,test,11091325612022135956
20445,train,16508554284946552167
20446,train,2423640527465009161
20447,calibration,403733645203201733
20448,test,10320334967516594348
20449,test,2421364025810640925
20450,train,9822563556492996341
20451,test,63172001735198888
20452,train,4535994810599771431
20453,train,17066973993864233346
20454,validation,12200187718342597230
20455,train,13142750665822085208
20456,train,4532182270380166029
20457,train,916331765829883933
20458,train,8489686892268571675
20459,train,1729504074888483066
20460,train,8592458541015842460
20461,train,8804316073379661901
20462,train,5433731310653386180
20463,train,18054839838276277037
20464,validation,7236800488754709135
20465,train,4776811062805821076
20466,train,2900636478337954749
20467,train,13421958174916177334
20468,train,11314510974901065037
20469,train,6085541376998927985
20470,train,4846378951192519663
20471,test,9626156162466064256
20472,validation,12144399544090452262
20473,train,2618666471187485891
20474,train,16447750602951763381
20475,validation,12210269529831203498
20476,test,8020499916712916339
20477,train,5340275565177310068
20478,test,10117575125166994279
20479,train,4625659898976399102
20480,validation,3061193026057578103
20481,train,10847023156083722720
20482,validation,16833053942869738318
20483,train,1237115569463226329
20484,test,1029394624985980531
20485,train,16274106287565883362
20486,calibration,13286141758881357260
20487,train,15174992266080618258
20488,train,14407116706471242941
20489,validation,17160732999426697831
20490,validation,14438501830159000740
20491,test,9896528810227561401
20492,train,3761255972254550418
20493,train,15687451924891933731
20494,calibration,5301370718096702380
20495,calibration,5036958721396269359
20496,train,16535274933754137683
20497,calibration,5771402725673848642
20498,train,5063294438277152131
20499,calibration,14327519137019830268
20500,train,8275205912202758077
20501,validation,12544521253457559159
20502,test,8633195577359693183
20503,validation,7594784978194270915
20504,test,5144537611157976078
20505,train,8618055138036034332
20506,train,12614354295796505129
20507,test,7403759004696513682
20508,calibration,15317236287866048773
20509,train,3303605595679058315
20510,train,5370238407355005035
20511,validation,8426620673397418538
20512,validation,5531645878577959424
20513,calibration,6946901346746305870
20514,calibration,18363150317749725589
20515,train,15239764786091843701
20516,train,15319037925777289819
20517,train,14446525045221367040
20518,test,17844682596257160443
20519,train,3746061425745488000
20520,train,4182584866568977221
20521,train,17518627157522391983
20522,calibration,11037120570882027970
20523,train,11815603007272451342
20524,test,16283784372872873336
20525,test,15345695866824900015
20526,test,4221766769323259303
20527,train,11080701318591235535
20528,test,16430320150576662846
20529,test,8443312649737998039
20530,validation,9424294963988203263
20531,train,159890134549054407
20532,train,16806363943381414772
20533,validation,4610409968946796652
20534,train,7711297022242471109
20535,test,15233076494877788270
20536,validation,781819978574487794
20537,calibration,10480962494119239043
20538,train,15989523587751884950
20539,train,15969008365318370208
20540,test,8677309858193847224
20541,calibration,15386864326422468458
20542,validation,7351195996495324176
20543,train,1641297690942394525
20544,validation,17127963915470700431
20545,train,3076227458639804533
20546,train,14908380248999906674
20547,train,11007189416572959653
20548,train,6147662683091005173
20549,train,2319958821387118373
20550,validation,10583720104810364612
20551,test,399598254486589980
20552,test,16228158605367670611
20553,train,2100256699215889665
20554,test,8310273187797508040
20555,train,3120434722803384880
20556,validation,6636516453838732407
20557,calibration,2841626632643884048
20558,test,8706071508592005346
20559,train,16239610613212278118
20560,test,9293423538804411259
20561,train,11406740126574601071
20562,train,156423056552016272
20563,train,1957625837024616703
20564,train,14465420006876454748
20565,validation,10409285214613365337
20566,calibration,9559411434025994887
20567,train,1031430958900963890
20568,train,16781029003749052248
20569,train,15555470012543454646
20570,train,7088219977807769630
20571,test,10257222706786316480
20572,train,1374003514698990534
20573,train,12378703916861006591
20574,train,4156552505337840098
20575,train,17153919879035582799
20576,train,16083401382388350085
20577,train,9204368847397366501
20578,train,8508102605512099481
20579,train,7867341950174318861
20580,train,7896686860802257655
20581,test,6024899172616501885
20582,train,7437304371056124016
20583,train,7439843981347794814
20584,train,9865713069094966240
20585,test,10319344693800458414
20586,train,15473799583425062505
20587,test,5653608575650505735
20588,train,5739140327392788527
20589,test,13518182766308579487
20590,train,870551507077390275
20591,train,13486027884336445359
20592,train,11593239416863802981
20593,train,10790105654899518326
20594,test,9618124827542555857
20595,train,13747655215196397900
20596,train,6050172190396282877
20597,calibration,11774299401610645560
20598,train,13810237000281525106
20599,train,15367565985653278539
20600,train,12995322558529919056
20601,train,11880650234592391364
20602,train,16509603311610373762
20603,validation,14119097875918300590
20604,test,7346088042694786378
20605,test,9439549123220894359
20606,train,15514470001780108915
20607,test,11332276175048036409
20608,train,10443661544264302079
20609,train,1557037157081045819
20610,train,12762859378937862871
20611,train,1099305913150829955
20612,train,13585287339205716826
20613,train,10010322179583381179
20614,train,16914067337130832328
20615,test,16415370653742254594
20616,train,5501638883566334764
20617,train,14623646457289680882
20618,train,13151064458079088835
20619,test,6129576054137608570
20620,train,4888561212551278601
20621,train,4326851830365972329
20622,train,13786092930068673384
20623,test,13284142152413322711
20624,test,15339191981258860418
20625,test,14488212195717006624
20626,train,1411455059640485678
20627,train,1606672330795508071
20628,calibration,13712144500489648265
20629,train,10565300336574033748
20630,train,14655737328522407668
20631,validation,11895027015666395049
20632,train,8106509640337269837
20633,train,8436423891713393797
20634,train,5487224140756905028
20635,calibration,10933909642911244336
20636,calibration,9868560072986271116
20637,test,10030670802629953101
20638,train,13058158845436062693
20639,calibration,10154155920098142939
20640,calibration,15343379425129750160
20641,test,8575148176911485139
20642,train,17264241959066119991
20643,train,4094611460658892390
20644,train,3607174723861561430
20645,train,5114647459861386828
20646,train,17446755772673222756
20647,train,11563035375130151068
20648,train,14144021676810910526
20649,validation,16734578373472613246
20650,calibration,708226868114465055
20651,train,6159096961427539590
20652,train,12093949574607012135
20653,test,15500846780774191858
20654,train,976621945521152024
20655,train,8487398573689394838
20656,calibration,13053237806574317542
20657,validation,14727955850117273848
20658,train,8925199762918890409
20659,test,1085354354248249908
20660,train,7187062641443924867
20661,train,15252695849457678141
20662,train,12727010876610940925
20663,train,3427098290194590924
20664,test,12616060554994661982
20665,test,4175214278178047285
20666,train,2716163692622372635
20667,test,6249246283555522149
20668,test,9036541194194761053
20669,test,5059191590011398957
20670,train,5087062399333699785
20671,train,7129401932311366637
20672,train,11981246472846297303
20673,train,17771118975643014641
20674,train,11315939612563192195
20675,train,7309843523204529379
20676,test,17913309744910069116
20677,test,17755960495769401618
20678,train,6814606844651115972
20679,train,14659355952116059764
20680,test,12131524494312616402
20681,train,17677249543644470237
20682,calibration,2883300890450279357
20683,calibration,17430146468214942654
20684,test,16304160538506568997
20685,train,11164272320898857547
20686,validation,12845369664562004855
20687,validation,7260406717115124621
20688,train,16202239037245742086
20689,validation,17487752773244811067
20690,train,8235969794684272188
20691,calibration,5966663778822414851
20692,validation,16035187893539679109
20693,train,8461704851107499530
20694,test,5224799439633525272
20695,train,3646533492046252443
20696,calibration,11375971478658502394
20697,test,13541065439277542912
20698,test,3635167281694687673
20699,train,10262657413126700717
20700,train,8119867585403001686
20701,validation,1674557437474717201
20702,calibration,13021753785051739465
20703,train,6533702622367531618
20704,calibration,2387109395314652846
20705,train,12659327421188501659
20706,train,4945424212878234134
20707,train,2856789804604684317
20708,train,15602032916763098367
20709,train,16398394383263646020
20710,train,10008686116739446615
20711,train,8456573961966576568
20712,train,7465158701230564967
20713,train,17675773358675523163
20714,train,8148424429472627116
20715,validation,3398281912848493562
20716,train,7826945122197332600
20717,train,12683006032220634809
20718,train,9424464588665992199
20719,train,491444482426496984
20720,train,14223429175696344682
20721,test,15737788276345569933
20722,train,336729021218910354
20723,test,18144831663499660166
20724,train,2844572050916376059
20725,test,214542074258201946
20726,test,11935451998315602695
20727,train,17808740152569323109
20728,validation,4275285486978132269
20729,train,6500089599005810217
20730,train,6288503165876475917
20731,train,672282099588019788
20732,train,5953308567886817987
20733,test,7003736562797029001
20734,validation,3088821393566370729
20735,train,951129802812579512
20736,train,7412020576352124853
20737,train,3213679422210836213
20738,train,4817481706983576020
20739,train,8996736393170355502
20740,train,8874899574416567178
20741,validation,6716621002044827415
20742,train,13678661315587390902
20743,validation,13871286579990166168
20744,test,2843474118247432622
20745,train,7395305292171340904
20746,train,15884140920880040587
20747,calibration,4776679994297989597
20748,train,17240944831279605414
20749,train,8288092117841738915
20750,calibration,11926972076098843578
20751,test,12004206559601367648
20752,calibration,11878877208083628967
20753,train,13188916646608486726
20754,train,4533140343447304491
20755,train,5536727369803703610
20756,calibration,3494126948211261600
20757,calibration,7966114897096205116
20758,train,12001650883294067118
20759,train,2501483777300150660
20760,validation,6227281235477564241
20761,train,5272821630543829444
20762,calibration,9214180887369815162
20763,test,2432662598805038645
20764,train,9738144148039935541
20765,test,1554898165498679335
20766,train,5604850495276217848
20767,calibration,10800782690391262943
20768,train,2722757017139819983
20769,test,12774268370803457919
20770,test,744142802149438568
20771,train,14778855564056248573
20772,test,14402086940902714173
20773,calibration,2125512489285167428
20774,test,7939911226975032064
20775,calibration,6012185553195098258
20776,train,3374686071233913010
20777,test,9818939610281096796
20778,train,9757863820360495099
20779,train,13144385444542155258
20780,test,8390398089664801224
20781,test,10981857479247059295
20782,train,14998731658980040084
20783,train,8162222427242039517
20784,train,7627027928880675000
20785,train,9926992788569120665
20786,calibration,5884066855429337438
20787,train,8217508009733884947
20788,train,18138917979687450071
20789,train,9209364150315908256
20790,train,854309167241636827
20791,test,5772855820913537891
20792,train,16776667252924238819
20793,train,5267493653381744503
20794,train,9332150527222619463
20795,validation,17308822338184078617
20796,train,4537056995862169265
20797,train,3716781348817603131
20798,calibration,9585807419620281976
20799,train,16376208977605272723
20800,train,6751516102536671177
20801,train,7338427217288213670
20802,train,1600973882705489117
20803,train,6121966471739332722
20804,calibration,9266605938193261041
20805,train,11093985114193611009
20806,train,17762347246513320619
20807,train,11328362446022258113
20808,validation,13237605546998150719
20809,test,14738932883238473881
20810,train,13836888020403865035
20811,validation,5003849161075460909
20812,validation,17792094453657095618
20813,train,1447867234671352898
20814,validation,6972687480470152507
20815,train,5149799130139104588
20816,train,17031798541220232249
20817,validation,6234029332145666842
20818,calibration,16204264179150956760
20819,validation,8524895481766361266
20820,test,490072114883584426
20821,test,8999819900561141488
20822,validation,1623844291301287825
20823,train,18441818356307828478
20824,test,14828302865773771416
20825,train,13172634795658683236
20826,test,11404862592499663295
20827,train,436120529396280035
20828,test,2837672745472077800
20829,calibration,1407032377706140737
20830,train,8143836817078785890
20831,train,12088888977326958352
20832,train,4038602089599629145
20833,train,10555796675479045031
20834,train,5347418336034386017
20835,train,15533556052232169737
20836,train,6005640876053473419
20837,test,4544630408185568670
20838,train,68906713812702023
20839,test,3978112448213013561
20840,test,6621950425707296745
20841,train,9575271645477527810
20842,train,12260063212330041189
20843,train,15895295638925080567
20844,train,17837286999025431331
20845,train,140023279756478506
20846,train,10069688397601423650
20847,calibration,14019284257404749622
20848,validation,13541251248939728582
20849,train,13429166022174146176
20850,train,2021262782259798689
20851,train,3583376493069407901
20852,calibration,8361961744825140700
20853,train,80811281932057309
20854,train,7713677597986102508
20855,train,1705069108800347531
20856,train,5963385518985811833
20857,test,11781615035596865921
20858,train,10925619563886204324
20859,test,14108554088652275011
20860,train,17971997190954047812
20861,calibration,11287463349635033838
20862,calibration,11554994576778065149
20863,test,16975600426359288448
20864,train,1358620845783341803
20865,train,1521887852679949376
20866,train,15103356641574616327
20867,test,12459339322204408686
20868,train,10943788544401110371
20869,train,5735773523195342482
20870,train,1883718740610095944
20871,train,12162133742030870895
20872,train,12213153902966905835
20873,test,13768974530264608929
20874,test,10743476703329145687
20875,train,3104313917645846161
20876,train,4937227950024097358
20877,train,17305591476308574771
20878,train,12325260651374299432
20879,train,11815911128007991574
20880,train,3910430943723081718
20881,validation,11576864597831065667
20882,train,8545429801992714822
20883,train,13867104468902984197
20884,train,9246314456508623686
20885,train,2293021352899070641
20886,train,5101955800977454166
20887,train,16743988078572379712
20888,test,3660272590310397378
20889,train,17187620828557094853
20890,train,5753879963018981204
20891,train,11491466848464830163
20892,test,14317555420588740024
20893,validation,11371630430154784135
20894,test,3562812914796504553
20895,train,116799903239544748
20896,train,6014337499394609164
20897,train,4651121079311895066
20898,train,9654262773368000922
20899,train,17411947254709650703
20900,train,7486902331697504159
20901,test,5033673808068158923
20902,train,13280245456910057752
20903,train,14155120585688502406
20904,calibration,17804580442375048986
20905,validation,6348502493925738585
20906,train,10045900101100612558
20907,train,14183299190974260538
20908,test,1778290875350934814
20909,test,3870129539107776157
20910,train,12991003384639997013
20911,train,11402356608949177208
20912,train,7971568170493284471
20913,train,15895295638925080567
20914,validation,5399240254422261870
20915,train,1393080090279654502
20916,train,2544382469847829161
20917,validation,6945179673402849383
20918,train,8909947840300903346
20919,validation,8401887752543649708
20920,train,3106193358858375815
20921,validation,4444306051397447867
20922,test,8568449229304648439
20923,train,15779726234611342980
20924,validation,12184130228060440518
20925,train,11460354203572731082
20926,calibration,8105358920816636684
20927,train,6601852865227581153
20928,train,4259554290478796213
20929,train,17946277247758577925
20930,train,12022064024407694065
20931,train,13808283361607120161
20932,train,18099168429146015461
20933,train,7192762002208453122
20934,train,8992449200914663713
20935,train,15152162322335676141
20936,train,16226332154369819502
20937,train,15361382049752779999
20938,calibration,10573885444280527355
20939,test,2738711565777288847
20940,train,2149376192772731360
20941,train,8084037614417889854
20942,test,896591696343597728
20943,test,8677309858193847224
20944,train,18251196527747847689
20945,train,11095959028523222645
20946,train,6565519905523689040
20947,train,10539138979874384435
20948,train,6699415849138292718
20949,train,10995512894573737676
20950,train,12659315226056817485
20951,test,53917988004176104
20952,test,5741640218274850423
20953,test,997179335371175617
20954,calibration,15764683873553152186
20955,test,13253680734336021510
20956,train,2384419663795799274
20957,train,15274436562416193689
20958,train,13302958291501615826
20959,calibration,4115837603663602418
20960,train,16350915437983159642
20961,test,4574485113357258227
20962,train,13259068686903261540
20963,validation,4267999518065878049
20964,train,15946130544905137899
20965,test,4654327763601982072
20966,calibration,14234958009162990740
20967,train,734170401878123267
20968,train,17860226924937214903
20969,validation,1592980742284164594
20970,validation,9576803999535039478
20971,train,8416202069785022784
20972,validation,10199509494576976009
20973,train,12337955575729821901
20974,train,9107609884874057825
20975,train,15822840045750947798
20976,train,9706610424300533146
20977,validation,9960234198117497863
20978,validation,2033956250024327898
20979,train,3326723507519850956
20980,validation,1174045705495622702
20981,train,1367053990816196509
20982,validation,2699734476942429594
20983,train,9363559930930366609
20984,test,5547303454787238469
20985,train,11783921040495340342
20986,train,9327775402107920663
20987,test,15534898855273062162
20988,train,18098615201555662364
20989,train,14787605103235385047
20990,test,12793594386034969017
20991,calibration,201602487177958384
20992,calibration,17111192197492290475
20993,validation,10271672978731952134
20994,test,11108013358361954243
20995,calibration,7456372150807089762
20996,train,12408134817929133350
20997,calibration,17570673883083549617
20998,train,10920900064848084265
20999,train,14124413273532028701
21000,calibration,4519997834829447488
21001,train,1617814931368385580
21002,validation,3734260059763391950
21003,train,11230521847577805946
21004,test,5279373763403606578
21005,calibration,4720108299660182123
21006,test,10322847704616826207
21007,test,13120057064996057684
21008,train,791365493309706164
21009,test,4048700485752558162
21010,validation,11211174103471000756
21011,train,3237258277897496801
21012,test,2023750518108229831
21013,train,12953717696185521360
21014,train,15572658984954960635
21015,train,5658396472477006922
21016,validation,8045986370329157543
21017,test,14062079294468364696
21018,train,11894971050899302729
21019,train,11427649841673433109
21020,test,7469366428862383297
21021,train,7807112432227754823
21022,validation,6850126435963278959
21023,train,4317785442467105895
21024,validation,14851221061744642378
21025,validation,624700432655802664
21026,test,9885539223370668692
21027,train,14331891162786674369
21028,train,13667413556254848886
21029,test,4783834337118511863
21030,test,17801892203271172031
21031,test,2642050664690222065
21032,calibration,14689350652558110457
21033,test,16769733499417353601
21034,validation,13871743335633622674
21035,train,11219862497138270053
21036,validation,16723670197187994509
21037,calibration,8261984721913942070
21038,test,5604171134711567305
21039,train,2488953085610206328
21040,train,12238081765844206579
21041,train,7161363261051400020
21042,test,12836082523286294441
21043,train,15363616893072763545
21044,train,13044336435690303366
21045,train,9495865793628380479
21046,test,16432672012736061746
21047,train,14446978471705022036
21048,train,421662244631378174
21049,test,6575623178054867510
21050,validation,11058482417240713223
21051,train,3850095328244458331
21052,calibration,8936729747314888737
21053,train,11725991100019440299
21054,train,10318161542445323084
21055,train,14178005081306959291
21056,test,14344110282007770326
21057,test,4158072570785041840
21058,calibration,10121857929393747906
21059,train,13245792025509246118
21060,train,17100875649222611349
21061,train,11490056431336290351
21062,train,10077051034844746382
21063,train,9824300399140420475
21064,test,16109056622588687036
21065,test,8677309858193847224
21066,train,15508556665830062403
21067,test,10598221048352774377
21068,validation,13553393405759439689
21069,train,18401755181130446554
21070,calibration,257551317904977491
21071,train,5102902300904672271
21072,train,2460523314845787299
21073,test,10573262516787669515
21074,test,15803926211094433708
21075,train,5117509620070798354
21076,train,8415088377336177881
21077,calibration,1164342538201087475
21078,validation,9486186878778880512
21079,train,7684422262602810178
21080,train,14216459531041520501
21081,train,16082065608990683988
21082,train,9904308847169955919
21083,train,1354065979091128873
21084,calibration,16159458397888885367
21085,calibration,13583003753669710961
21086,train,8428147952884063241
21087,test,2709004906806409931
21088,test,4309014990706445926
21089,train,265048154777430731
21090,train,16857864239493811540
21091,test,9544517607141886141
21092,train,10222380934945766719
21093,train,7013523195996236674
21094,train,5636149511901900172
21095,test,17689243227759592916
21096,calibration,917205924334393349
21097,train,17342205162264743522
21098,test,11534631238384870823
21099,test,591461736099826665
21100,validation,17031212331398954901
21101,train,3766201951846034457
21102,validation,18020676497402509200
21103,validation,17311325070120165551
21104,test,10041066031403107379
21105,calibration,15544896914801324841
21106,validation,7113482375699478744
21107,train,9134681232025646748
21108,train,6668147477817701394
21109,train,14016116191108212344
21110,train,8289971604927204412
21111,train,3430715015621644565
21112,train,1808826898232232655
21113,train,15914586578947102562
21114,train,12490105326414246946
21115,train,13041112715955653513
21116,train,12401789588544890480
21117,train,16580733610211444779
21118,train,10803891576946538681
21119,train,14461348511933041750
21120,validation,6597129619913772193
21121,train,14762608328812358085
21122,test,17658873384968357883
21123,train,3954660628581490464
21124,train,10781476624026038608
21125,train,11827227070958049961
21126,train,3387980887882265910
21127,train,17626518132838154433
21128,test,10664586928062846116
21129,train,9435917125798660783
21130,train,12091283481887282865
21131,validation,15493267729940845467
21132,test,7497744968715991473
21133,train,1151243982281902644
21134,calibration,18029866713770926246
21135,test,13972856392247421906
21136,validation,12884290956376789435
21137,train,16630227443848359948
21138,train,499867911928224872
21139,test,6251473509738584311
21140,test,4478887829786309838
21141,test,3295186054836473149
21142,train,2133717467158618362
21143,test,15624664427837396983
21144,calibration,16933329523303899090
21145,train,12075593900857893599
21146,train,9031021142349751979
21147,train,12785919391216633282
21148,train,8370980134173776942
21149,test,7277092653825618184
21150,train,14007319298399398549
21151,train,13879834852848651684
21152,train,7045188391537234206
21153,test,15449512594412437686
21154,calibration,11629401555795145800
21155,train,12561822429370782946
21156,test,8909985017876099092
21157,validation,16761606689532755021
21158,train,5733811053087778478
21159,validation,10141078835440047
21160,calibration,1502284453629197037
21161,train,570964300808276767
21162,calibration,1921538903271773272
21163,train,16104367940163296632
21164,train,1853449034924900844
21165,train,9252530904653581873
21166,test,17056139583641660201
21167,validation,7761704913814561604
21168,validation,8186444634180426857
21169,calibration,7436619600524952327
21170,test,1841957127392351913
21171,train,8776127550400595346
21172,train,11912249782332215461
21173,train,13318352391098529723
21174,train,7006073352501608144
21175,validation,14882623189952235114
21176,test,14900359448595613695
21177,calibration,8309232546452743150
21178,train,18002699440314590329
21179,train,1936514087276952903
21180,train,4416172786187514450
21181,validation,13521592509957382176
21182,test,7515818565561924686
21183,train,15466089856576874941
21184,train,781873517265839892
21185,train,13022711143478237036
21186,test,1538784733933135690
21187,train,15921833590036917219
21188,test,13986781583269107223
21189,test,3989133715334172575
21190,train,14483816525986475375
21191,calibration,16091269002672716538
21192,train,1784065187318496154
21193,train,17090070885424484813
21194,test,1314079994230176715
21195,calibration,7211983049446035254
21196,train,4380919670400307133
21197,calibration,2102121935025010704
21198,train,11779381234235534814
21199,train,569800584343736852
21200,calibration,7628810427500843377
21201,train,7278384334766147226
21202,train,17182025936978087957
21203,train,2927728536031521263
21204,train,7369863083314667160
21205,train,12191947931645316157
21206,test,6765999265412932579
21207,train,14970028403824736945
21208,test,13900863489093207938
21209,calibration,4957954901846228705
21210,test,3279624907077516533
21211,calibration,3607498096993889099
21212,train,14424186390176591107
21213,train,16013702355897684290
21214,train,1044637239218559171
21215,test,10528609662643765566
21216,train,5567663721676678979
21217,calibration,12927517880335787767
21218,train,17549677439264793585
21219,train,3001383520275429054
21220,train,5866097833992880404
21221,train,8126218342085466637
21222,train,7585932394092619486
21223,train,16265561423506617132
21224,validation,11463763504520578352
21225,test,11452439937408861384
21226,test,14459592107420183434
21227,test,3660771379770564000
21228,test,5574599227946078524
21229,train,8245015952930335503
21230,train,1373481002992934307
21231,calibration,6220518776853902736
21232,test,4172767549145358918
21233,test,11487996580085035094
21234,train,13482356841735662840
21235,train,17139425733862637634
21236,train,14660208472336807596
21237,train,5753879963018981204
21238,train,2600260747210911942
21239,validation,2783619249054216031
21240,train,8706717819202219391
21241,test,8667647562025111327
21242,train,5018731387743123993
21243,test,9371167820411030102
21244,calibration,10523331478049010940
21245,train,12684503241295746255
21246,train,5023137953294519555
21247,calibration,9652962228033110119
21248,test,14312021529653528327
21249,train,2392263530901505016
21250,train,2723118912902130840
21251,train,6184853998120217914
21252,train,15613328203906100245
21253,train,11320164519006573674
21254,test,2643768499554888701
21255,test,9517020853606583026
21256,test,8390430392765534223
21257,train,6149332992328201258
21258,train,2047567254835720150
21259,test,2983475948679473345
21260,train,9041833456275478169
21261,train,17594669428600453987
21262,calibration,14990942118133183575
21263,train,345788878764863520
21264,train,4790766161827242906
21265,train,13935202366414707132
21266,train,3610313856849890027
21267,validation,2221054829604967780
21268,calibration,16504389553087032754
21269,train,3984894474251299734
21270,train,18135268472735133727
21271,train,17495446794805886734
21272,train,17220639882406868498
21273,train,18194352763977593057
21274,test,12813538311654932355
21275,train,1711578509561145821
21276,train,12422316428026751982
21277,test,5284615305500821182
21278,validation,11055648335693158234
21279,train,17101114371059683504
21280,train,13712917301080114207
21281,train,16506503141779081696
21282,train,14405132323434020842
21283,validation,7508876148307198293
21284,calibration,3190127691060670709
21285,validation,14212852728427160138
21286,train,740262104282268778
21287,validation,1966934353037453292
21288,test,17553625708820146396
21289,test,16221477285801358066
21290,train,14026417740841175872
21291,test,1028027140417071121
21292,train,17620259431453343693
21293,train,15693849967462338975
21294,train,16478713466849454240
21295,train,8980047709280594545
21296,train,3525850210066743793
21297,validation,16292491875884362212
21298,test,7389825649783385296
21299,train,15470685962681648166
21300,train,8743137691378862359
21301,train,1329554561237275765
21302,train,283635781616405406
21303,train,8879807741558242297
21304,validation,11580703250915173225
21305,train,17969208844374368456
21306,validation,12394043657957773066
21307,test,13770747857488618389
21308,train,10540524024356737897
21309,validation,8199956444834790124
21310,test,14435944312549288234
21311,test,12359298949323441774
21312,test,5449107642890559615
21313,calibration,5799828903329511874
21314,train,12064956657980479871
21315,train,674615802335230800
21316,test,5035553985858607493
21317,test,11458193098941427550
21318,train,5690178683778099659
21319,train,2714059396374775536
21320,train,8915982975284713212
21321,train,2717473232814281306
21322,test,16682430945677658934
21323,test,16688153630427497182
21324,calibration,16131047713078046000
21325,train,3579453619996644991
21326,validation,11686652454652933143
21327,test,16525979560269661884
21328,train,7927551445191295918
21329,train,6104469631310651970
21330,train,15761018704023502379
21331,validation,12113855756870621869
21332,test,3266626251779168493
21333,train,14276200531122370061
21334,calibration,12365031980653715798
21335,test,15399386557738797310
21336,train,1217031572685851279
21337,validation,8364347701519649510
21338,train,11738844605904218242
21339,test,18219850685587781845
21340,test,12760485769763408084
21341,train,71985424254422457
21342,train,15550574044179832947
21343,train,7001924457130564971
21344,train,10856727094900423520
21345,train,7365101407225727089
21346,train,8465819413941948918
21347,train,16083695559637091883
21348,validation,12932283509344671184
21349,train,900844527692747922
21350,train,16085569857071235162
21351,train,14467652347763124985
21352,train,18376106370659509947
21353,train,15172089238287419055
21354,test,3750633824393061451
21355,test,8332966256209778098
21356,train,9388563784534087281
21357,train,6725420003508450531
21358,validation,16289243405851143603
21359,train,1315508355436745199
21360,validation,18350751991147599554
21361,train,15325121171733867573
21362,calibration,2058512810500385926
21363,train,14866232818078600736
21364,test,898134421396063315
21365,train,5169592469849082034
21366,validation,17001925849106941167
21367,train,4103337428986773637
21368,train,1913864464686905589
21369,train,2474652069013095777
21370,train,10868353004738338071
21371,train,3719463023771874991
21372,train,2119088565870436051
21373,test,14737073739319889829
21374,train,10846715662948207103
21375,test,5925189483053327046
21376,train,13886792821232714350
21377,test,8783751304278649538
21378,calibration,8443599349281835382
21379,train,14367869846397114248
21380,train,13600166992910770388
21381,train,17579913986381684092
21382,test,7703596608019989462
21383,train,7337206600032971952
21384,test,3861278736404083597
21385,train,6621269795394363944
21386,train,7133543317078426736
21387,validation,1533804146620186062
21388,test,2913081596762392247
21389,test,16767056030025067594
21390,train,10553222396226756777
21391,train,13507997032037968967
21392,train,8274292332793948182
21393,calibration,11092270880635395884
21394,train,13628081546061716442
21395,train,12851194949381764346
21396,validation,8703610762282418533
21397,test,1408698056092037809
21398,test,13884994406460464036
21399,validation,1109957103371765162
21400,train,625789738523354620
21401,calibration,16670509156309940034
21402,train,18305042887926516021
21403,train,13377712439979368111
21404,train,11308952088246660360
21405,validation,615913777020395980
21406,train,29334238313021684
21407,train,5870251306776441189
21408,test,15632209368755093722
21409,train,1576928637551757064
21410,test,13538471973720301464
21411,train,100381645474894620
21412,train,11884167966950052341
21413,calibration,11033216032345179395
21414,train,9469543937986394270
21415,train,7926853547968716543
21416,train,3286047923045665099
21417,validation,7147772481624863502
21418,train,6041833384775647896
21419,train,557743997344843946
21420,validation,18405295672495634898
21421,test,11688313455907239605
21422,train,5377345050883499755
21423,train,1886448457015078684
21424,test,15721718672653656927
21425,test,731205269106966359
21426,test,14002981155748719016
21427,train,7078176305975038024
21428,train,13801147547959920649
21429,calibration,2028420508915361835
21430,train,7601614657501897170
21431,test,6436258266087151482
21432,test,16513217973130306580
21433,train,1880631092926298400
21434,train,5230723839309233910
21435,train,17693151914440206998
21436,train,6123738293173355027
21437,train,6578316507122577985
21438,train,7115146088535528731
21439,calibration,8540905649161275037
21440,train,12658779742293100382
21441,train,5622385110356770923
21442,test,12103388481545967048
21443,validation,15052271832235864244
21444,train,9541066059352059737
21445,train,8500062424029531974
21446,test,12799314345670466851
21447,train,11622539734195629875
21448,train,12680726014295263363
21449,train,11027398094914948773
21450,test,16481835187831946403
21451,train,15327449792809803161
21452,train,10766429694139042105
21453,calibration,9461235904714582076
21454,train,3499613651729939622
21455,train,12862376737820260237
21456,test,8287309681777912437
21457,test,689827358015905136
21458,train,17442207951030488505
21459,train,13667819811504481121
21460,validation,8357321215662318061
21461,train,12142134838733655485
21462,test,9019713728497305891
21463,train,13997938143198606700
21464,train,18445091192431087089
21465,train,4887851061948237927
21466,train,1639846543426883349
21467,test,6514732566900020551
21468,train,5625396974743250206
21469,test,1622812634439196947
21470,test,9606252604266869533
21471,train,18284304242626943636
21472,validation,9336777643263744853
21473,train,542830034800550339
21474,train,4740271909077114426
21475,train,9689927137124760948
21476,train,12272717617581698638
21477,train,13684348690322785292
21478,train,13567714239959067106
21479,train,4528305665350150326
21480,test,8453238532181171898
21481,train,16562449499026457935
21482,validation,14567385229093069163
21483,validation,16316969102633835454
21484,train,16708925778860468645
21485,test,9020441535309762567
21486,train,1583715150778006873
21487,train,13851288989818577365
21488,train,4210841054864244740
21489,train,3080819559482695748
21490,validation,831693942962504336
21491,test,13408948455514159855
21492,test,14436247186151878234
21493,train,5695076200570734504
21494,test,13155200216191490388
21495,calibration,12804688583815417457
21496,test,8249347847977685415
21497,train,13831486456983611860
21498,test,2250400558075098922
21499,test,13792286972159882272
21500,train,12490793905805776450
21501,test,17589729793548348749
21502,test,1655715515825544377
21503,train,4561512975892790338
21504,train,3813086551191184931
21505,train,1375775885708963361
21506,train,15852303692504887792
21507,train,6890846766816681796
21508,train,5053877945166474497
21509,calibration,8341551566944152162
21510,train,16762364306551100955
21511,train,6515428535577923501
21512,test,15919999141874275060
21513,train,373301175695506118
21514,test,1593608917680478396
21515,train,837034704046565658
21516,train,5586874495009781194
21517,train,7585413171410503794
21518,train,14689014411761719240
21519,test,6932707940034587115
21520,test,7095479002640344854
21521,test,6244234643403762857
21522,train,14205052178015816093
21523,train,5902048492825591158
21524,train,3493370597371863448
21525,calibration,7624088875238581960
21526,train,16817255156183924610
21527,train,5858777863350201733
21528,calibration,8638511975950623184
21529,train,15269059232855263378
21530,calibration,16211983088021288454
21531,train,6909633246607041324
21532,train,15037780890655483111
21533,test,6360842500811070452
21534,test,10909842709827209379
21535,train,12958485334129255688
21536,train,13865294806703152523
21537,train,11444960325363359878
21538,test,5851296807338170330
21539,train,314057261650964815
21540,train,13778068711551794005
21541,calibration,1576219396957485624
21542,calibration,7649785596881594558
21543,train,14290426828556823366
21544,train,6893753624947038246
21545,train,15824308787904493467
21546,test,3804984244753139358
21547,calibration,17235376319686752395
21548,calibration,4188405982498705770
21549,test,6376966015180534055
21550,test,17766883196055966930
21551,validation,5734860705286650060
21552,train,3929740498554773384
21553,train,7114247774161963813
21554,validation,13664429919353168213
21555,train,7691363585779510707
21556,train,8922339024464206339
21557,train,2462267111917300252
21558,validation,7382787207891340901
21559,train,13924819226216788264
21560,train,9575755732471560497
21561,test,5414986620176390744
21562,train,1806688211147665938
21563,calibration,8249453870905242159
21564,validation,9874786587558334369
21565,test,7334527941012431805
21566,train,10359316710740392288
21567,train,15545700515966376097
21568,train,17247308355377176466
21569,test,13199489588987319123
21570,train,10454610087829928166
21571,train,16152087112681811774
21572,test,18057107280477458579
21573,train,4650963051665116624
21574,train,4325870376339777969
21575,train,16824552609994034891
21576,train,7003898533905580332
21577,train,2154628237418732988
21578,train,71204940705689288
21579,train,13304592232247821095
21580,calibration,11782552053784932158
21581,calibration,8749321136987755572
21582,train,10125875847255451761
21583,calibration,76059285773935058
21584,train,8071019521350658482
21585,train,13143849064962076985
21586,train,9927073479123533980
21587,test,7746990593024310874
21588,test,2491633831196600332
21589,train,5166653850731774550
21590,calibration,4257561589871544829
21591,validation,3633892162534242474
21592,test,14229605619023254930
21593,test,17112542370453353838
21594,calibration,12121920585686914844
21595,train,265497878568530032
21596,train,777617134391947488
21597,test,1472875486942620997
21598,train,11180521853933642549
21599,train,5941884585254225706
21600,test,2176091148489696621
21601,test,1777427483517604885
21602,train,13279402280117506705
21603,calibration,17453498695044031948
21604,test,1838851762485030298
21605,train,16316456314635498602
21606,train,10977761045013079004
21607,train,5391448081743291427
21608,train,3216847829005786206
21609,train,7907971022111181123
21610,validation,3102646747675799437
21611,train,7029101574006529390
21612,train,12080169048337910143
21613,train,14049424499157360679
21614,test,17769356104477428283
21615,train,15939573128147329958
21616,test,1736090011355049347
21617,train,17541981898901695120
21618,calibration,12734947059914175494
21619,train,1360994881861861425
21620,test,8149865974125569126
21621,train,11344364149786977174
21622,train,919716833189813121
21623,train,7670791623160443921
21624,calibration,2264140209020952176
21625,test,17749296821926935070
21626,train,4609194123249626635
21627,validation,6740038630015297382
21628,calibration,8334897807484679633
21629,test,8151439684223596896
21630,train,15676203580222367466
21631,train,9544940077793287498
21632,train,7968270304138327283
21633,train,3580533666486708009
21634,test,16667163713584576666
21635,calibration,3430861128017193201
21636,train,101125869457941485
21637,train,7397956960704118104
21638,calibration,13511256526650966287
21639,validation,16346792174099356349
21640,train,13512570512809109992
21641,train,5954885025776249496
21642,train,1908020460929044820
21643,train,4531815606068327425
21644,calibration,16114286924964386871
21645,calibration,4889522649452309051
21646,train,11969343934947639263
21647,validation,1631237422362496347
21648,train,13211855692926178791
21649,calibration,18214455330856183826
21650,train,5137986125353168328
21651,validation,1879989985466789906
21652,calibration,17052059148240780001
21653,train,15540332034294427714
21654,calibration,1126580353175012884
21655,train,9845497543004846767
21656,train,18035802034150549721
21657,train,11785838011400461065
21658,calibration,2420824162447851811
21659,train,3745014788767022823
21660,train,4317449386189257830
21661,train,8952537679388847999
21662,train,6927205637413167140
21663,train,3563758622685232167
21664,calibration,3320791603426067333
21665,calibration,13837475396019164078
21666,train,4576459644939734591
21667,validation,18361455546883201681
21668,train,15445389250956373756
21669,calibration,6401904978178802300
21670,train,4076236623690625273
21671,train,9311521457261072834
21672,validation,15728684830567351534
21673,train,9186544144762812738
21674,validation,1601195665153249841
21675,train,11174881263850451422
21676,train,5138237899677510556
21677,train,8983977143250487333
21678,train,5237911898975717440
21679,train,9669216655589082887
21680,train,12303255202034743162
21681,train,9295086939061297702
21682,train,7598017793013457166
21683,train,18369278719075189419
21684,train,16195428854444537342
21685,validation,15550295127524908378
21686,test,6097719406099765986
21687,train,15318128209420058938
21688,train,3021797376827228413
21689,test,7087800131300518312
21690,train,7019195477636491299
21691,train,2282602776310153272
21692,train,2252989524907386323
21693,train,13741175126937445200
21694,calibration,5301370718096702380
21695,train,10586428779434477712
21696,train,18149467429299535087
21697,train,11341721758299514589
21698,train,4824656513621119824
21699,test,10098904546207192288
21700,train,11413774451049623878
21701,train,11074160375824948237
21702,train,4984495509019323845
21703,validation,5052478989230720881
21704,train,5269793031931654536
21705,test,3821347231576979844
21706,calibration,15016478945251928700
21707,train,7311621906595174451
21708,validation,17548190018248443791
21709,test,2250275482877158949
21710,calibration,17837412867514425109
21711,calibration,16319742001384024488
21712,train,2793217822753486128
21713,train,714187098377183127
21714,test,2310204936280977923
21715,train,13176667793732015031
21716,calibration,12498385557307124190
21717,train,5255396719306078410
21718,calibration,16015977309289351629
21719,test,4063243109165411833
21720,test,18210478752546050599
21721,test,13614450920224972789
21722,train,9736132536781758608
21723,validation,10150466589134595070
21724,train,14920724485212038402
21725,train,9866032786349370987
21726,validation,12498938934841955907
21727,train,11711994326198970289
21728,train,8242735090926788193
21729,train,7094076315208208199
21730,train,17599945703312037332
21731,test,4648462284792342870
21732,train,9017012849279344791
21733,train,9240236189197407598
21734,validation,17157872913707744553
21735,test,15158140093965069898
21736,train,393927362984869850
21737,test,10724012155326179186
21738,train,10817597031896221401
21739,train,13832171323488233045
21740,train,18318100047831776901
21741,train,17299011014625981530
21742,train,16183882792824889325
21743,train,2241438500108277846
21744,validation,8222198216491397576
21745,test,12131524494312616402
21746,train,1119238089102962548
21747,train,4994829622249628942
21748,validation,4717103764899393589
21749,train,15824163042313964608
21750,train,3971680129591527993
21751,train,12963344839566535619
21752,calibration,4966888404048946084
21753,test,7040671814973701838
21754,test,8041461949359211594
21755,train,15437615759266942646
21756,train,11292002033875203874
21757,train,2093510209719633410
21758,calibration,14967579386805507224
21759,validation,10246195593453793730
21760,train,1384745600801626803
21761,train,13615741222613795334
21762,train,6717580294517687065
21763,calibration,16038560467211318982
21764,train,14694997864916435976
21765,calibration,11792197618494153020
21766,train,12818396879471753188
21767,train,2616787570077548706
21768,train,11502587898923716595
21769,train,16357510442445904295
21770,train,2249608038770111703
21771,test,4541398226055356722
21772,validation,13830539841058676285
21773,train,2594044843052919448
21774,validation,7027634199691194652
21775,train,14522728422573432016
21776,train,11204060937112464452
21777,train,10586848671489605631
21778,test,4931821372038954943
21779,train,9935400078654491358
21780,train,17972243528595877666
21781,train,5719157804633079367
21782,train,11159577127992827435
21783,train,5410895179747047691
21784,calibration,13516887628146399521
21785,train,8904641803807992743
21786,test,16203341115329991840
21787,validation,5205570554566421885
21788,train,5567552618217159788
21789,train,18418770195920300358
21790,test,12930975979672477585
21791,validation,10774934260556240411
21792,test,5406765728926457199
21793,train,9747834759712429825
21794,test,11403640187860859075
21795,calibration,2340226008314441334
21796,train,10305902105152411805
21797,train,17568754450546761371
21798,test,10906921601579361544
21799,train,14278357823582843583
21800,train,12110808794043693359
21801,train,18060689167072149359
21802,train,14509221922992829934
21803,train,15779200932217597136
21804,train,12574103190667384017
21805,train,3796134669737847711
21806,train,5212056421061703032
21807,train,10361074209251307156
21808,test,4113628959237927901
21809,calibration,2706974909758152366
21810,train,17176126269890800350
21811,test,9153269947726893591
21812,test,12938866961622784913
21813,train,4754013048669086615
21814,test,18379352890626707000
21815,train,13519392734337696208
21816,train,6713393725764398785
21817,train,13074052956463048414
21818,test,1183869920632787760
21819,train,8006103234219258336
21820,train,14820373793956205631
21821,train,9933048771042293227
21822,train,4391043711814078984
21823,train,9587648719397635345
21824,train,12907027795510855903
21825,train,1411634640857107702
21826,validation,11350962114637623030
21827,train,6850315159869388989
21828,test,9988586929431901470
21829,validation,16236659425874179151
21830,test,10319209678687417902
21831,train,6231587677551280353
21832,train,13613014152642766852
21833,train,10699295812793809119
21834,train,15279335396482921893
21835,train,17150098460521590924
21836,test,658883041650944812
21837,train,7844135247569236600
21838,train,13433818437282073662
21839,validation,1520435884810712035
21840,train,6193631286386316746
21841,train,11458622768704707756
21842,test,17487932137603922984
21843,validation,12810236401626292894
21844,train,12379729424407639171
21845,test,18109136686074620137
21846,train,2941339147374047913
21847,test,16668292307969002763
21848,train,6070130340420674971
21849,train,15548565053002248125
21850,train,16650829020581667321
21851,calibration,14984812664425993975
21852,test,14006998991886265452
21853,train,15497049461330922202
21854,train,16963618831702759877
21855,train,5367078749974162971
21856,train,15722635639182780864
21857,train,12995495839396807504
21858,train,15559049730877859158
21859,test,153647706629978257
21860,train,541159977075945423
21861,train,6594147846392810879
21862,validation,17259535268411769388
21863,train,6609139894848442008
21864,test,5162740359223407883
21865,test,11912086822580357282
21866,validation,15583414303113520479
21867,train,3444626111413641455
21868,test,5064401977761790025
21869,test,14052081728311273253
21870,test,10060287108080065211
21871,train,8962326260377699974
21872,train,5913995349942599680
21873,calibration,16778918221034006680
21874,train,15046219865140304928
21875,validation,16508417581176953643
21876,train,18188228085227860700
21877,test,7099595264873978514
21878,validation,17723182614858940184
21879,train,16274110927072088560
21880,test,10849037451007452033
21881,train,6837342799655051190
21882,calibration,7229359684364977019
21883,train,73574529288486748
21884,train,2514559836431128950
21885,calibration,10477186206734318652
21886,train,13981675260484049432
21887,train,5873927021233385969
21888,train,14033208442611196214
21889,test,3087219228889757445
21890,calibration,16930119029156581271
21891,train,6218671794922949320
21892,train,17260891399968554706
21893,train,10647424102837516992
21894,test,1291813422247636419
21895,train,14022909854105525023
21896,calibration,1548912310699912476
21897,calibration,12754638999730568403
21898,test,2070301120612998104
21899,train,14011921579038159456
21900,test,1401948356098213234
21901,train,7741110227505640445
21902,train,16239067134838155192
21903,train,14927423274247496103
21904,train,11918315907621378964
21905,train,6374734179867458281
21906,calibration,10417534567832850137
21907,train,9291728110486212017
21908,train,7002918181585035428
21909,calibration,10992898502061722700
21910,train,10560380159664335666
21911,train,8326651213301360734
21912,train,2240750482789747663
21913,train,2413685930693457516
21914,test,3350158700854241234
21915,test,7611911492858467168
21916,train,13510834497633899246
21917,train,6696836035430771730
21918,calibration,10155208885692211197
21919,validation,11903907696073111605
21920,calibration,15062220902890251888
21921,train,2408098231532473602
21922,train,978715759970691660
21923,train,5349399183476368569
21924,validation,4055582039061843873
21925,train,6659706072632819650
21926,train,17012768993209690054
21927,train,13344475570506913996
21928,train,1863789810331286034
21929,train,13152267082598217390
21930,calibration,6663266644838543131
21931,train,3856992187062659729
21932,test,3672459499274094240
21933,test,9233877879591350493
21934,test,2186965025951681842
21935,train,6886849449536861776
21936,train,3331231197898700835
21937,train,11434580338999558439
21938,train,5246243397199453549
21939,train,16289420857807854960
21940,train,10600543773496391110
21941,train,3457313566982879990
21942,train,15684570957273424274
21943,train,17849128783336092320
21944,train,7204813650178624569
21945,train,6147103354354367597
21946,train,1016388915264877891
21947,calibration,5102551443002707468
21948,train,8388618039859726069
21949,test,4059672274703515336
21950,train,13111269274994381741
21951,train,745546934231753209
21952,test,897127201751658951
21953,test,14374543495014577484
21954,train,7345263913855861276
21955,calibration,4005723342633046549
21956,train,15254236390576109002
21957,test,10022513568709086842
21958,train,10745401629511055257
21959,test,11917779975697969819
21960,test,4276491060424617385
21961,test,16744397468079839617
21962,train,4417946293425874363
21963,calibration,8398980206380855610
21964,test,16958482694297140084
21965,train,16611847667365950084
21966,train,9200621232618594538
21967,train,12799231347203674420
21968,test,5504904998994327868
21969,train,7446364503800890627
21970,train,1545908705543303392
21971,test,1810996379444203708
21972,validation,1315249639054308779
21973,train,17680483713398068504
21974,test,4742923123382400827
21975,train,6890253783664084184
21976,test,6147828679765285128
21977,validation,18183456056633600682
21978,calibration,14341972020790262639
21979,validation,3618341079037167613
21980,test,212342651430123284
21981,train,1775068854685752698
21982,train,827890244370241985
21983,train,10139455473433330536
21984,calibration,4998482771919854549
21985,test,3280996510184910232
21986,test,6070964672051880135
21987,train,9216990113804617896
21988,calibration,5245097129140123632
21989,train,5122614747556615615
21990,calibration,15287621073214051598
21991,calibration,1430806362902335189
21992,train,17106446199137411063
21993,train,17190967091713727802
21994,validation,2917575776467788598
21995,train,11031958071326229743
21996,validation,11001276651094219189
21997,test,6072874802320502866
21998,test,5949296161146026842
21999,train,12113728683909174976
22000,calibration,9514575472288623470
22001,train,3688529108931714726
22002,train,7537278663893271348
22003,train,1989629277316429219
22004,train,6250651555803915135
22005,calibration,1048054682233245861
22006,train,11609275058022224642
22007,train,8904995458316852724
22008,train,15063509379838224666
22009,train,16876458577910789179
22010,validation,9657604245152050243
22011,test,5064237092852955423
22012,train,11206448225099824281
22013,test,16316894811051468172
22014,train,9651602770465263404
22015,train,2670429095740214986
22016,test,6394318773337691892
22017,validation,10539182917579625047
22018,train,17742038733024170139
22019,train,14209832778796117872
22020,train,12675184073009243621
22021,validation,4826534994969147241
22022,calibration,15101831138569679844
22023,train,7027816903813143358
22024,train,4601920268786188178
22025,train,16346356970033752735
22026,validation,7429266086420792428
22027,test,11068179754281536053
22028,train,6425541183617029084
22029,train,18222423584596738093
22030,test,18034334383991684247
22031,train,13178703498798740151
22032,validation,6698249892670485768
22033,validation,1178203862423793429
22034,validation,7288749693584687306
22035,train,16305911484006768042
22036,test,5822936636342187046
22037,test,7960065553593681606
22038,validation,8684290944222288356
22039,train,1942912303936688403
22040,train,14848265252655326000
22041,train,17779944811717008052
22042,train,9577632726625754300
22043,calibration,428269725715007554
22044,validation,16492487043860801326
22045,train,14328782039299460277
22046,train,803370822736906785
22047,test,10195872003030129697
22048,test,3078558944819225529
22049,train,18212878981021892023
22050,train,16395192666944413754
22051,train,15657672704413907929
22052,test,3687928177057027362
22053,test,10679416977065976485
22054,calibration,2805635067406209159
22055,train,12036335682355891304
22056,test,1984998723802517768
22057,train,15135964810381249636
22058,calibration,13096797828173330546
22059,train,17703667556529377673
22060,train,12308187482089424325
22061,train,9622383627814451666
22062,train,13812063903382305479
22063,test,6936218647216961053
22064,test,14760968195280977696
22065,train,18384869486411114376
22066,train,7020860871509564936
22067,test,3603041781364460916
22068,validation,2964180915041899290
22069,calibration,9723889310978357318
22070,train,17077974427271826227
22071,calibration,16566920931257578748
22072,train,9826353139033999513
22073,train,2722201383057637579
22074,test,6116588777004498813
22075,train,11232502611998582118
22076,test,12779069432629973339
22077,train,9898205174476146958
22078,validation,13006899061659760554
22079,train,10105097858476573313
22080,validation,17497950688002126895
22081,train,13980053717977312223
22082,train,9382240805296113804
22083,test,5977427233811731178
22084,train,4326995670550221346
22085,train,4269551736681466562
22086,calibration,5844696113599010772
22087,train,6365042350603592236
22088,validation,12683824707808567325
22089,calibration,12630386210723430974
22090,train,15317306665295829626
22091,train,7985821147317739503
22092,validation,10964763485173230157
22093,validation,778893602752273160
22094,train,16451718528246209486
22095,train,11092752880031474382
22096,train,13256610567873172770
22097,calibration,3789504689471961111
22098,train,10953259442704447861
22099,train,1135015960270189245
22100,train,12017463572099184460
22101,train,956955985008439564
22102,test,9415628884894858724
22103,train,15702105710509359279
22104,train,8204137937686589055
22105,test,9947775117852252715
22106,train,12207680721272597540
22107,test,8848129634989937392
22108,validation,16449147248979047323
22109,train,4936779594006743980
22110,validation,3687776421945337344
22111,train,382783086097924745
22112,validation,7700981727532195870
22113,train,9149024980705694037
22114,test,15906655011064270343
22115,train,15792483161092605277
22116,train,3825046900793335734
22117,test,7658630561566603227
22118,train,10961438402047336990
22119,train,13217847736586831087
22120,train,12276212561223484097
22121,train,6364921161219252468
22122,train,12321015586301360173
22123,train,10616908086216583577
22124,train,9109173785683439228
22125,train,14459138983648830198
22126,train,6383283975127240532
22127,train,6239070539949362913
22128,train,10806695539938578774
22129,train,18015406265446978171
22130,test,10968687203205708799
22131,calibration,11863311262317110142
22132,train,750029770639484855
22133,calibration,2649425549008176228
22134,train,18248672129258746096
22135,validation,2938266791436438656
22136,validation,11763442153823762391
22137,train,2967875088069380109
22138,train,11264661053889218114
22139,train,16796253665168264770
22140,train,12679214105108551253
22141,train,9044294291770054480
22142,train,11035018516535099828
22143,train,6832798315471230404
22144,train,5298840961757924341
22145,train,2061688730946789947
22146,calibration,13883340354667073415
22147,train,11918316141679476206
22148,train,1249261344126883192
22149,train,13739256499559475493
22150,train,6904397815152182502
22151,train,9661684469361377301
22152,test,9309264999432521490
22153,test,12757057047018251134
22154,calibration,12115206797586233379
22155,train,14827113480719778359
22156,test,7704914263935356292
22157,train,14745695246647802779
22158,validation,17371834931002160277
22159,train,2930615573273561683
22160,train,10027275476874313396
22161,train,7595472104507531469
22162,train,6467172185197610632
22163,train,16817255156183924610
22164,train,5815774094019909847
22165,test,13166429630423027801
22166,train,976253547040157436
22167,test,18088507500484603660
22168,train,17736322845140446649
22169,train,2497578630114904131
22170,validation,16971306564630281922
22171,train,10734397463135750766
22172,train,7691296467666457243
22173,train,2615358772927105064
22174,test,15036579862005463201
22175,test,16014119140939250718
22176,calibration,7473200882640553724
22177,train,7589181089246343530
22178,train,4561921547590569608
22179,train,16718073344162031105
22180,test,3349838976219423363
22181,train,11023471381368043791
22182,validation,6512976488613104202
22183,train,15208740327779170900
22184,validation,5676581187951114601
22185,train,17813830117188404693
22186,train,9541754246298606394
22187,test,4640756644252975320
22188,train,5527238690359590913
22189,train,8366035330030533574
22190,test,11372853612418839747
22191,train,11517775091574003648
22192,test,13256715654969932416
22193,train,2343546409339042027
22194,train,2573773040462119411
22195,test,2291112069547829471
22196,test,781178995301005888
22197,train,7067637563451435079
22198,calibration,14361685847745523451
22199,train,3244423286448305408
22200,train,5138611027837435703
22201,test,8921634081095783515
22202,train,7271485884425518929
22203,train,1530221755199508012
22204,train,17490129811637339093
22205,train,17445015721690367101
22206,train,6202198240204494498
22207,train,6043953809825101349
22208,calibration,17329516409865440129
22209,validation,17934317034244215410
22210,train,168180120718817246
22211,train,4259319564632219151
22212,train,13621191957755049565
22213,train,1153785767643153181
22214,train,3563208775361893139
22215,train,4216363047484539874
22216,test,9989975856693866994
22217,validation,266346756782185799
22218,train,10783601072187686044
22219,train,8464039534660995959
22220,train,10542367885925053939
22221,train,14479718698044944954
22222,validation,7793327558001768014
22223,test,16988855967690130556
22224,train,6505278931534430588
22225,test,11752126854320169591
22226,test,2975143826661162306
22227,train,12853323817208703304
22228,train,3122288707138654833
22229,test,8484274378589812958
22230,validation,3263610392165729388
22231,test,12932390381893278593
22232,test,9383930716946895042
22233,train,17216761817464807962
22234,train,17772389092113918057
22235,train,9460776615937666622
22236,train,694808605523678190
22237,validation,4195833093512410367
22238,train,13702012783362323649
22239,train,608868780074341367
22240,train,9029681302885682487
22241,train,16095887155765030401
22242,train,5568775569725565826
22243,calibration,532449855015365179
22244,test,18117489857580470864
22245,train,3906838798995273070
22246,validation,1427473729996211918
22247,train,13738604381887185608
22248,train,15408560795830576296
22249,train,9951833749922034420
22250,train,4260704727370576016
22251,test,16396851729744284090
22252,test,1233056669362438654
22253,validation,3307554783905012520
22254,train,13628081546061716442
22255,validation,167121734282763167
22256,calibration,12004233318665107345
22257,train,3997777840306887050
22258,train,332324670636146504
22259,test,2834195576880063364
22260,train,9603743639749510804
22261,validation,16641130196229303032
22262,train,16817255156183924610
22263,train,6740155539162810729
22264,train,13127696405905484097
22265,test,9522172793291630365
22266,train,461630958257722521
22267,validation,4346620213718137022
22268,train,15054986310440077984
22269,train,15071389278918319296
22270,test,12569356037467048853
22271,calibration,5361151351302064332
22272,train,15542016514474381465
22273,train,16996341579427354176
22274,train,16764597088863923024
22275,train,17464573524557337390
22276,validation,14732708604578232219
22277,train,767774149008048972
22278,train,162414960640181765
22279,test,6404731379108625706
22280,train,939437108236491205
22281,train,3223281989989730808
22282,train,12319834700288163923
22283,validation,2753820705416332416
22284,train,17561377274788317992
22285,test,7627338453279922226
22286,train,14751800618805426652
22287,train,6184480116182034189
22288,calibration,2112292200988430498
22289,train,14447212384816718364
22290,validation,16046234837531899619
22291,validation,10020373400466665417
22292,train,4044313625675277424
22293,test,7154502350287301793
22294,train,10590298381288672288
22295,train,9133371747567433020
22296,train,11930950816703663474
22297,test,5657877870549371338
22298,train,12707848410690472808
22299,train,15551496651916141165
22300,train,9833448736255912508
22301,train,9779362275126892186
22302,train,5015892250209355430
22303,train,16754359662781171488
22304,train,8783815772847542412
22305,test,16118886868654301667
22306,validation,17500308791615265860
22307,train,13853391978747940090
22308,train,2104134568926778879
22309,test,1310907155778197586
22310,train,7875178011340405809
22311,test,15623362835658437658
22312,test,14247854618362426966
22313,train,6630239126659296331
22314,train,5687152963957513637
22315,train,14952210025612148379
22316,calibration,5664851350572778880
22317,train,17182672804257421509
22318,test,17988406401422232708
22319,calibration,4743344172672998413
22320,train,13628081546061716442
22321,train,12751101318186205133
22322,calibration,15486840617099568392
22323,validation,6898815635645617982
22324,train,9298765612004039705
22325,test,15021028047538041501
22326,train,12197274595583566075
22327,calibration,16725794569380338360
22328,train,16910344972553613548
22329,train,18284605505603305901
22330,train,15496486026207411791
22331,train,12341715974028161697
22332,train,17587894179816504673
22333,test,18437729917076799386
22334,calibration,17717179069133147050
22335,train,2619176960741636679
22336,train,10493301821061969196
22337,train,12387085485429671352
22338,calibration,15183772604460699556
22339,test,15902560664128603551
22340,train,6446235849691009659
22341,validation,8509149470048346077
22342,train,14620528970424454399
22343,train,9529630298845621610
22344,test,9557701873063854333
22345,train,5807439971378792812
22346,train,11575498434528331456
22347,validation,1688882474382777388
22348,calibration,12181357502690628085
22349,calibration,3614339471389579913
22350,train,18072304168239025518
22351,train,954583028525629701
22352,train,12325416747454791429
22353,train,1118207428367151466
22354,train,15828938406374197720
22355,train,8591964268670299881
22356,test,9670833161239496476
22357,train,17512938722699532757
22358,validation,12691886447602491363
22359,calibration,13849848490173338438
22360,train,14210389009905835150
22361,train,521985684394078219
22362,train,13072482819260126670
22363,validation,9601113008020948933
22364,train,15106628745065161327
22365,train,6233107746218712623
22366,train,6762135835001250467
22367,train,2048859997926133671
22368,test,15084260455140006168
22369,validation,14163638075350408261
22370,validation,6786371783050876397
22371,train,17654075520216726544
22372,test,15813313402624356967
22373,calibration,16794305252592106028
22374,validation,4688456341959212825
22375,train,2300176829464159571
22376,train,9746046814129047919
22377,train,104674064343717815
22378,train,17704345163795140028
22379,train,9443224755088577954
22380,validation,5905798983580603772
22381,train,15990945076940695454
22382,train,8029109090065485737
22383,validation,9692215304648339289
22384,train,3313466065655820685
22385,train,13130551193486119949
22386,train,17626536344728798978
22387,train,872820657712663011
22388,test,6931976103257170198
22389,test,7495127864482165211
22390,train,17976689218661562703
22391,calibration,11359445630084941578
22392,train,6902675225953236049
22393,train,15748379718866786370
22394,calibration,11666346271091472492
22395,test,12744258498707360778
22396,train,12226897455693361776
22397,validation,14378396135723711422
22398,validation,13792683331167040366
22399,train,5243454591537064888
22400,test,6387486865477945805
22401,test,14365296518456512023
22402,train,16760398993771678799
22403,test,17721042827366095364
22404,train,14964764622000118990
22405,train,6025059409609717180
22406,train,9765451332624422710
22407,train,3869936897257458120
22408,test,2376610091016393895
22409,test,12037584229456227106
22410,train,1044637239218559171
22411,validation,17073129469713016552
22412,test,5021065207621005106
22413,train,3063971939539561050
22414,validation,18135923639786367844
22415,test,6079454845228762942
22416,train,3110857497185808139
22417,train,6515675978622456255
22418,train,3175929041390148675
22419,validation,944910390362310648
22420,calibration,16797288348648646477
22421,train,15586056600158821292
22422,calibration,15162184779974348841
22423,test,2143248994251073303
22424,train,7699566802628547965
22425,train,12228415520173315783
22426,train,16638017928178151
22427,train,3588195174810699323
22428,train,4350151915178942442
22429,train,1820787288646691297
22430,test,9186747800531316981
22431,test,9515496392600384877
22432,train,18343287706632997805
22433,validation,1174045705495622702
22434,train,2137211026593090965
22435,train,15540775443167337718
22436,calibration,6570715789424698252
22437,train,199369856760371120
22438,train,272483773457905982
22439,train,7488235763008931275
22440,train,2520137152296206275
22441,test,17070463382144706985
22442,train,11785480266818089024
22443,train,12674965959955702435
22444,train,16099711384840400883
22445,train,13628081546061716442
22446,train,16902548790405096460
22447,train,11758715394380467185
22448,train,15749929297759202036
22449,test,12504151660231146912
22450,validation,6422567691632181128
22451,test,15299378303509559836
22452,train,11909799255441452175
22453,validation,17050668846459046840
22454,train,1390989868033018380
22455,calibration,7625392807123274800
22456,train,13950343416797171990
22457,train,8195503343163153162
22458,calibration,570957927200971567
22459,train,11218548879661543872
22460,train,1281140197335584430
22461,train,808698561584840941
22462,test,15804032206084774590
22463,train,13583019931215873004
22464,validation,18110632719369984567
22465,validation,5157825170706482360
22466,train,11440130407400263268
22467,test,11013928493692602606
22468,test,2626537750350449387
22469,train,5222520002903949172
22470,test,10517808267421885591
22471,train,16939254760376810359
22472,train,6554575087667453822
22473,calibration,14676852557722271121
22474,train,7002554218867255943
22475,train,12569455468347989657
22476,train,2584948660099349363
22477,validation,6750000309591158458
22478,calibration,16633004584333154571
22479,train,9644781002710034690
22480,test,12917525797548464970
22481,test,5679961103235814453
22482,train,5938765950268246315
22483,validation,1027659823380502539
22484,train,5756316306279859657
22485,train,12231135951237534100
22486,train,9123219215972344337
22487,train,3094624837840487778
22488,train,4282043542217010596
22489,test,16251595643253580090
22490,train,1227174646846860911
22491,train,5258501759400725343
22492,test,8774784069832352166
22493,train,5952997879548544155
22494,train,5061610946938906313
22495,train,1373090202112751390
22496,test,8527976857196477069
22497,train,3436110357761834295
22498,validation,2225807272471459690
22499,train,18367296257010912047
22500,test,12722119667364108457
22501,test,12441290724399318460
22502,test,18383889799960185690
22503,train,4135624952350960073
22504,train,7824978616912989300
22505,train,7021161743712940288
22506,train,3539287245242692671
22507,train,3125750322472989003
22508,test,2319365709998856708
22509,test,9177111664434140308
22510,train,2918729042238461014
22511,train,7767880276022785154
22512,train,14444022757797974003
22513,train,13221860916245021941
22514,test,7434838076890432482
22515,train,5968584784978373683
22516,calibration,7015874393484957205
22517,validation,1874850773969957344
22518,train,9066730655207898626
22519,train,15822332888858007151
22520,train,16293969773679262333
22521,test,11196760167935591353
22522,validation,143225925381326529
22523,test,8321589898273867744
22524,test,17712374244359844336
22525,train,9059453663378761502
22526,test,8231400518664483984
22527,validation,7793855282742781383
22528,test,6153153157582722180
22529,train,8829393290028845062
22530,test,16173361208889588018
22531,test,7346356070718419460
22532,validation,2168923166773739895
22533,train,12266630897365884944
22534,test,14310064288913329543
22535,calibration,12100060646523358591
22536,train,3475373284126882797
22537,train,4349190532795053352
22538,test,6895352766372869194
22539,test,1917514296487837862
22540,train,9247850693561174656
22541,train,12000998074743331551
22542,test,9641406026026272440
22543,train,2334802305294154165
22544,train,11996340102553919768
22545,test,4601255691491286085
22546,test,16571635456878223623
22547,validation,4626092279391001849
22548,train,8936113529153333003
22549,test,5850469143951338652
22550,calibration,10183294486213591599
22551,train,11743070103196453702
22552,train,230472903374656173
22553,train,928197890688076981
22554,train,4057252218008196574
22555,train,10946756109504895482
22556,train,16497965906824510632
22557,train,5086545379709784852
22558,train,15464448455031609887
22559,train,6000197138439101128
22560,calibration,13009964675986207466
22561,train,17873495055267852301
22562,validation,6020788003565119939
22563,train,13110614839315149942
22564,train,14252197215286531766
22565,train,3371243682619905326
22566,calibration,5482802156223417745
22567,train,11850975485491654409
22568,train,7348889508665900126
22569,train,17864307052351384754
22570,train,5050815098474890531
22571,train,11453715223409331320
22572,train,12422699259950817112
22573,test,13071385423664275148
22574,calibration,9639504750445279980
22575,train,891523091436553508
22576,train,12117803073710488546
22577,train,7177846832460493743
22578,train,5190236595666090442
22579,test,13948049341335382342
22580,train,2926587523828893947
22581,train,7352139452289385730
22582,train,13368663935783460918
22583,train,2303228584838725348
22584,validation,10763730300405995204
22585,train,13764445594756625615
22586,train,14776393046220845109
22587,calibration,15532613383160865178
22588,calibration,1485768149091142509
22589,validation,8941829678008969217
22590,train,3088680500080078962
22591,test,1668798193509120096
22592,train,13656898216401248826
22593,train,843111064107491074
22594,train,12779077629083154068
22595,test,17066411658770428890
22596,train,5992460747917689772
22597,train,36091744514257702
22598,validation,956605831345250000
22599,train,2329347348086155214
22600,test,9768193138053068674
22601,train,15147217116647899275
22602,train,9628213625154790429
22603,train,15292055187274888079
22604,train,16191729132276340835
22605,train,2665134554666195097
22606,train,2181023065108832725
22607,train,5422354207159073512
22608,train,638442826179970252
22609,train,6502622259054930137
22610,train,14236304725285594972
22611,train,1915773982780740715
22612,train,15268270041772322970
22613,train,2033692323224775660
22614,test,4848183704272248319
22615,train,5759912935531658560
22616,train,10729119391656563203
22617,train,5055841114334649593
22618,train,5423224275834057294
22619,test,6922030720854060373
22620,calibration,15980405356947135489
22621,train,17535424183667491282
22622,test,9581964487020262307
22623,train,16530356890618181749
22624,train,11725779870807074608
22625,train,3263739638959259662
22626,test,1677976347322696785
22627,train,1260940413313775481
22628,train,9992853238730737708
22629,train,944580309185843635
22630,train,9833516912895794001
22631,train,7081528636899951368
22632,train,10742351950369032105
22633,test,11613462455155265263
22634,train,10592504559504610380
22635,calibration,17790836795886141304
22636,test,17905533135481062654
22637,train,17112190952704150562
22638,validation,3028251683943747728
22639,train,3469669173044475151
22640,train,13038565651875550952
22641,validation,12339688834539043236
22642,train,2212081526169899017
22643,train,3868256019760527578
22644,train,16578317970846615997
22645,train,6237349281702508995
22646,calibration,12977765171205118946
22647,calibration,16988302920026961010
22648,test,5212038408156335750
22649,validation,15254181854516013734
22650,train,7347466252903796609
22651,test,952462676491801668
22652,validation,8939683233225388783
22653,test,18262432613182808261
22654,train,8583786662060146641
22655,train,4408213640925070604
22656,calibration,118332933770953023
22657,train,4630698673348677670
22658,train,6133066534639071617
22659,validation,10950157959205996625
22660,test,14630595895463879175
22661,train,5713342135018783511
22662,train,4281270034130453330
22663,test,15951553707684815702
22664,train,13140938245047619236
22665,test,17240857244748708745
22666,calibration,7159323659563119741
22667,validation,6778873971860665669
22668,train,2855240076621539482
22669,test,1139797929332765719
22670,train,12491025837735337893
22671,test,16595963197188960790
22672,test,2672041096819666191
22673,train,17092614826076754282
22674,train,11287740501649268929
22675,train,12562776018438014137
22676,train,8458780257572896956
22677,train,10554501179596213037
22678,train,4618530027544775002
22679,train,14341375585634880127
22680,train,12243476549725010253
22681,train,6725181986082050094
22682,train,1329960308424605942
22683,test,456543334098262760
22684,train,17819903260270801760
22685,train,3550347711019225875
22686,test,6205647993183027760
22687,validation,7497849930126052788
22688,train,1616064271379342290
22689,test,2411660015186873084
22690,test,5312250788990657608
22691,train,1018630716199078054
22692,train,17600681563357694793
22693,test,8053844244191116980
22694,train,18274181612687941065
22695,train,16952175816994027600
22696,train,4629294212606170769
22697,test,13317788078181216043
22698,train,14432480633175414700
22699,validation,17829387881157458469
22700,train,4145246781925395791
22701,train,16051911585826818226
22702,train,16080340465056420578
22703,train,7973001161184869879
22704,train,15987077078041500124
22705,validation,7043576589339010933
22706,train,7447753673524396629
22707,train,15262344869762301253
22708,calibration,5745333472119918450
22709,validation,16239215277785879829
22710,train,13149319662781527922
22711,train,1044637239218559171
22712,test,15824666109965742964
22713,train,13521658169112972200
22714,test,2460817601083343786
22715,validation,2368920665667469636
22716,test,12864434863745439468
22717,test,7840169668368283540
22718,test,16807960150506489326
22719,train,4220935595897474111
22720,test,145118503670102736
22721,test,17415402614061373879
22722,train,13107644218035527231
22723,train,7986109238620330960
22724,test,15189635669315416610
22725,train,12233815557079948453
22726,train,989054486317549931
22727,test,16203341115329991840
22728,train,10154086118650557361
22729,train,16940775995873380884
22730,train,14580987025789024050
22731,calibration,16955565745635166092
22732,train,11738915221926319911
22733,train,16064302852448532291
22734,test,17762412790237391662
22735,train,9152333484218496024
22736,train,3959810650013317782
22737,calibration,4522269889010255572
22738,train,10575854021868940101
22739,train,9242539452103759933
22740,train,2877936707075720074
22741,train,7310898149161529525
22742,train,9882575384853227466
22743,train,18004671548177182243
22744,train,12274690219616173776
22745,calibration,9052040354370788525
22746,train,13674175630987066255
22747,validation,6397607939640046513
22748,validation,11439904404026183231
22749,train,5481434025831203820
22750,test,10896070262737485572
22751,train,17773094673733701866
22752,train,2958571140731217193
22753,train,13831590347353452688
22754,train,11148421785319168765
22755,train,12708250302224515436
22756,train,16753800758047784352
22757,test,10896881580059343286
22758,validation,13673113900879653149
22759,train,3557367470010827990
22760,train,4199334035712842473
22761,train,12575383650865457790
22762,train,3643151871164875863
22763,train,9953586765026714561
22764,validation,11760672056775360027
22765,train,14551579240482903788
22766,validation,10862572265395616109
22767,train,7983419372618936995
22768,test,10089986803750842400
22769,train,15881638639355742103
22770,test,17997128056408366198
22771,train,4831803067307064307
22772,calibration,8513998213724624647
22773,train,318422828412026051
22774,test,1166028402975805105
22775,train,13282978486622343842
22776,calibration,7922179236233117366
22777,calibration,3959512166319679408
22778,test,10178109343567032106
22779,train,16191969991632869706
22780,calibration,8299433582698535639
22781,validation,12578500535539477923
22782,train,12174923193892832326
22783,test,4759973233916497575
22784,train,11553836094044516558
22785,calibration,9463528655296550277
22786,calibration,8216411333803451879
22787,train,5055799397641102340
22788,validation,8581084608073626717
22789,test,1470615352876995745
22790,train,7162417358562554737
22791,train,5901312832391137845
22792,test,3680308704180071710
22793,test,12262969231279603410
22794,test,8088471977713016358
22795,train,11607526124834160185
22796,train,2346180306613398155
22797,test,17284460614606819136
22798,train,18354769737124810300
22799,train,12849890637565783235
22800,test,16048200805979739491
22801,train,8203831999648124663
22802,train,3198203827295116371
22803,train,1460973881229297748
22804,train,1999868646412575502
22805,validation,1706850343131627843
22806,validation,11263181623176982771
22807,calibration,3179703507304243791
22808,test,10777952971160743665
22809,train,1677310004390578375
22810,train,13241955093208624391
22811,train,4756348272286599249
22812,calibration,5859477148234998919
22813,validation,4646187614606842176
22814,train,3439893404643317043
22815,train,3586305558259364800
22816,calibration,6178971553331935802
22817,train,15505425729767851078
22818,train,8268674683372733197
22819,test,3412406934059864506
22820,train,15383150318356940315
22821,train,8628003145071362044
22822,test,16973132544401724887
22823,train,1198220940398738028
22824,train,15789581555077905321
22825,train,8446297414421826888
22826,train,1711578509561145821
22827,test,3106568275385013384
22828,train,14267785301971055104
22829,train,3606545689248919874
22830,calibration,2858545586154714772
22831,train,8083572223392792906
22832,train,14149674978595580211
22833,calibration,18402997350163211466
22834,train,980640327400162130
22835,validation,14528054468142581841
22836,train,1343724081014932769
22837,train,12461240168706720947
22838,train,2013518096092554685
22839,train,6913069791135943518
22840,train,10024391323488065066
22841,train,7536584365278412278
22842,train,14490607823076822756
22843,train,2586783944851858581
22844,train,16966344501891213805
22845,train,454680801341867089
22846,train,3674272272314197720
22847,train,10431721194645791305
22848,train,10773801889699412002
22849,test,7410325908003361242
22850,train,15895295638925080567
22851,train,3328321981978289657
22852,train,9571019365999864013
22853,train,14571872910957346533
22854,train,13594399298786306488
22855,train,10467900969739916633
22856,train,839146473500567180
22857,test,8700066094907010763
22858,test,2538315759271206411
22859,calibration,15868296247354235756
22860,test,9626888831453790482
22861,calibration,1612051810210040151
22862,train,1581043268301434766
22863,test,5485151292859802814
22864,calibration,8088870713755722222
22865,validation,7347274021393070012
22866,train,11484137829626659917
22867,validation,2317878099166028395
22868,train,16250790119050324044
22869,train,2638466285889797622
22870,test,6514732566900020551
22871,train,4512039440549905222
22872,train,2328841631191185607
22873,train,9410751719257946707
22874,train,10497131212876634250
22875,train,10722258707676807298
22876,train,4978920224002678495
22877,train,10264905719175878787
22878,train,5297895303940383568
22879,train,11224910535743694035
22880,train,5124365063402449351
22881,train,14496312561512866961
22882,calibration,870405644010792172
22883,train,8483855486500775101
22884,train,5256802129514242157
22885,train,7422929747324242422
22886,train,3855328048895934772
22887,train,4231588621845145359
22888,train,6600973552475172431
22889,train,11795293919724540342
22890,train,17614566560112697025
22891,train,14415536070043786165
22892,train,13656726296989193507
22893,train,3675862365901880253
22894,validation,14781478390228513908
22895,calibration,16962068354782944290
22896,train,500797432873831894
22897,train,7959334790324228026
22898,train,16422686722315262630
22899,train,13681564421167712615
22900,train,10343740380115221017
22901,train,10862020655771276581
22902,train,3413014481229015304
22903,test,2378725136122458820
22904,test,13670564199349226505
22905,calibration,17134496322190292725
22906,train,17946964458853812913
22907,validation,12036371245621637461
22908,train,2446480036244778591
22909,train,1859080154194204004
22910,test,8259665363039335633
22911,train,6200710116187595062
22912,train,17970401729723352178
22913,train,17982340182323778992
22914,train,15583023500065081497
22915,validation,1174045705495622702
22916,test,1378134510306156674
22917,train,7104267348156110919
22918,calibration,6254403214185944770
22919,train,8865248029732229098
22920,validation,17962581012673858994
22921,train,6310435110242872016
22922,train,3851654666255710345
22923,train,7644800429992444444
22924,test,17044071003967538354
22925,train,16236792497512332993
22926,test,15012170060693011091
22927,train,6056295615749778154
22928,train,333969013598557774
22929,test,6949346957159885221
22930,train,7507097926098850469
22931,train,7278997066111903854
22932,test,1621270294306158148
22933,train,5227540846963628980
22934,train,13427272448285258622
22935,train,5139106444304107544
22936,train,2492444719568409972
22937,calibration,1634741540761570457
22938,train,8565081432119737231
22939,test,1637597620262060362
22940,train,16628919102871901571
22941,calibration,16455540667357379546
22942,train,996433838025257480
22943,train,12160633955823438051
22944,train,16357510442445904295
22945,train,4003686934280061900
22946,train,14498456462640872680
22947,train,15671923440993373210
22948,train,13282081202230377987
22949,train,4979410612824590356
22950,train,7798435675673902433
22951,train,14588455668661069519
22952,test,2331611188660753179
22953,train,12833951695559594982
22954,validation,3552966540220053280
22955,train,1632569403836940051
22956,train,1100936018568688921
22957,calibration,3449367053263067448
22958,train,2888224843341478183
22959,calibration,2941039977657890839
22960,train,13790697545392151980
22961,train,625503916149649831
22962,train,15606053636659325184
22963,train,15244071979266617387
22964,test,8202444857370963055
22965,train,6076828585546117269
22966,test,16891580208974462768
22967,train,17873681845706728664
22968,validation,8330460413606271989
22969,calibration,2398558005669883021
22970,train,4413838993072541547
22971,train,14735924481660068566
22972,calibration,10272628882397840050
22973,train,16647868951840840024
22974,train,7865897682196192842
22975,train,15886262268712765551
22976,train,10824244165560150375
22977,calibration,11983935127390158135
22978,test,325087029479716580
22979,validation,14422956452390258845
22980,train,5589582106328697928
22981,calibration,18066359568215624258
22982,calibration,10423880097411743903
22983,validation,8118237317164836474
22984,train,16723585486966118737
22985,validation,3365483827189552283
22986,validation,13055732110453960692
22987,test,12610907427054127905
22988,train,10285638653685744830
22989,train,15380741801322467726
22990,train,9263145937457239342
22991,test,4339498875448937440
22992,test,5832596199500640076
22993,train,9071666446145288656
22994,train,2177714822445116781
22995,validation,18349805690016542391
22996,calibration,8657964600196513363
22997,train,17310083091838067877
22998,train,15767103321072650786
22999,train,17871141114171434996
23000,test,1868819883874021091
23001,train,32557383782221766
23002,validation,7123316152573066769
23003,train,1239817906558458125
23004,train,10417179380167335115
23005,calibration,5073842317071911658
23006,validation,13971682160875882549
23007,train,1372002809983672988
23008,train,7899642115516722750
23009,test,14371532696135756781
23010,train,4990574526228573933
23011,test,6973088861098770126
23012,calibration,176884652862652287
23013,test,1082358846033804633
23014,validation,10154875964267734165
23015,train,16514335244869705609
23016,train,2747556406375433116
23017,test,10696349297937904623
23018,train,1408617005211966190
23019,test,5137669848592054705
23020,train,7344086865035701937
23021,train,5515753370215248403
23022,train,9598459677740714642
23023,train,16918517580294740881
23024,train,13732304149685594861
23025,train,3258982535585097190
23026,train,7715217936012434936
23027,test,17263833995846424869
23028,train,8922847460528059534
23029,test,1893161204698318452
23030,test,11349166352962658412
23031,test,9122321140792161938
23032,test,9371167820411030102
23033,train,4982565042971134127
23034,test,11092557518135612560
23035,calibration,13831614924583725402
23036,train,12097999996790074475
23037,train,3741278246702297474
23038,test,13855894831850691483
23039,train,6884508110979649910
23040,train,11209976932373250610
23041,train,13940044066434458190
23042,train,7075619789038749967
23043,test,11895483055024059059
23044,train,6421688376237324712
23045,train,5450422836825718739
23046,test,13883479401831735149
23047,train,10172400104574490416
23048,test,508339256778765176
23049,train,6917476004488846635
23050,calibration,10922161072091050156
23051,train,13731241219859461081
23052,test,3552157303259537480
23053,train,6664755834523325551
23054,train,6576695897753603433
23055,train,880388513894800527
23056,train,199324091222603419
23057,test,12852347257873690394
23058,train,1512716536722705417
23059,test,15247564408362076433
23060,train,185169416532941237
23061,train,3589222514677581228
23062,calibration,7108484709663958010
23063,test,11944282179477770425
23064,validation,4856332634196582349
23065,train,17155887389847541709
23066,train,2743238743681363437
23067,train,6421047669117162445
23068,train,12168867738999032651
23069,validation,15712754994647958132
23070,train,16492279679875705595
23071,train,12885852219474035112
23072,test,4238930420531651982
23073,train,5016191848603382282
23074,train,1044637239218559171
23075,train,15901861667559610707
23076,train,10288108692256379385
23077,train,853862968465802880
23078,test,15139671886665871727
23079,validation,1234143024672150519
23080,validation,15559920166769663491
23081,test,15928049519450941336
23082,test,17207958771193421259
23083,test,9745093804664289002
23084,test,15427695529427328420
23085,test,3904154220208107427
23086,test,10033337797680289329
23087,test,15504965843038814096
23088,validation,11279658493551903382
23089,train,6157625684460292168
23090,train,1482134287757125061
23091,train,322317004438652288
23092,train,10861293373685399065
23093,test,15604571140708493853
23094,train,12637412020520770451
23095,validation,3669067533483822407
23096,calibration,7774283888405083190
23097,train,12309470011836598034
23098,train,8464283387752253544
23099,train,7703277448129213552
23100,train,17899216799373109807
23101,calibration,8587490575775470739
23102,train,1603509739048995961
23103,train,13641325967235307404
23104,train,800067377915054412
23105,test,1034581396107898902
23106,train,17472209110856009101
23107,train,6027366693043850975
23108,test,1359147577329766331
23109,train,13045063413019116237
23110,train,182698862591091880
23111,validation,16628661831305947172
23112,train,2825352428139739206
23113,train,7751879912225199374
23114,test,14241869298060341574
23115,test,1614619496921845759
23116,train,1670601212094535688
23117,test,17193877010523962618
23118,train,1114201641727667666
23119,test,8677807257556853014
23120,train,16357510442445904295
23121,train,7358311828623885573
23122,test,13505179331977301581
23123,train,16722227650923637082
23124,validation,726328289450234333
23125,train,13339055363235420282
23126,test,12292685159365594654
23127,test,8463478011536266601
23128,test,4327980980084251784
23129,calibration,13373792050872786681
23130,train,5558533911896574698
23131,train,5996457898028452111
23132,test,14513062991296603855
23133,validation,14792307887772276042
23134,calibration,12537630230909310772
23135,train,8768698284475689051
23136,train,11395296791947317353
23137,train,9776564529325448646
23138,train,4136414824414672057
23139,test,1346293948634463435
23140,train,7352221795320325809
23141,train,13128423027749342910
23142,train,2863641242933514566
23143,train,15964630742542439881
23144,train,15300954578919345408
23145,test,13999430614195055715
23146,test,3755637343715745407
23147,train,9448170261219110791
23148,train,15699097353315526494
23149,validation,3777249275795378171
23150,train,8258144521329923782
23151,validation,3538748804540722907
23152,train,17450947717456303472
23153,train,9771639849926236143
23154,train,8262465174638912920
23155,train,15895295638925080567
23156,train,1716672078248774790
23157,test,8244279716605260266
23158,calibration,9618971244113085603
23159,train,7952580085823311061
23160,train,14964482490930178284
23161,train,4616915772670094142
23162,calibration,14851832174056355441
23163,test,16045823266834830179
23164,test,10586963415013851356
23165,train,7545563866957632417
23166,train,15930739534724977281
23167,train,10702512518204964285
23168,train,376443528814390683
23169,validation,1991787900607950466
23170,train,4518152185852465482
23171,train,9610997085589472143
23172,train,16901848108062332390
23173,train,16165641753473066231
23174,train,15418600815876014445
23175,train,10445564848386991515
23176,calibration,14177662241115677236
23177,train,4879953868388189934
23178,validation,7450442744227467683
23179,test,13709384861359198659
23180,train,16943044955535279507
23181,test,14048120259885256335
23182,validation,519921828993079555
23183,train,11641822573045341363
23184,validation,170452740934708342
23185,test,14088945992716074626
23186,calibration,6657903043174246213
23187,train,3278928604031796268
23188,test,7269942509132778125
23189,test,12038597185415097053
23190,train,1309539496775438531
23191,train,11164637214361966277
23192,calibration,1122050654476490163
23193,train,4283011060365699878
23194,train,7120382710434186479
23195,calibration,13367836052349117114
23196,train,7930311261841567111
23197,test,12257333774539395416
23198,validation,7112886483573585817
23199,train,12376304279951240307
23200,test,449147252506378220
23201,test,7418909452627504906
23202,train,5099021169094176987
23203,train,3654515426582642640
23204,calibration,3053899335247685830
23205,train,4543271734877601578
23206,train,9766222719298832268
23207,train,13245356473127838878
23208,calibration,4805516953385799639
23209,train,7205772041803669785
23210,test,7319921199480180083
23211,train,2490940443897487457
23212,train,4897185408656942773
23213,train,18048816555353090087
23214,calibration,14825731241216238718
23215,train,17714579026572343903
23216,calibration,8939591486979114149
23217,train,16509897824558475919
23218,train,3310555245240324393
23219,test,2894418844496170224
23220,test,2430983615928976072
23221,train,12403791354786844532
23222,train,8132079350502624079
23223,validation,7783878953413973135
23224,calibration,5304417049488913057
23225,train,17289038668671267441
23226,calibration,12634074723392508452
23227,validation,3187845359136073321
23228,train,2883955852666834723
23229,train,1633187361590741645
23230,train,1850066674082521235
23231,train,812785741823139703
23232,train,8521305163700545798
23233,calibration,13849848490173338438
23234,calibration,14415719351169989824
23235,test,9501316678025320716
23236,train,16917962944061416477
23237,test,8677309858193847224
23238,train,77728177913503126
23239,test,1918716101539432157
23240,test,10295026402672596336
23241,train,16150479882258492677
23242,calibration,841778273503493349
23243,train,8924204994562082106
23244,train,7341489699448014948
23245,calibration,10984528336126241013
23246,test,2710059105392830371
23247,test,20051853719872040
23248,test,5324834845190833477
23249,test,2486408483415240159
23250,train,5375513364329555123
23251,train,6041054569004049704
23252,train,502217108239386484
23253,test,17987594450223342702
23254,calibration,5841173561961190145
23255,test,12956415320986515555
23256,train,10260092652922431644
23257,test,9841675200007177669
23258,train,5758200744243965314
23259,train,5460324932358173951
23260,train,12771395810218500401
23261,train,12949770745333852669
23262,train,16206832215497478766
23263,calibration,3155814158240420198
23264,train,8030319131006542381
23265,train,12948502817959130647
23266,test,6718559198775241607
23267,test,14882715977789705432
23268,calibration,4878801594209323217
23269,train,859192898640391613
23270,validation,6782242217930081312
23271,train,14989149804875766878
23272,validation,14455407756721988320
23273,validation,3665809763586436989
23274,train,9666549196759370191
23275,train,2840679964871953927
23276,train,17063559414122716241
23277,train,12795806937695778645
23278,train,7075619789038749967
23279,test,6979712277974432314
23280,train,6770791113554410263
23281,train,12237969179752141566
23282,train,5785767446076674626
23283,train,1010241955236530082
23284,test,12086870610606172269
23285,test,9253350027216404915
23286,train,189152924898135610
23287,train,12720794658007169526
23288,train,4163407720222238184
23289,train,11551887522171174551
23290,calibration,15826848716494469478
23291,train,6953750480291795911
23292,train,2007591142977716453
23293,train,6046273177261953262
23294,train,8047385257964003892
23295,test,7674136388709519819
23296,test,17874295985804754940
23297,test,12867865007327724469
23298,train,16778881975439256648
23299,calibration,22565608136078039
23300,test,11179289073539898774
23301,train,13972246658689472993
23302,train,7151744756862343875
23303,train,14200546570088596356
23304,train,14594964885348503388
23305,train,6099696436774511575
23306,validation,14271600815839783577
23307,train,8032471190674555936
23308,test,3254480403272464884
23309,test,5175701512031185532
23310,train,11736506725341830609
23311,train,16610234429646531915
23312,train,4113640544702069046
23313,train,15064100852712890949
23314,train,11572190547667581431
23315,train,17363637193627227962
23316,test,8826015885274822050
23317,test,6410776978711148978
23318,test,8677309858193847224
23319,train,13906927111585673980
23320,validation,10675636266719377970
23321,test,14866484407039615341
23322,test,7141048480177341096
23323,train,16035859309865745633
23324,train,15779050057157046937
23325,train,6253476042836979954
23326,calibration,17136153784215369371
23327,train,17878648434545420696
23328,train,16849013359137333279
23329,test,16709914846000000690
23330,train,6506529522698327573
23331,test,18332094307189327581
23332,calibration,5707757040314069560
23333,calibration,10910278175291428008
23334,train,4466787279792347921
23335,train,4408034417764797300
23336,train,14992855652965739644
23337,train,13308014857520530061
23338,validation,8207677211010448884
23339,validation,9712594137635053492
23340,train,520276105163401103
23341,validation,1174045705495622702
23342,test,5844929405324239195
23343,train,7058091789910179285
23344,train,13217886510998503378
23345,train,14756978112645557303
23346,train,18344049668380500692
23347,train,7028464304127522832
23348,train,4255186430449632639
23349,train,7075619789038749967
23350,train,11537828736029063638
23351,test,1330702956770486426
23352,train,1375911828790403189
23353,calibration,13115678672190246465
23354,calibration,13849848490173338438
23355,validation,5417204729202108820
23356,test,10747630378051294757
23357,train,17738652590824138964
23358,train,6634325585105044978
23359,train,1010873590729009254
23360,train,421348992772075756
23361,train,17405702307073423702
23362,train,12897566419444691967
23363,train,16396937517790881403
23364,test,16678708562370833523
23365,train,14736305961549525843
23366,calibration,17355388322494331327
23367,train,12642050710102939781
23368,train,10828049149932793284
23369,train,2358909177451053687
23370,train,11063764123629073429
23371,train,774960430675089084
23372,train,9841742964251910709
23373,train,6604716006430178960
23374,train,4416453013761134156
23375,validation,80958792461439318
23376,calibration,8233075826159501008
23377,train,8708837044587817738
23378,calibration,7781484283373378415
23379,validation,7290444816704191793
23380,validation,5787235666496600336
23381,train,17009862949573751419
23382,calibration,4590966422118277327
23383,train,15064100852712890949
23384,test,932844697912154628
23385,test,3812588167511072069
23386,train,8699481189111657126
23387,test,2349002958044554652
23388,train,13836183458511146629
23389,train,1150584389277124837
23390,calibration,13442231373744571636
23391,test,13889602657044863091
23392,train,14472905458928122374
23393,test,3451131422197882443
23394,train,16907342007023159298
23395,test,10987426365338845800
23396,validation,16069839292954971208
23397,calibration,17193580067900630773
23398,calibration,2267804739575591295
23399,train,12369568032768823523
23400,train,322317004438652288
23401,train,7075619789038749967
23402,train,13462620733442155349
23403,calibration,1811094270379086182
23404,train,8016720989176854293
23405,train,9556293212279646
23406,train,2753805268788267520
23407,train,17444837164509720817
23408,train,8703503360359570976
23409,train,8473566678691824480
23410,test,18336916285003456587
23411,validation,6833411475685615568
23412,train,6862762970191001905
23413,calibration,5652750500105978816
23414,train,13628081546061716442
23415,train,4328115926637675963
23416,test,11605160257536320297
23417,train,4920554273586346456
23418,train,9520371955568178225
23419,calibration,4743344172672998413
23420,test,11290043269037952297
23421,train,17772697682904625846
23422,calibration,13144812463304431230
23423,train,13884400416075075077
23424,calibration,4316080099907935474
23425,train,8132550866180278668
23426,train,8396873932886719399
23427,calibration,14996122225475970195
23428,train,15162588471839438454
23429,calibration,5497285845604033587
23430,train,12622413021177022745
23431,train,6022365322881230541
23432,train,1044637239218559171
23433,calibration,4972262746071922366
23434,train,5354196712206948871
23435,train,8773403907013152614
23436,test,10552252080959893676
23437,train,2327729492117515828
23438,calibration,14530500703451197094
23439,train,10137674330985536616
23440,validation,7207046222940943224
23441,test,1666968554593607910
23442,train,10670341577415141907
23443,train,6134655623636724144
23444,train,11793636838254419354
23445,train,14684019400865212268
23446,train,13489646548451244729
23447,train,13443576315490878894
23448,calibration,18214455330856183826
23449,train,4137965471648630299
23450,train,8219300149936989550
23451,train,5510760841586705380
23452,calibration,13075296336237008852
23453,test,10829342284729690502
23454,calibration,4058002381923605637
23455,test,17325170090996921396
23456,train,3386565734375691687
23457,test,17622654196812284279
23458,train,18358865616468760758
23459,train,18442405254844876755
23460,train,7049382338595753679
23461,train,8312208713166995855
23462,train,16489930856436645885
23463,train,3892061407944585048
23464,test,6128989195948473197
23465,train,1492051221074927088
23466,train,16550229246061511895
23467,train,1611397332123626717
23468,test,15404313989762344320
23469,test,828470233818834286
23470,train,7676767405167779197
23471,train,12387379495996607681
23472,train,16091249364500503577
23473,validation,5774561201058756258
23474,calibration,14890908400036559969
23475,train,17909257743435691535
23476,train,16496947320901031108
23477,train,1228252641717840096
23478,test,13394168338499102208
23479,test,6823014656827449602
23480,train,2000613576441856356
23481,train,3871132238519683761
23482,validation,5929214883143632996
23483,train,16557752567690836720
23484,train,14881179564334920244
23485,test,15144031654634113663
23486,test,2136948396156992433
23487,train,2268635239192782414
23488,validation,17131502927971427437
23489,calibration,7823289420540786985
23490,test,8380875333958260736
23491,train,9259003137271867012
23492,calibration,8097361381584260795
23493,train,5669807824219302469
23494,train,11697606572136547097
23495,validation,8508655338257486699
23496,validation,16195280595770356783
23497,train,8826047783311786125
23498,test,696914545413641366
23499,calibration,16203969012085835913
23500,train,7166799125415409039
23501,train,13433194695019585580
23502,train,15910294274123703197
23503,calibration,12118388282748240389
23504,train,6122808407713943963
23505,train,854185251834633128
23506,validation,10653135622755207158
23507,train,3109020748499202091
23508,calibration,7550108713532116579
23509,validation,2647085346611349367
23510,train,2480428733150207196
23511,train,17201913157505201748
23512,train,9331492210669940309
23513,train,380071711673756551
23514,train,16405532201088066923
23515,train,10779027880168201268
23516,calibration,14229248740434581210
23517,test,16961280597669943890
23518,calibration,157554258314421905
23519,test,5356075581176076215
23520,train,10230194291555941415
23521,train,13628081546061716442
23522,train,9282527868633097952
23523,calibration,1427952628099569534
23524,validation,13269384308986064800
23525,test,14625774487855732514
23526,train,14603928710657086865
23527,train,15131367465725402981
23528,test,11753816701980705708
23529,calibration,15764553361049386676
23530,test,17237154137039163111
23531,calibration,13071997089871193190
23532,train,16363992827053726884
23533,train,8214379760219160403
23534,train,6133021695594355206
23535,train,13624883193996434594
23536,calibration,4631836966765746220
23537,calibration,2963235580348691151
23538,calibration,9503991228247047370
23539,validation,7762330133196046932
23540,train,6202607433651454250
23541,train,18098905856370765547
23542,test,8206858826051485612
23543,train,16253491767558754662
23544,train,404496958007498440
23545,train,8794618081166140419
23546,calibration,11765033739975289060
23547,calibration,8293950380341400619
23548,calibration,18073870202015881682
23549,validation,1353032196788123507
23550,train,11715361799644319881
23551,train,15487237427734316962
23552,test,17221015958700553233
23553,test,6800754426209429582
23554,train,4460237536715175147
23555,train,10108124482318757900
23556,test,17944957810282149500
23557,validation,14119703780637709810
23558,train,6432818021065260457
23559,train,7027013755242378645
23560,train,8114808429534311420
23561,train,12177407803632307626
23562,train,5525123942662208982
23563,train,2676292133936674200
23564,train,3023465099350384763
23565,train,11063925037980508343
23566,calibration,515099001720928379
23567,validation,11388425649557007952
23568,train,694171636745509306
23569,train,2111447537276366985
23570,train,8924736922926894800
23571,train,2210483516631045917
23572,train,13404401307844186603
23573,test,3805625065144765088
23574,validation,10142939822209557217
23575,calibration,11838760883563762257
23576,train,18328931172570836655
23577,train,13440432126080641986
23578,train,86650831791925293
23579,train,9936049533002658168
23580,validation,4264313294833783973
23581,validation,17796656228671378164
23582,train,5641314686714401303
23583,train,12509361738880374848
23584,test,1619869965248725299
23585,test,13837765152860523715
23586,train,8371080469604365655
23587,test,8649495734641255971
23588,train,1876659611602711037
23589,train,16997522668808176596
23590,calibration,13342725370365046660
23591,train,8529404763356634419
23592,train,5482706070685397048
23593,test,5895715400715592906
23594,train,5992170486724102662
23595,validation,6247464201459594282
23596,test,9451672805985837823
23597,test,6725753013225283992
23598,train,17836496999276829634
23599,train,4285477568891628290
23600,train,14785081099819489535
23601,validation,12633577035715494383
23602,train,54544202646570252
23603,train,5616185522996986309
23604,train,12923795339783715175
23605,test,18414004108181555400
23606,train,16712108052648884866
23607,train,16628621443581539194
23608,train,2688427392072122523
23609,train,8151753418201530960
23610,train,15862014831422184796
23611,train,1055683281065469711
23612,train,8126471320139154512
23613,test,923502535939188900
23614,validation,9922951322769128661
23615,test,4560121602748527142
23616,calibration,12705190637224598717
23617,train,16282735294560753959
23618,calibration,18214849014580584829
23619,test,18070123802462122134
23620,test,12131524494312616402
23621,train,7871304701798642173
23622,calibration,2448611339988573222
23623,test,8677309858193847224
23624,calibration,8846445875047434487
23625,calibration,3494936865702410715
23626,test,11626976189496105850
23627,train,13599800243688933734
23628,train,14457279797251161567
23629,train,10979114143826736381
23630,test,3513478527996420670
23631,train,8663658591753883075
23632,train,10909569469244659631
23633,train,2008496645400430935
23634,train,10417294402148655900
23635,calibration,3364449584708351767
23636,test,13671459325305631373
23637,train,2158130858129494628
23638,train,6657528524062093179
23639,train,2902925978540385551
23640,test,9233877879591350493
23641,calibration,12665395991577540718
23642,train,10267552099530290174
23643,train,8872996947959231524
23644,validation,16246659713674536223
23645,train,12395531339477781365
23646,train,8082013660179739769
23647,test,9374910804493277075
23648,test,1303982693504680136
23649,test,8120503124932949050
23650,train,1079943078001178848
23651,train,13342288198738681988
23652,train,12283413607418487647
23653,train,2582167614300246955
23654,calibration,1088545194929798689
23655,train,10171660917221754295
23656,train,1044637239218559171
23657,validation,16327156264600105616
23658,test,3106426678526621291
23659,test,9326648945839067303
23660,calibration,12994080026388547137
23661,train,4291520110006022961
23662,train,13484621188936505789
23663,test,7092845145003229548
23664,train,6658732424495160574
23665,train,16429808635330583396
23666,calibration,687641270735360053
23667,train,8642930169721933983
23668,train,1003689328245301630
23669,test,11227962028688453882
23670,train,13705624838544335696
23671,train,2378304621581857290
23672,train,5311079775169461033
23673,validation,15162124055565905635
23674,test,1751643513344598771
23675,validation,7639815596361293057
23676,validation,8498852163667747415
23677,validation,7700945909482655946
23678,train,868728685704699018
23679,train,14692802710610054412
23680,calibration,14019284257404749622
23681,train,16200395554736205782
23682,test,14789384985160163272
23683,train,8103838464883925318
23684,calibration,14632949292213796018
23685,train,207964094254127415
23686,train,8355007444345405931
23687,train,12402529373824854002
23688,calibration,11854050329993628777
23689,test,2677778883430763846
23690,validation,7953350125612754690
23691,validation,1806629345916916090
23692,train,13555060876880957340
23693,calibration,819693805684394403
23694,train,16708453497036370215
23695,validation,12396128103824400079
23696,train,9516146264491267599
23697,calibration,5301370718096702380
23698,train,1220481483018049687
23699,test,17779275368140745682
23700,train,4047947177078977096
23701,calibration,17900347626876001739
23702,train,3574102616405265605
23703,test,8984119605680434374
23704,calibration,2797413564382550825
23705,train,12909714356494777167
23706,train,11054741429862278182
23707,train,4401477032032325723
23708,train,15217511790391123944
23709,train,52706885084371760
23710,calibration,11010159959797438816
23711,validation,15617656767386660336
23712,train,14483794577906835874
23713,train,4197990168680562198
23714,test,2184635174267528547
23715,train,828386774958865653
23716,train,9959709943230052578
23717,train,12075887828368401638
23718,train,15200403051125385094
23719,train,12927338283673647488
23720,validation,3015445406506516113
23721,train,15955058433513342186
23722,train,11015679518412435424
23723,train,5532212777628431264
23724,train,5900695917904644432
23725,train,16446562691693308491
23726,train,9645715676389058909
23727,train,13550443240982817993
23728,train,2599714045305111876
23729,train,17932499973244734608
23730,test,18044266533003337785
23731,train,15083606577390684189
23732,validation,5126839305448045819
23733,test,838590866901321044
23734,train,12985879764195166110
23735,train,7582708978284883358
23736,calibration,7026561103452116767
23737,test,1761589891329783589
23738,train,17847468676645536071
23739,test,16617904334733118500
23740,test,3373107057718238383
23741,train,8575963556706021555
23742,train,13628081546061716442
23743,train,15855289421960380427
23744,train,11879968604227955907
23745,train,18234625379840144552
23746,train,16037024588707101830
23747,calibration,737482183643763797
23748,train,6396845081670357468
23749,train,6666493974435399049
23750,train,6566950941677958465
23751,train,13978149955261213893
23752,train,3106821562170726897
23753,calibration,9158184727287870238
23754,calibration,3327850909264734306
23755,train,7898351987586605704
23756,train,7933425835116477539
23757,train,6509359150444292188
23758,test,17484650282240652193
23759,train,5784960065520203625
23760,train,6151108037102041437
23761,train,6294487447826339405
23762,validation,9872235665367150068
23763,validation,7254354174068644554
23764,train,5896979200421577974
23765,train,1792981447591605946
23766,test,6542700622242138856
23767,calibration,5811269847979022430
23768,train,254496567568837111
23769,train,1173649242314246377
23770,validation,2962009688073937192
23771,train,7366239165534042345
23772,test,14933677663899550432
23773,train,1772211308390956033
23774,validation,360625368534595855
23775,train,16498933608611650943
23776,train,512606734913346095
23777,validation,5199415979790942479
23778,train,9731550193973960111
23779,train,1711578509561145821
23780,validation,652253195545123584
23781,train,5530500707687682700
23782,train,3011970040457386403
23783,train,4057252218008196574
23784,test,15305108905563178070
23785,test,9650234422129692887
23786,train,11347802028851546863
23787,train,11240048066817353991
23788,test,15632806570301642578
23789,train,16354560443705468860
23790,train,14808172615424179974
23791,train,15944703105943516948
23792,validation,15616180385462847911
23793,train,17945710846664512858
23794,train,18243719709356601225
23795,test,3453909133847322349
23796,train,16468553721983236827
23797,train,18016105200792612639
23798,train,11481642830579591925
23799,train,18083965863363837998
23800,validation,17593668745059880827
23801,train,5804923903250571427
23802,train,15075210020394396835
23803,train,3065691350776401618
23804,calibration,12688218083542076176
23805,train,8703319502286944485
23806,train,11620619239241902922
23807,train,7020831197847519783
23808,test,16202628545567716359
23809,train,3703412215330093436
23810,train,7784997314206178854
23811,train,10336738361826519768
23812,train,1412050938203335606
23813,train,16156898756659025377
23814,test,3028401582712352709
23815,train,6361936747699078386
23816,train,53422436460338570
23817,calibration,9950723990747009663
23818,train,11785361043260438358
23819,train,15064100852712890949
23820,validation,4104969667420732922
23821,test,16436632876894339767
23822,calibration,8425943579989261366
23823,test,17244230244727338123
23824,train,3982592253147799855
23825,test,6294231995488025571
23826,test,11249563571639341963
23827,train,9416484510922707150
23828,train,2340305046571302520
23829,validation,2011863382761753552
23830,test,6521238535034084425
23831,validation,12076015687488740133
23832,test,2928401699039979961
23833,train,8029589888852068847
23834,calibration,2411217664955288758
23835,test,17135477212037166178
23836,train,8935998334169215617
23837,test,16495334098974527084
23838,train,17858274775368479924
23839,train,7635950624666381934
23840,validation,5890186190017123238
23841,calibration,1000062448290476600
23842,train,1031159581146519276
23843,train,2489807053002172748
23844,train,12345039391801441850
23845,train,4057252218008196574
23846,train,8085788302911180556
23847,calibration,3245483153272071525
23848,test,5119952716177395708
23849,train,3099834223804433191
23850,train,17070152745158124662
23851,test,1817052482205588761
23852,train,8890812439647410858
23853,test,5740492917482232681
23854,train,8277333567418069209
23855,test,5277714718474755911
23856,test,12642483200708239015
23857,train,2276557922282009363
23858,train,6443220664003447136
23859,train,15107297800766477375
23860,train,15942392922471199664
23861,train,11037282178002375338
23862,calibration,13947654236790792702
23863,train,14849098722836790940
23864,test,3833047195134957962
23865,calibration,4747235307523876686
23866,train,6878262237872360195
23867,test,9838383370967163709
23868,train,10466137731515655375
23869,train,11705036941599023723
23870,train,361742320097373240
23871,test,15613010169136414361
23872,train,1044637239218559171
23873,train,14761279210326224047
23874,validation,6023706025440797662
23875,test,8760256295048587941
23876,train,772397833153240231
23877,test,12745913808405353600
23878,train,13628081546061716442
23879,train,116088165607910980
23880,train,608329765375881269
23881,train,1044637239218559171
23882,train,5023221842688300471
23883,train,14924014648177014780
23884,train,9400621005976177813
23885,train,15064100852712890949
23886,test,3252228202577694400
23887,train,4372428933314883560
23888,train,14756006186915290871
23889,train,7215404644741371495
23890,test,10822463185210720079
23891,train,15518125906583402001
23892,validation,16149174088302921657
23893,test,13269515980932799890
23894,train,2242155616052486854
23895,train,9484869577836738067
23896,train,2199826318485945249
23897,train,6758117194425480719
23898,train,10491349704666605435
23899,validation,14713920681131449874
23900,test,412643660079406425
23901,test,638058130873293619
23902,train,12378050906821987434
23903,calibration,14467015492274778406
23904,calibration,3499541048819302187
23905,train,8133373507677857425
23906,test,16400446362655015612
23907,validation,8350423291939208459
23908,train,70106296624129899
23909,train,6786474491217024156
23910,validation,3372392412450238064
23911,validation,12664668392109687176
23912,train,17960600497741740434
23913,calibration,3766603394543741684
23914,test,6306962659142114708
23915,train,9852112604606374100
23916,train,6794486269555414379
23917,train,4945473888963523622
23918,train,7562195374061362210
23919,test,5852821639050722124
23920,test,12106994907681917743
23921,train,12046638970357794259
23922,validation,11382458629877450827
23923,test,6874228359671687846
23924,train,2556056519593315402
23925,test,4391914537931807435
23926,calibration,11949237882933609688
23927,test,2566231954366672119
23928,train,4878396764297191513
23929,validation,5301685883708804106
23930,train,8450912520445863635
23931,test,1313616842083948183
23932,train,683739660232596755
23933,train,9357755805968851369
23934,train,14067766598913467151
23935,train,4250888090670622042
23936,train,12379862931254814596
23937,train,2578646447364984544
23938,validation,4711207331422715325
23939,train,11139382755094052752
23940,train,1457963249764463454
23941,train,982240934722426636
23942,train,13581993621015523223
23943,calibration,2849648187646541779
23944,train,16605483102129976269
23945,train,5548372788554865072
23946,validation,8690901155657397951
23947,train,1708683721136877802
23948,train,11319626844246753407
23949,train,1330134388315607851
23950,train,2977107263852583615
23951,test,7253329122508403592
23952,train,18128823747705227130
23953,validation,17836648001237789389
23954,validation,1570264337854674095
23955,test,4331658762479680701
23956,train,2851861584332874492
23957,calibration,505145784429226381
23958,train,15092425519255709011
23959,train,15269537061010599250
23960,test,322518971612705423
23961,test,14320372570961540339
23962,train,9203130978399286513
23963,train,17242897415282193224
23964,calibration,6549253553642317039
23965,train,6404192144046527115
23966,test,2012069653854449513
23967,test,2971719273659193166
23968,test,4885832575957647345
23969,train,1502187266382562191
23970,validation,1724456865365820066
23971,train,9574122162252034652
23972,train,6489186917788277877
23973,train,9969360840869883740
23974,train,525663738607157325
23975,test,4702737579995184367
23976,train,7165175744929398530
23977,train,2878976635147935934
23978,validation,5574758134025318841
23979,train,11642492963935488256
23980,test,13119477073451575823
23981,train,7467280068331414592
23982,test,41725210717099256
23983,test,4045487395757670224
23984,train,11660816626163015633
23985,train,12439128641982369872
23986,train,6310024195531921877
23987,train,10899809366697383762
23988,test,13327338029848713263
23989,train,17397020457568756621
23990,train,7208469258741154476
23991,train,14874690382122945371
23992,train,8044047009768048870
23993,train,15186315798458544480
23994,train,6211724928369392054
23995,train,839187219160506423
23996,test,13925091612527194891
23997,test,14145918622476369673
23998,validation,11631178896739156071
23999,train,15527645201560113808
24000,train,972467087524229609
24001,train,8361874217566320124
24002,test,7973841583061006835
24003,test,17203750329472665835
24004,train,8270455700887837162
24005,calibration,13497386751343409322
24006,train,15528499843690884553
24007,train,15507841602241579777
24008,calibration,2310780777458917278
24009,test,5181108840411090299
24010,train,2526648113795702712
24011,test,8362570995817240908
24012,train,2563539997000070197
24013,test,13848726872295180972
24014,validation,13392072576454685569
24015,train,16579598772759466193
24016,calibration,3561092662720189595
24017,test,9005201782677843074
24018,train,12271014842692422686
24019,train,10867983611780753383
24020,train,8201178540119699673
24021,train,6119480027866836348
24022,train,6432978166597924470
24023,test,16783269857130004983
24024,calibration,13520919832590933518
24025,train,8133883137863890460
24026,test,1260050492742501462
24027,test,1099847963744012602
24028,validation,3197662778485597661
24029,train,4946050923691573683
24030,train,17582107961654600224
24031,train,9739729816409001800
24032,train,3557888331376979213
24033,train,1667262596754840159
24034,test,10813518030788877991
24035,test,1910283832238257249
24036,test,7135399210954142181
24037,train,12947151790375535506
24038,train,18105514433766299896
24039,calibration,13134126976233775419
24040,train,2423692078635367775
24041,train,7090998044635050869
24042,train,13850720887615513792
24043,train,5299246038403883980
24044,train,18378609388769764010
24045,train,17849902322111640798
24046,train,2682078072144933364
24047,train,1614879769642223018
24048,train,1926496804574544186
24049,train,8028785775225465856
24050,calibration,11255318833536672524
24051,train,16069459900289034038
24052,validation,16240341556863898704
24053,train,13209920892591872226
24054,test,7252555797998018016
24055,train,8034026491183978935
24056,test,16203341115329991840
24057,train,4969598090738690811
24058,train,11795455488441686914
24059,validation,15392483072721061689
24060,train,851747148370577650
24061,train,18137790137491317193
24062,validation,18244460054920369808
24063,validation,7096741290379580200
24064,train,10771944430987503064
24065,train,4042576086742141670
24066,validation,7695282102458042301
24067,train,3779282549430648482
24068,train,8982904615197680795
24069,train,13499122782806849177
24070,test,15946615208863988883
24071,train,4916557139776596807
24072,validation,8444801813871157812
24073,train,1059403967443754229
24074,train,8208703489827167811
24075,train,9512639885097914111
24076,train,16610857627045246250
24077,train,11847662227128302949
24078,train,6484083865436150800
24079,calibration,3235462136975686150
24080,test,6409452311223903073
24081,train,8804728239640121157
24082,calibration,8990329778989853934
24083,train,9387142683569070987
24084,calibration,18277273957373214341
24085,train,4861985897391960353
24086,test,5759813534196850547
24087,train,15182458881043563006
24088,test,15360435119384137179
24089,test,13816101041323415833
24090,train,2161499773090265036
24091,train,9650785218424254702
24092,validation,11535846618163318468
24093,train,14515578130756454618
24094,train,9200037985139300502
24095,train,13137996877479110270
24096,train,726873441654056070
24097,test,16238262172731316917
24098,validation,3847607891607208342
24099,train,17559052290168406221
24100,train,11284505003443606081
24101,test,17248342525124345718
24102,train,11549257699629786299
24103,train,8011626150095402348
24104,validation,10390918026807862116
24105,train,5539473099006213786
24106,train,1986906282257384423
24107,validation,14556820404016422225
24108,validation,9411062109587108104
24109,calibration,6123518349800221572
24110,train,6978892506578892396
24111,validation,6384477407864967944
24112,train,10477095243577037461
24113,train,1044637239218559171
24114,test,11707980068440171089
24115,test,3884048990234199020
24116,train,13462620733442155349
24117,train,15070571878694135032
24118,train,11166414307599634252
24119,calibration,2721751070365707788
24120,test,15406416525168694662
24121,train,13898579358564547065
24122,train,10988944763290329338
24123,train,10210990841107872239
24124,train,4784360136472283837
24125,train,12393666251088163835
24126,train,10896941900494542961
24127,train,696246927363561158
24128,train,9322967965049121435
24129,train,9868198339149992190
24130,train,5463977239386753714
24131,train,8328422582054368089
24132,validation,5489343778955542563
24133,train,144297439901894846
24134,calibration,4792658599990690075
24135,validation,7935882780449177492
24136,test,8875519481808520593
24137,test,7097487094197079739
24138,train,4194595779457978398
24139,test,470293144551940261
24140,calibration,3538777996688856129
24141,calibration,11215899409386677581
24142,validation,14621992852018203994
24143,train,2092086554840956804
24144,validation,14014946288596168156
24145,train,3700350553242791034
24146,train,10688775839571953426
24147,test,10868203995100014571
24148,validation,13269626723320217348
24149,test,17478195322459764133
24150,test,8695876055997162016
24151,validation,7298240720820018448
24152,train,18417110515699254700
24153,validation,14793366124849384490
24154,calibration,10012066655550630527
24155,validation,3956400291699589931
24156,test,17643602366846229766
24157,train,17522928056989947404
24158,train,16282857827476752317
24159,test,2680271185153873738
24160,train,1341945737894710494
24161,validation,2978436434003235761
24162,test,3157870785050385959
24163,train,13732556661922923743
24164,train,14928854406292216273
24165,test,6843628508088509553
24166,train,12330177895747240913
24167,test,10032118944197607568
24168,train,336729021218910354
24169,train,18012774256433228157
24170,test,6340671633739953748
24171,train,17796203276489708224
24172,train,14924294731975712282
24173,train,6761771215915331771
24174,test,5486038149031023718
24175,train,17078148217386013488
24176,train,3604101723889735924
24177,train,4334462183921674998
24178,train,15831533961805199863
24179,train,14148593958592183934
24180,train,3514791688439059174
24181,train,6831626605927574854
24182,train,18218008535098837172
24183,train,12795668785645361614
24184,validation,17476965715757774319
24185,train,552070188901776724
24186,train,14674323442583935382
24187,train,14340067477851023305
24188,train,4003221386140247127
24189,train,2917039647430958349
24190,validation,2808322299665421003
24191,test,2080387149890562585
24192,validation,12214653775796251736
24193,train,9312437379491925253
24194,validation,14187951405506997032
24195,train,5171281840268615840
24196,test,15772766885125636980
24197,train,748344497348208567
24198,train,9482171255718213109
24199,train,3420828288900209653
24200,train,12381511887850297956
24201,validation,7475309772036910605
24202,test,13316697808221927388
24203,test,17968475079924768574
24204,train,14504653205950925683
24205,train,2731071594119166584
24206,calibration,1142823551921940045
24207,train,13721799583942270095
24208,train,6675018826464431205
24209,calibration,3131707525537439654
24210,train,8390306803324803297
24211,train,7936058061841509422
24212,train,3838502321391559807
24213,train,14166701173606174775
24214,train,11242809643847943920
24215,train,371480843046746955
24216,train,6708281258621744380
24217,train,9764697211491352706
24218,train,3410471158148170146
24219,test,12966239407963898000
24220,train,1675487573591993169
24221,train,6468948821307436187
24222,train,17035858037115983159
24223,test,532767345004463511
24224,test,17701153323022677339
24225,train,1059588999510858743
24226,train,2523717241212487258
24227,validation,11733030095696629190
24228,train,16160416026308895437
24229,train,16462818767220926531
24230,train,7137269368139279505
24231,test,10625841795094038997
24232,train,10777148436432644313
24233,calibration,7585152772433894334
24234,test,5461565659459161533
24235,train,6260542622772932798
24236,train,6520979209060649278
24237,calibration,12202776521807117910
24238,test,12740692804197244024
24239,calibration,11997378711260426533
24240,train,8909755336174008439
24241,train,2789158424220475162
24242,validation,2985721145940615317
24243,validation,15374994890787467532
24244,calibration,2474567770359988792
24245,calibration,7794566040201242030
24246,validation,5754987972007650539
24247,train,16274767203075137516
24248,train,12563640918131783124
24249,train,6745317793097728177
24250,train,1546017048371460698
24251,train,4167619874527456988
24252,train,8805505222790121029
24253,test,4905351301644506084
24254,test,9411326807229540748
24255,train,14611299795883280300
24256,train,16773114429410273496
24257,calibration,17785589780218765935
24258,train,220447164463346086
24259,train,6300520699001677096
24260,train,10695365788369297768
24261,train,15106696289517165361
24262,train,4257265537915260862
24263,train,13101274914304468084
24264,validation,14994999626711384942
24265,train,9051348368599218562
24266,validation,9774235906546507078
24267,train,14797375139056920148
24268,validation,3046962152313575437
24269,test,10468244834511209713
24270,calibration,16087259228911874445
24271,train,13492465728391156345
24272,train,12419799326502704327
24273,train,3021040451327613545
24274,train,12821691012255312561
24275,train,4628847335478245507
24276,train,13809438789634013968
24277,test,778406191186505711
24278,validation,10488564150693793785
24279,train,17361682415064869196
24280,train,13898740269084529143
24281,validation,4467428368236625163
24282,train,9148239718145461870
24283,train,12956346001457652540
24284,test,3763959359186885698
24285,train,7020210389088203475
24286,test,1834316302671074670
24287,train,6235412365115947883
24288,train,5065841719665839139
24289,train,1088355120736358300
24290,test,6893362776870495639
24291,train,9912059124913216173
24292,train,3305520659242073642
24293,train,7692839864729372023
24294,calibration,8918164524354200276
24295,train,15064100852712890949
24296,train,8309886545023608065
24297,train,8889265511902788866
24298,train,10299784723907318281
24299,train,11997565590388056649
24300,train,10577735340305461468
24301,train,12808644134899406844
24302,train,701911100802609745
24303,validation,16139262832763919022
24304,test,6547117576552336841
24305,train,8834642669284899454
24306,train,12512729147881077933
24307,train,2626714523134016850
24308,train,3965540879088235151
24309,train,11024759320493736338
24310,validation,1746010346048313892
24311,train,17430310097741347997
24312,validation,14369953586806594466
24313,train,3928591735080877034
24314,calibration,18065358267081216160
24315,train,13004890844867704903
24316,test,12196411928213684962
24317,train,2849268248888779731
24318,train,18332234700100280095
24319,train,3949991259814675052
24320,train,5175801308508498553
24321,train,11340973267322140634
24322,validation,1483616070426961255
24323,validation,3565793780318108530
24324,calibration,14526794746848411636
24325,train,12555083652095232761
24326,train,16871245387812299317
24327,validation,9622930047774834833
24328,train,13379627622292492036
24329,test,16547232615492718858
24330,train,16246452059700785005
24331,train,16359845426852358576
24332,test,2214951314343152693
24333,test,8660346647348135115
24334,test,5728253260968635291
24335,train,3379161212294479556
24336,calibration,13080228132063147651
24337,test,9579964818053747640
24338,test,16867394052559494056
24339,validation,9167752861985109244
24340,validation,15532078143754847423
24341,test,5816884150762017960
24342,train,11528709049300291292
24343,train,6565275408024466848
24344,train,6118836220944201737
24345,train,2422968806814721995
24346,train,12953717696185521360
24347,test,11350715216747201250
24348,train,8929470501893101753
24349,train,3833139383707618363
24350,train,2281525296157500032
24351,train,1992773633432959178
24352,train,13000466112239349936
24353,train,1977786548241921574
24354,test,9171479123522504067
24355,test,15552210339936991486
24356,train,1405774417663762969
24357,train,10743766100483638960
24358,train,13905183102143148625
24359,test,17989720833303341674
24360,train,3601539903975252564
24361,train,11868305154521515200
24362,train,16817255156183924610
24363,train,10278500708484196881
24364,train,16451718528246209486
24365,train,9903725035138675874
24366,train,6234299353509181717
24367,test,16351482198965915361
24368,train,435696055772048965
24369,train,6482480275465388339
24370,test,2367847060521257493
24371,test,8960860464784998097
24372,train,3238276247550228607
24373,train,11541242925483014810
24374,validation,10253390227187380236
24375,train,15498830437284420982
24376,train,8508356510155770999
24377,test,6010645244905016283
24378,train,15079749882536006072
24379,train,4057252218008196574
24380,train,5181759370946925739
24381,train,17755893937064686884
24382,train,10765039450092627835
24383,test,3860403526184635412
24384,train,6786990760703949822
24385,train,8952418973576853961
24386,train,9750259487940551941
24387,train,7167667646824818146
24388,test,3750676251950058349
24389,calibration,11636949057575343874
24390,validation,8190586908319179603
24391,train,16479265197011083517
24392,train,726094734690584623
24393,test,5349494408712282478
24394,train,12760490826002807492
24395,test,3213097344464340795
24396,calibration,4913099993459554561
24397,test,8677309858193847224
24398,test,1260050492742501462
24399,train,3484103431451073306
24400,train,11833982806978112244
24401,test,15613620696466408959
24402,train,15651511674642924160
24403,train,13030339027504843628
24404,train,13977851928571547596
24405,train,5131861119547995870
24406,train,2796569544576967961
24407,calibration,17901378208233263878
24408,train,2009908946490292483
24409,calibration,16909146961643375722
24410,calibration,4845710132970166701
24411,calibration,18230500276276152033
24412,train,15328448263105662187
24413,test,17311740106324682119
24414,validation,17078297063714791973
24415,test,17302497163738389401
24416,test,9252760537685786657
24417,train,5959887892500721400
24418,validation,909177299694933067
24419,train,9892943520060008909
24420,train,8454617079595337388
24421,train,11942598753647385850
24422,test,15330211279554417129
24423,test,4914899871452893738
24424,calibration,4674480888762253433
24425,calibration,14648841663280403707
24426,train,6661359492814411701
24427,calibration,11489252979866716382
24428,train,7985795940242907258
24429,train,939360301172248518
24430,train,10497316696169533846
24431,validation,14934963944441254287
24432,train,15155245362376639441
24433,test,1874322486895729106
24434,test,2070168765976167075
24435,calibration,6352877643613691306
24436,train,15001268023043271374
24437,calibration,4861963443290784943
24438,train,15572149744722658505
24439,test,17027871450746519839
24440,train,12929758793021538406
24441,calibration,13504640584606044097
24442,train,8769829296797599625
24443,validation,11030320002913936745
24444,calibration,6868147571053182199
24445,train,12461783948762287294
24446,test,8514382237944905990
24447,train,10190977127259800322
24448,validation,12694168004210373561
24449,test,2254647071012383437
24450,train,5554424776158816106
24451,train,2129435343034768749
24452,validation,4921149182064063815
24453,train,11068212616985889432
24454,train,15560131380085704966
24455,train,18348339366294376972
24456,validation,14120254740517626495
24457,train,4628970908881898738
24458,train,8821800222182663514
24459,train,16292557967779432184
24460,train,10088522595078042117
24461,train,9141867584226267025
24462,train,14108638883208095578
24463,test,6611896924363749999
24464,train,8106644991659947023
24465,train,16858308935770363634
24466,test,11415808345267915654
24467,train,8956261565251214763
24468,train,14088511278058398325
24469,train,3858396187043475565
24470,test,16774313674348128499
24471,calibration,13255726902095908847
24472,test,13976935367583697978
24473,train,10427912012758154849
24474,train,4226814470405727081
24475,test,907977190577270098
24476,train,5464479632592134423
24477,train,10636965176383542323
24478,test,1440045756845792671
24479,train,17223509655518957618
24480,train,15970849902903715312
24481,validation,10542705677234521048
24482,calibration,16230722045748936420
24483,calibration,14244064498484034108
24484,test,9371167820411030102
24485,test,15928311249811020561
24486,test,9479374171079461677
24487,train,13391428634320285926
24488,test,15005900653565191121
24489,train,7589474996858636091
24490,train,16333101061084135943
24491,test,5733986542022866406
24492,train,11445162977544864819
24493,train,7725775722068887215
24494,train,17615980220129443546
24495,train,2667643190235694388
24496,train,8261066881151387180
24497,train,13504739999552604673
24498,train,12768161098317226414
24499,train,7036491512017951815
24500,test,15181547359881064057
24501,train,10484824233288943988
24502,train,14008637305065271763
24503,test,14156844059788775002
24504,train,13774654252249782144
24505,train,4957828755878488957
24506,train,8163538454641318664
24507,test,4004784491132201845
24508,calibration,3908992971346823549
24509,validation,12270693764541517397
24510,train,554893007876981059
24511,train,8593957255479398919
24512,train,18342008319433844354
24513,test,2291725968758173484
24514,test,13547466905890017687
24515,validation,9953526413048944300
24516,train,6994240318105759053
24517,calibration,4752290464787474726
24518,calibration,17341087720767308625
24519,train,14374595636706859532
24520,train,7487342070694223623
24521,train,17770012704048706878
24522,train,11421742654507752025
24523,test,202476732761857564
24524,train,12896220371389225443
24525,validation,16526664159868866693
24526,train,11625984048494098037
24527,test,17363135090874157671
24528,train,8308400510553522903
24529,train,4759753783745078995
24530,train,13851325988358774059
24531,test,462244073484318468
24532,train,6141867880547466942
24533,train,14354429437666113206
24534,calibration,13087050076961337345
24535,train,1044637239218559171
24536,train,9090320742476113719
24537,train,3656726254789639680
24538,train,11802683935218341217
24539,train,17293855660889540301
24540,test,9142347682923880008
24541,test,5557407465215893602
24542,calibration,12300405172354944629
24543,train,7567802935503146583
24544,test,16678707401527941301
24545,calibration,6993285686033969306
24546,train,17495274837896025097
24547,train,16583184454296887939
24548,validation,10004839943042781093
24549,train,16518061836951526611
24550,train,18349964854942975362
24551,train,8665264478379606478
24552,train,17283886791330782414
24553,train,12437856078946832454
24554,validation,7608085240381625113
24555,test,5087316094913374448
24556,train,7581670880702551647
24557,validation,14967593382791032802
24558,train,14612425127273677224
24559,validation,3800178533155310406
24560,train,5827772815128782847
24561,train,4049991671941540262
24562,train,15774029695812113678
24563,train,9958539827724647932
24564,train,691871778021758602
24565,train,14995596833891696252
24566,test,12371542658360700256
24567,train,4280223581553264656
24568,train,8088495636857092880
24569,train,4021020763305954615
24570,train,7522751951660142139
24571,validation,11261848168205155008
24572,calibration,4146676569286919681
24573,train,6517985538464487647
24574,test,13578580169858367145
24575,validation,16617263336553083967
24576,calibration,9512646968008061469
24577,train,32416705068044263
24578,calibration,1013739431524846072
24579,train,18210250538498021691
24580,train,6854576719843710773
24581,train,4902481830463687201
24582,train,17419516265370420070
24583,train,6445615998947123909
24584,validation,14313279444386444715
24585,calibration,648101849119120396
24586,train,234144647833241356
24587,test,11451771124765458594
24588,test,12504132857277773707
24589,train,3504465315041827517
24590,test,5165001909433186541
24591,train,2717577306612032613
24592,train,3402172402925019223
24593,test,13626146379499419844
24594,train,1783314558470973846
24595,train,14206217382757698016
24596,train,9241673822975910351
24597,train,13467049817808946613
24598,train,12752807397419076026
24599,test,11770333369086212419
24600,train,8209572760284851701
24601,train,6310022023618560657
24602,train,12615221534927124595
24603,calibration,856485866696883460
24604,train,15967948766864854039
24605,train,6738125658306475769
24606,train,11169192454054409865
24607,test,3363372953552503504
24608,train,15564634576354265055
24609,calibration,5926165532626235043
24610,train,2871876183866708553
24611,train,1115883075021429638
24612,test,10283311287411979846
24613,train,6610482972308300362
24614,train,9687216171462873870
24615,calibration,16688922334723283835
24616,test,2961176858843408516
24617,validation,7931148197693375812
24618,train,807436973747514045
24619,train,4924443899484582432
24620,train,12146671891374771246
24621,train,7140507441920696142
24622,test,5700787024306364101
24623,train,12615275756923515445
24624,train,9505005363693607986
24625,train,1150595950862911103
24626,train,14091797974786759201
24627,train,3042739786341494655
24628,calibration,15185753496859292452
24629,train,8815159872807238697
24630,test,10507726602145307164
24631,test,651913042230613017
24632,train,6757615713633769473
24633,train,12889273785079169769
24634,calibration,15535572061416181432
24635,train,15839602430712221585
24636,validation,4709503346595109138
24637,train,3648236374990338894
24638,test,8075002942252391187
24639,train,7542557009513768930
24640,test,1471719681341135175
24641,train,8600618947434680998
24642,test,4946422364747069274
24643,train,9282465440121790242
24644,train,15824144093340558334
24645,train,1044637239218559171
24646,train,4447705839011908156
24647,train,1545200011637705882
24648,train,7568626108431546426
24649,calibration,3438174607685898147
24650,validation,12910125583096233902
24651,calibration,14019284257404749622
24652,test,17292497223936689630
24653,calibration,2383855895689130159
24654,test,10898349176115839208
24655,train,7015595513536187263
24656,train,11016390257326308098
24657,train,6526826551452604476
24658,train,6172466702634632999
24659,train,16803740464922417911
24660,test,7419357491935230404
24661,train,1628876853653912556
24662,test,14884303498545910026
24663,train,14296114968478973366
24664,train,15839641100852054389
24665,calibration,8359426754537407703
24666,train,6356843757795705285
24667,train,11356995104676718721
24668,train,16847208984919395123
24669,train,17794990068253504041
24670,test,15016231494298130302
24671,train,5971629954360567211
24672,test,17467035440636834188
24673,test,11424662276562869831
24674,train,10820441108154541148
24675,train,11454502136192612470
24676,train,555432046373568295
24677,test,14534559927612358563
24678,calibration,4272731219960295151
24679,train,8606675707814573166
24680,train,3218335056609063616
24681,train,10711920928019949651
24682,train,9573798271857380813
24683,validation,16550904421071232868
24684,train,1631021497371768843
24685,calibration,15539915009894624542
24686,train,15314108527158269302
24687,train,10367605205202791061
24688,test,2619012472204418665
24689,train,3104309577878397039
24690,train,10951641796803315076
24691,train,12910569619315229129
24692,train,3308489264221482731
24693,calibration,12237898675893967420
24694,test,13037920574163038382
24695,train,3381884756752625536
24696,calibration,13675588839941183806
24697,train,11165317420987793518
24698,train,6057682290131250684
24699,test,6973112885712790642
24700,test,11937185725567055706
24701,test,9492618718739551299
24702,test,3188169939585819206
24703,validation,16838703921494592577
24704,train,14564155923542738699
24705,test,6018454114441251298
24706,test,11193833335668860462
24707,train,17048608585376118558
24708,train,15887324207541367598
24709,train,13407586931425121606
24710,calibration,17566367859286821494
24711,test,14251244149205252897
24712,test,2172589147026417308
24713,train,2730817597246129206
24714,test,5161929087787537676
24715,train,16021242839832898015
24716,validation,6651664203781147415
24717,train,18203146312453804300
24718,train,4186556618357255030
24719,train,6266952176549150191
24720,test,18375746586051541162
24721,test,9208153568474302026
24722,test,18165355091571486462
24723,train,13837867774211353027
24724,calibration,773779507673785610
24725,test,2735369930607167425
24726,train,10852178591959618883
24727,test,12131524494312616402
24728,train,13078431832295068971
24729,train,4339778074132395827
24730,train,14571626118400158510
24731,train,16552070806622293202
24732,train,10912049412572683197
24733,test,3735434010689513548
24734,train,6890114068134486064
24735,train,922476406868799773
24736,train,10703860852205089757
24737,train,15625960903809162580
24738,test,5298272107817749753
24739,test,9297644172973946414
24740,train,10569753304401960072
24741,train,13493256782111193318
24742,test,3385746874214288019
24743,validation,4974673588063858871
24744,validation,11721161017868013717
24745,train,5388753140035903138
24746,train,3750191678548384289
24747,train,13533840738730590499
24748,validation,7878363550197805413
24749,train,2923290579483379520
24750,train,6365889202924941609
24751,train,12248416814494804338
24752,train,17495514586782657137
24753,train,11926019172853912097
24754,train,6924819478402768357
24755,validation,7288961100294477945
24756,test,13599510654116647359
24757,test,9089083151895763773
24758,test,5432292666065298487
24759,train,14271290262855202258
24760,validation,17019392336188398254
24761,validation,13158910977479372636
24762,train,9704007590222061450
24763,validation,73961559562998093
24764,validation,10788063742285933752
24765,train,9689832584100980468
24766,test,6325328506901410008
24767,train,2542774804975502659
24768,test,197431940984283384
24769,train,2810262832772235731
24770,train,1901024009409980303
24771,train,17052384200516007091
24772,train,4902159770912764058
24773,train,8911735777536497369
24774,train,15937848277580976400
24775,test,4259081000261623463
24776,test,654167877559987848
24777,train,13561844959946006953
24778,validation,12057307100766507578
24779,train,15977309240885542365
24780,train,12724623851934141067
24781,test,2255781495241441104
24782,train,6838392421481032337
24783,validation,11571867128550145777
24784,train,494491676207348759
24785,train,14965775214810137580
24786,calibration,14388278173301467525
24787,train,8017872157541929573
24788,train,10494819803200038533
24789,train,8316156707920840963
24790,train,1608532238195049990
24791,train,5500541842320380643
24792,test,677966581439188848
24793,train,93580457487470245
24794,train,14730485602530497234
24795,test,6242451196043530450
24796,train,11990871509345334303
24797,train,8253142646591337715
24798,train,10466926994266293599
24799,calibration,11716704504863784170
24800,test,17910355434752565806
24801,train,8958909261511624540
24802,train,9980376703496784751
24803,validation,1043768608012349512
24804,train,15761645465197879696
24805,train,2346525388702552
24806,test,6891736496092347617
24807,train,16647020991136089141
24808,validation,1136527002492259081
24809,train,562665488998463965
24810,train,15828572636657467426
24811,calibration,701738391842259148
24812,train,14368382938168210332
24813,train,14480418819884817244
24814,train,14448763852835460355
24815,validation,6622380664225981661
24816,train,767593480595654225
24817,train,9974825856328293051
24818,train,1472471866780747717
24819,train,6166224176623698306
24820,train,4269350915163181123
24821,calibration,4670864004737539167
24822,test,10794206901958298984
24823,train,12881188775280197925
24824,test,4893283299067433101
24825,train,17382803217798912157
24826,calibration,14888015886175926139
24827,train,5549002559611793393
24828,calibration,10723520839012416840
24829,test,13459780564612055571
24830,train,9308010989869541373
24831,train,15390405945917016260
24832,train,6662564022920498565
24833,calibration,16796633887349470445
24834,test,10530046200146281858
24835,train,7645523824413395564
24836,calibration,14023562147169920033
24837,train,13731895482279301215
24838,test,14229660979388935402
24839,train,15562943232341455668
24840,calibration,1093693116737657698
24841,train,8078826531222502102
24842,calibration,9688852732423884596
24843,calibration,13856169223816195240
24844,train,4413655750969234262
24845,calibration,6556263600811220720
24846,train,4260221424745040732
24847,test,6514732566900020551
24848,validation,8709955391816858889
24849,test,4778234874135161685
24850,calibration,11087960201606286807
24851,test,1836592514248494808
24852,train,18154346661987559790
24853,test,11335403608630355126
24854,train,6664035750651863511
24855,calibration,16411222931070246965
24856,test,5942193750479788418
24857,train,18168937013468668579
24858,test,17731300021657180437
24859,validation,4091538647592664232
24860,calibration,14222839816893531238
24861,validation,11840418853971689043
24862,train,12123994116927463924
24863,test,1777819124869816235
24864,train,1409302972583265483
24865,test,1875254603209205324
24866,validation,9288300726164362092
24867,train,224513510479822476
24868,test,5447652440573404289
24869,train,9857837565001574831
24870,calibration,13478211988554801926
24871,validation,14169313171878996601
24872,train,1697561192961892806
24873,train,10656946549295005531
24874,test,17692958773837427917
24875,train,9842219947316411582
24876,train,1708049122988289262
24877,train,825361908072836132
24878,calibration,4645216554005762920
24879,validation,15301678588259278904
24880,train,16627883542150500010
24881,train,1536585100417194563
24882,train,6384602665510434845
24883,train,13272302917392643115
24884,train,8842397724003303313
24885,train,15974614804379809317
24886,train,3784975189160956931
24887,train,8428517422315692611
24888,validation,11409164384313358803
24889,train,1074603511819908638
24890,test,5106884858654894268
24891,train,18125780846043077023
24892,train,8261283270728394983
24893,calibration,13225920071529233731
24894,train,1758794748050546336
24895,train,13931637599270108139
24896,validation,306811006534050900
24897,train,7700889902351404746
24898,train,10263410256866418568
24899,train,2776160071210740275
24900,train,5967261523783091968
24901,validation,13292350466173893584
24902,train,16887997094675876490
24903,train,7630804697907817206
24904,train,693883433637879276
24905,calibration,11816301462364175672
24906,train,12257058743580493076
24907,calibration,13267759354820095698
24908,validation,17979144249481725021
24909,test,11422521727218588399
24910,train,7773290613494009207
24911,train,8760684515110788748
24912,train,14377568699417501653
24913,train,10118760707542158297
24914,train,11052724119475375786
24915,test,2784337362421814429
24916,train,4713901675611341581
24917,train,17330072518804172961
24918,train,17938628652990664379
24919,test,14007788085545425752
24920,train,4743253367089081055
24921,train,10307334614529369018
24922,test,15985423697744976968
24923,train,11210334067300820295
24924,train,8503688331592420687
24925,train,2275817175572940159
24926,test,5498509852570506792
24927,test,11348127224914801522
24928,train,5753879963018981204
24929,train,8125365098307307345
24930,train,13296637111524774899
24931,validation,16065740899989179260
24932,calibration,14034479281081440138
24933,train,4538267146102432053
24934,validation,15948879001472995633
24935,test,4719313866026130996
24936,train,7813860730621282112
24937,train,3572108443050704620
24938,train,5646951568593611560
24939,train,11046607253112642073
24940,train,7441374982752813398
24941,train,17228747843956850305
24942,train,4011216186959478989
24943,train,10312001968287562665
24944,calibration,17041539159041830081
24945,train,5880543755093079709
24946,train,733186241342883782
24947,test,4671482045535823442
24948,train,11563630121835263919
24949,train,15294456737327019182
24950,train,15145177057267623328
24951,train,9316688289689151430
24952,validation,17456407378021560966
24953,train,9457375674313472356
24954,validation,2063021903308039827
24955,train,18046928089653694994
24956,train,682122643236908632
24957,train,17600484469646894359
24958,test,9823044722707230022
24959,test,6184880981473045620
24960,test,5167738837937717884
24961,validation,4740330919773922792
24962,calibration,17206339214526978341
24963,train,7729459118921396169
24964,train,12129530341811678333
24965,train,11470425995765614070
24966,train,15121762424560117487
24967,train,13249382430140755053
24968,test,1507488141543290295
24969,calibration,14763781753130194435
24970,test,11303959598154148823
24971,train,13733892955669040692
24972,train,17648784759148437250
24973,calibration,9717139598193036041
24974,test,3076661999297868330
24975,validation,808584934803952145
24976,train,16988419351195600316
24977,validation,355955256364976922
24978,validation,15963487693220925472
24979,train,17018204898122689482
24980,train,16752092693624585038
24981,train,7578970391108401599
24982,validation,3856317248149333915
24983,train,6314827820035739793
24984,train,17070152745158124662
24985,train,11227242310658082526
24986,train,11835664180118930259
24987,calibration,10363907342272465946
24988,calibration,7301660725717110260
24989,test,7553394834031765514
24990,train,10407966925978046047
24991,train,10212283690170454816
24992,train,10100723133602987450
24993,train,5158311298788956562
24994,train,8119106744665658802
24995,train,17813146603407826692
24996,train,4672967158450098917
24997,validation,3780121969703207424
24998,validation,10680639775465300430
24999,train,3871049098111527604
25000,train,16525375383215767775
25001,test,504802107254065800
25002,validation,325339957288903960
25003,test,16953456814078566718
25004,train,12685140257896467996
25005,test,6646315947112780279
25006,train,9932697823958635179
25007,train,17476000132974895809
25008,train,14691521866092067236
25009,test,2425324081667577523
25010,train,12601461700569719024
25011,train,2207377495812401017
25012,train,15321359022060039640
25013,train,7428674090380497371
25014,train,16182932418608583558
25015,test,6750740529660722550
25016,train,2899144410159205104
25017,train,4669500459684052099
25018,train,487203881965639725
25019,calibration,6317481234344862194
25020,train,15638051904144282517
25021,test,673838834805597353
25022,test,9604538160037735012
25023,train,5313357065713298995
25024,test,7039873342655948617
25025,validation,16482197129077887406
25026,test,8283763223454664175
25027,train,159192151775880331
25028,train,7079256380642724188
25029,train,8131033286108032644
25030,train,8529535845219130496
25031,train,16226748355054424494
25032,train,12453766915350649198
25033,test,3590206312957604871
25034,test,5832385361951442881
25035,train,2219437516663312322
25036,test,14270294383333700214
25037,train,12185924705924853296
25038,train,13133759165208706969
25039,test,4901797702025242338
25040,test,9038783919010266170
25041,test,14734072574861880164
25042,test,14872784779896837032
25043,train,2613629773814397769
25044,validation,13766680138117167236
25045,train,16875834614226101547
25046,train,13780775587475632229
25047,train,10476309646458167200
25048,validation,8383738821027632978
25049,train,8187040761796841323
25050,train,9519305808019540045
25051,test,8517899370726246612
25052,train,8465984644365959834
25053,train,1652504996986219845
25054,test,708180149128476450
25055,test,3954631661372651512
25056,test,8473075605255052930
25057,test,9155456700919838928
25058,calibration,10777058066991013385
25059,train,16526120325112944776
25060,validation,5628603100307326865
25061,train,12421967426472820464
25062,validation,8462840654526370072
25063,train,10195592882882141918
25064,validation,7702859579415682927
25065,train,1709430763946961846
25066,calibration,10567027444865726404
25067,validation,17306287219172324209
25068,train,12674501865714848252
25069,train,5312180739475915083
25070,train,9982090549869958528
25071,train,13345057166212808486
25072,train,14083810439163420337
25073,test,1656100323628042231
25074,test,15512929630550173886
25075,test,1215575898884407696
25076,train,18227220735622755586
25077,train,12819418133882729891
25078,train,8167560770477211940
25079,calibration,5091273289459399768
25080,train,16959009382658983381
25081,validation,17352845182354987011
25082,validation,7725827122341334975
25083,train,9145292359515383953
25084,validation,4304739586887904718
25085,train,11861697079295057084
25086,train,12973140720638099096
25087,train,2356149693462892338
25088,train,2832301441863648846
25089,train,10263552197800941356
25090,train,17923166775846567328
25091,train,1889663916259693817
25092,train,16603937869710345022
25093,calibration,11949883027112958140
25094,train,16278493222509762593
25095,train,13728421778506114507
25096,train,11489642444546880183
25097,train,4411478518351557411
25098,train,8686253646945369851
25099,train,5251934180026583498
25100,train,10893183110326232411
25101,train,16652922782781517620
25102,test,9693047125185906449
25103,train,17965424545945371038
25104,train,2904773392286659839
25105,train,14563208249477658763
25106,train,4574210095308854935
25107,validation,7098788656363844156
25108,test,12098991620585349530
25109,train,10180525451372074914
25110,train,6558816524578746188
25111,calibration,5944485962909280961
25112,test,14188129367530083390
25113,train,1451945465851227826
25114,train,141721224638734343
25115,calibration,8707209333142737809
25116,train,16020557033803886710
25117,train,17175514709100781361
25118,train,3213399691803469128
25119,train,7231690997064464275
25120,calibration,13571884632260758349
25121,test,7287072840040145717
25122,train,9081017239736120499
25123,validation,15261329646091824079
25124,train,3205855748449127220
25125,train,17430651334522250908
25126,calibration,14219866784022391135
25127,test,14915612836210897615
25128,train,18265016840702822904
25129,train,14985322464418281948
25130,train,17953383434529738100
25131,train,14405992522889951486
25132,train,6162332592048032241
25133,train,14333846614866810633
25134,train,4846554399083414606
25135,train,293558343646829672
25136,train,6146268475324627351
25137,train,4057252218008196574
25138,test,804923303275182842
25139,calibration,14009070921567101276
25140,test,2083293728273915486
25141,test,5867844858349321812
25142,train,1676483503177491803
25143,train,2705463263167612931
25144,test,5137651890470808992
25145,train,6496597830810120081
25146,train,15064100852712890949
25147,test,5477783038551182154
25148,train,1151966337027152742
25149,validation,3407206241116665735
25150,train,6483306283690808607
25151,calibration,7035750297430579290
25152,train,15984434632020354140
25153,train,12383837799905774000
25154,train,8509324851761601378
25155,train,13183896572395257770
25156,train,9403014279892359493
25157,train,8691093314251915039
25158,test,11248588173142088848
25159,test,7054988558202884428
25160,train,12410920608010282442
25161,train,8646966317725351426
25162,test,16292085402096109193
25163,train,16472159201961789609
25164,validation,1471363049645842260
25165,train,7430188596712839277
25166,train,8406350422605196660
25167,train,3766739302222398200
25168,train,7790913823359371593
25169,train,17870145050690019891
25170,test,1631230595852015179
25171,train,575300059833875576
25172,test,3226902759187557940
25173,train,1512040875753991806
25174,test,1156532301278953040
25175,train,5566058615545001676
25176,calibration,8579262657184642285
25177,train,5192477295272104205
25178,calibration,13065241854072662704
25179,train,16786711391880810091
25180,train,4643693926406693163
25181,test,3617549713800693036
25182,train,5732917067329897670
25183,test,17217692380691739287
25184,test,11425102558880732438
25185,validation,1374150384253953848
25186,test,2070034465388176928
25187,train,2518775277421362630
25188,train,4274507779704583248
25189,train,6147504412346901587
25190,calibration,10936892742972057437
25191,validation,11051452430642377304
25192,train,9035983812862168649
25193,train,2120455771825412498
25194,train,9434747157367407260
25195,validation,7627623407044819807
25196,train,15146948456804592705
25197,train,17479733028794859571
25198,train,14358190799031250618
25199,calibration,13741919306131546606
25200,validation,6500516586404448173
25201,train,15883498964282355867
25202,train,2570960320750483288
25203,test,9997382203750115547
25204,train,16447621849927059167
25205,calibration,3221216561020423379
25206,train,1136829658464125226
25207,validation,137256596750375322
25208,train,10774102179819440712
25209,calibration,10118092183992239370
25210,test,7906010482513961605
25211,test,6344593058487048375
25212,train,2989056778772514233
25213,train,11515755217048217076
25214,train,16069435159073319642
25215,train,6028042895877355331
25216,test,4092095723036669652
25217,train,5481816174457138868
25218,train,4540010584761279403
25219,train,15860326229742750635
25220,train,7397386352876159898
25221,train,4543908093802839386
25222,test,2778287297721985620
25223,train,11507845458435689709
25224,train,14729668830136089225
25225,train,6577005625477992692
25226,train,9842212704537253166
25227,train,2412084816172189399
25228,train,3847043888006332111
25229,train,1199607227245596859
25230,train,9052712425003409562
25231,train,17916618762836688967
25232,train,1310571388665959252
25233,train,10538459646592323038
25234,train,5138501873774759952
25235,validation,12002518380445690263
25236,train,3839654491957818615
25237,validation,872164397623313507
25238,train,1856823558206178147
25239,validation,2530093945584246574
25240,train,13638124973017684455
25241,validation,13952049241528826489
25242,test,15170861031955449771
25243,calibration,12131406619772429056
25244,train,1471550339131036135
25245,train,12756530283982656116
25246,test,4542485297561641332
25247,validation,15206989240927434543
25248,train,8137511273111778648
25249,train,4907054556807998131
25250,train,7051377708205087007
25251,test,9198489696256373924
25252,validation,8157137647730257148
25253,train,15072649343623258908
25254,train,6706205659160613400
25255,validation,1359100105587277021
25256,calibration,3227543333790296409
25257,train,15162633945421693747
25258,test,2399127820946210680
25259,train,2852722453243080829
25260,test,6198915133964710087
25261,train,14031868659132752915
25262,calibration,10782420419381180886
25263,test,7465198684624317323
25264,train,984701042190804844
25265,train,10160113110970895063
25266,train,8439316875672873156
25267,train,7307318689534876963
25268,train,2436808379689519729
25269,test,11620102589357836569
25270,train,15298648537216800057
25271,train,7084797135293142342
25272,test,4354551566715342807
25273,test,8063363877880930492
25274,test,606885249097882534
25275,calibration,6159360712547885183
25276,train,14895048785515115274
25277,train,13243580567220047877
25278,train,565686918712867414
25279,test,9043570094334948248
25280,train,15352610720057827939
25281,validation,17489818596434142463
25282,train,4257637543026868488
25283,test,3433639007971221834
25284,validation,15995487436307099404
25285,validation,16926120538667266624
25286,validation,17093541634802046276
25287,validation,15558481794731849889
25288,test,13152168612766635977
25289,train,15784726424354399263
25290,validation,6049696858961841226
25291,train,7413174614823986571
25292,train,6496123661144864920
25293,train,12588884756369224227
25294,train,944800810456399360
25295,test,7128163178751388713
25296,calibration,7024370513474939078
25297,validation,12409876404280764158
25298,test,17762120792894713126
25299,train,4210861426205120170
25300,train,3572476552209865851
25301,train,9849110636337867147
25302,calibration,2752811748006009859
25303,train,18241240876976758710
25304,test,824228468760990399
25305,calibration,6692351939840647397
25306,train,11775947164264427707
25307,validation,4717877277907740604
25308,train,4060746381953771615
25309,train,16625338837830155142
25310,train,9036157385521862319
25311,train,4145187103242842424
25312,train,16525994555085830510
25313,train,10189058306525356107
25314,test,999559267049042197
25315,train,3735631451850652682
25316,calibration,15022418276513918081
25317,calibration,7270519386492055829
25318,train,1887419410507056775
25319,validation,13923404229093436087
25320,train,1327804988291159998
25321,train,12552583496438383728
25322,calibration,13325729836841504119
25323,train,12437868064092185179
25324,train,13429748175603972505
25325,test,11643967186418841220
25326,train,3561883724255361986
25327,train,6863955556088534514
25328,train,6322180767667942059
25329,train,16268361492888346734
25330,train,3375720178585483156
25331,calibration,4545655707332854961
25332,validation,4136077961220180618
25333,train,14755018654623061249
25334,test,16993950850802193300
25335,train,13101354133562977655
25336,train,17362889880164827006
25337,test,7480320381328324518
25338,train,3272782754369948778
25339,test,18310485278079233283
25340,calibration,16945061417870128411
25341,train,5851476328446139651
25342,train,146880217210929148
25343,train,9892546081528023123
25344,train,11443318650976157032
25345,calibration,5580360322028298370
25346,train,1779641522018978959
25347,train,2865373446028255681
25348,train,4865177370172481947
25349,train,10873041778031316284
25350,train,7223841280298452269
25351,train,13889695445985210272
25352,train,17431093061280614883
25353,test,14983274682201057181
25354,train,16488270334021748359
25355,calibration,13124956021928244171
25356,train,3519701434889261417
25357,train,6847894645166567643
25358,train,5197284638756327575
25359,train,17018269110546891977
25360,train,9000320062151917876
25361,train,5972727127315419219
25362,test,18016823146977981511
25363,train,5577480702489727926
25364,test,11582642823031730868
25365,test,1797860603111465207
25366,train,15286981897043361687
25367,train,9574272871915368728
25368,train,9055319524435430260
25369,train,17458822894205328123
25370,validation,3361617806549015453
25371,calibration,13436565465198945734
25372,validation,2282064027947344861
25373,train,18435205830702485946
25374,test,8572219092829738716
25375,train,3273399427416395902
25376,train,16841484631302197638
25377,train,6872912271385490786
25378,train,5546107022230937604
25379,test,18001683919798336358
25380,calibration,16940685361310857116
25381,train,13900048980560851318
25382,train,7408754942233975110
25383,train,16518492830380741343
25384,train,7432426066936208572
25385,train,486182562588820934
25386,validation,12397145001685309210
25387,test,18293206448544674466
25388,train,17100513133194755137
25389,train,2284757867000725001
25390,test,13410379400487202323
25391,validation,7546737851076395003
25392,test,8094567642272953924
25393,train,13498640169511712612
25394,train,7578052178768195497
25395,train,168702389589764873
25396,train,17659472917922073447
25397,train,2255335680761104029
25398,train,13025632479240824360
25399,train,13579256143296777189
25400,train,9111015472880837880
25401,calibration,2562342451168760908
25402,train,8204837260087430304
25403,train,16665362935752920719
25404,train,8726625148923930965
25405,train,3938671153805398955
25406,train,5834156518786793463
25407,train,9891666778576560611
25408,train,7251745595094027324
25409,test,1085005383769155378
25410,train,17050395687828921235
25411,validation,8655480243659427947
25412,train,17953192356477596380
25413,train,12043051572602076160
25414,validation,9771255629266102213
25415,train,11350322562208929480
25416,train,5909985333314555315
25417,train,13865032779046334456
25418,validation,16293272583208034754
25419,train,16275848567563909232
25420,train,4247262215013572822
25421,train,5969123903406619835
25422,test,17601799335764112799
25423,train,13719163927469248238
25424,train,1893383474257668594
25425,calibration,15052703826472602759
25426,train,4353947293727059631
25427,train,12559260014505877246
25428,train,3402031393261825515
25429,test,107627335108151682
25430,train,1557205091467915287
25431,test,628452281314045876
25432,train,16942441449527638099
25433,test,13085158589406593650
25434,train,6167903998558736736
25435,train,5283511041328458667
25436,test,8442371766336090541
25437,calibration,15676633584645263325
25438,train,7074084449311407843
25439,train,9718889618286627944
25440,train,5031456392552435867
25441,train,15781415446383830745
25442,calibration,1181361498201651559
25443,validation,14143293283236027493
25444,train,4316219003913457962
25445,train,8234768466042783094
25446,calibration,1160923194209952664
25447,test,6406825379736317023
25448,train,13610635130540186194
25449,train,1024732413731745743
25450,train,7233382621839979354
25451,calibration,398191670283738612
25452,test,5487350572078667247
25453,train,7829399417990905749
25454,train,9173876513279371775
25455,validation,528443985033058795
25456,test,14862471579571882339
25457,train,6734150657402386854
25458,calibration,2305008490890727223
25459,train,17735567274543322529
25460,train,2261824181048713503
25461,test,9625995542450614859
25462,test,7113709198561571290
25463,train,9113469636456489008
25464,test,9857587322081741528
25465,train,15313963800317780912
25466,train,16133994420985291649
25467,train,13070453228905333965
25468,train,10166784080005390487
25469,train,7982184592866815052
25470,validation,12890579373295612571
25471,train,18425172216671223017
25472,train,41368228175563754
25473,validation,18058900316320192151
25474,train,11919771675346117715
25475,train,6036993185463202806
25476,test,1745544830370637459
25477,train,147549424270163821
25478,train,8997613985446649659
25479,train,13935740711667460633
25480,train,11491456897709309611
25481,calibration,11359272041626943309
25482,train,2100971695153403463
25483,calibration,7022730964011018223
25484,calibration,5301370718096702380
25485,calibration,12577846772601422714
25486,train,11921853340421276629
25487,train,3527597159897606623
25488,train,704321634067869173
25489,calibration,9172590092910462542
25490,train,11356775792176406431
25491,train,8211165474319900995
25492,test,13006572287018735541
25493,calibration,3307978669854032789
25494,validation,6527036254184188212
25495,train,17391625983719863250
25496,train,2499405038442755736
25497,train,6509624026850149408
25498,validation,4925832560118498957
25499,test,11226053493758616013
25500,test,17288268372988294892
25501,train,7665905488605712216
25502,test,11181688202351702205
25503,train,6565875015822991136
25504,test,14603935933877215612
25505,test,8037543897559975327
25506,test,13553035954704903500
25507,validation,9617973389111413033
25508,train,18220131242590766140
25509,validation,1055820022659741074
25510,train,5056603819150771323
25511,test,10941076838945673251
25512,train,10397863073021878889
25513,test,16611278265133007713
25514,train,5754057042824533186
25515,test,15496906720717950921
25516,train,9725014661692926493
25517,train,322317004438652288
25518,train,7586496095744716500
25519,train,2043167124175470278
25520,train,11210297972865248087
25521,calibration,14019284257404749622
25522,train,9905529369008410925
25523,train,7782570867257129041
25524,train,3349498718181687480
25525,train,1882441539160867869
25526,test,2895329608997837489
25527,train,5374670506168264905
25528,train,6029268958583055931
25529,train,13732816492106942902
25530,test,17366074835521645019
25531,test,867201467802960620
25532,train,13628081546061716442
25533,train,10223791566755745712
25534,test,14926748051683011209
25535,train,15290891951459448563
25536,calibration,16308714940543321041
25537,train,1711578509561145821
25538,train,13599600791499285385
25539,test,15274908710013287999
25540,train,8129293019679436223
25541,validation,8994785530949156146
25542,train,3379676826209008029
25543,test,14705367890229461679
25544,train,7776240321294766962
25545,train,14181956999007695825
25546,test,18103805578670402844
25547,train,8593700441260823946
25548,test,6462884217333067612
25549,train,14630070719976504048
25550,train,9133265062161458064
25551,train,815629664713747209
25552,validation,15998343251093081834
25553,train,4003750500288842887
25554,test,4472521501942324889
25555,train,10302862676720156849
25556,train,3658100463437861018
25557,train,14124212254048378925
25558,calibration,5372516386239382794
25559,test,6243270764307415788
25560,test,16867666086925419920
25561,validation,4405574939256167687
25562,test,6026205937703808712
25563,train,15337078720891533412
25564,train,14221029018457824754
25565,calibration,8624953497672137109
25566,train,4140981653325754546
25567,calibration,780340684480478251
25568,train,4283407482974999447
25569,calibration,1570569190195353804
25570,train,1318544453718122891
25571,train,928283173349726524
25572,train,6936595362252838632
25573,train,10066230122902217017
25574,train,12834128042572865725
25575,calibration,9128545014184823891
25576,calibration,14430809387227350860
25577,train,935921685535843981
25578,train,2928236081722913000
25579,train,11164311271186511974
25580,train,1772619837975355066
25581,train,16696576874492800808
25582,test,4590440179486338743
25583,calibration,3259116291979487790
25584,train,2888366967002989822
25585,train,7114833677225915550
25586,test,5549591370864125069
25587,validation,14957776434930589931
25588,train,10242292996196307261
25589,train,4772322359334449975
25590,train,12373705981608122640
25591,train,10998313165650527270
25592,train,9523746075181589611
25593,train,9946445676202679622
25594,train,7364850237727903439
25595,train,12107252225412238432
25596,test,14727557304444625932
25597,train,8457580370681056920
25598,train,8458624862831040358
25599,train,1474347877922708047
25600,validation,14037135953189959198
25601,train,4436385706105411306
25602,validation,4898016027773228340
25603,train,7214096211213837201
25604,train,9250147183037091397
25605,test,627881461443039162
25606,train,17795358603384361119
25607,train,107208357778744247
25608,validation,1305360756236733238
25609,train,1044637239218559171
25610,train,1364946339608024621
25611,train,7733803544771587210
25612,train,18284637295442761470
25613,validation,10186360501661529430
25614,test,12313057052892479276
25615,validation,10840611014124678429
25616,test,5728370727111859385
25617,train,1314787571488711617
25618,train,17672061622689127672
25619,train,10545351510125673437
25620,calibration,7908501073939567475
25621,validation,13385969249383946056
25622,train,7032499326695695652
25623,train,8196129608134587619
25624,train,17488994031416728994
25625,train,1799516486328087162
25626,train,15110589963366784654
25627,calibration,7648907508076720038
25628,train,7616624976699066331
25629,train,14640796963060878793
25630,test,10030615547946913444
25631,train,13637238218927153721
25632,train,17463653426518725069
25633,train,6156551580468956766
25634,train,5732730612157187691
25635,test,1921601014837193871
25636,train,17847083927548966980
25637,train,9765399755549845638
25638,train,9758800790232164627
25639,test,18113942423472103920
25640,test,17565415286848306901
25641,test,17286220539187569730
25642,calibration,3019982274295263112
25643,validation,8036661878761459454
25644,train,5328985500124936705
25645,validation,4326116047085788990
25646,validation,16213980110009391447
25647,calibration,8441757046138774603
25648,train,2522518235714435874
25649,validation,4774298260852466989
25650,train,437897835964835529
25651,test,1900196802118917026
25652,train,1505385469850963317
25653,train,18066377811809216104
25654,validation,3856317248149333915
25655,train,16500347332045294809
25656,test,15976029643060898683
25657,train,15818904670272417349
25658,train,11663693134828974271
25659,train,5303678318451656302
25660,test,12993325492993024098
25661,train,322317004438652288
25662,train,13083170155623017068
25663,train,4768944002667835489
25664,calibration,8658046112313398385
25665,train,7222080473745612004
25666,test,8249498243756908131
25667,train,898100825177798777
25668,train,8224713652514790146
25669,calibration,15872467441959182699
25670,train,10459492237335339846
25671,train,16110609727186423793
25672,train,11931223892830273161
25673,test,16075788261244856473
25674,test,6698126675349051735
25675,train,7057094811743715453
25676,train,15097703738144334181
25677,train,12135303352282725749
25678,test,13533045111271602825
25679,validation,15960787516472115325
25680,test,17846296774921495099
25681,test,6863282148925076206
25682,test,3693149520028079182
25683,calibration,10509442768032836060
25684,train,9378465434058011213
25685,train,7531595270843539131
25686,train,9326198593550894649
25687,train,9620967578571280143
25688,test,6999382109415450082
25689,validation,872413090312816581
25690,train,495804673188276526
25691,train,4596123975276691559
25692,calibration,1462781735439917613
25693,test,17248261540254988265
25694,train,15402742303569448367
25695,train,6299051314390930855
25696,validation,14126747744758434124
25697,train,15014697015791090692
25698,train,4356024995229892802
25699,test,12019691058916109136
25700,train,11511811057020476486
25701,train,12918334576616171283
25702,test,5216364349703322990
25703,test,15121083843426614713
25704,train,9928356693941659863
25705,train,2352660157391774025
25706,train,8730288355677154092
25707,train,18180458580527520473
25708,train,1641237997908543700
25709,train,15828033874113161742
25710,calibration,774334291185476824
25711,calibration,11452857239819643433
25712,train,15902112325652028966
25713,train,12472836727234497202
25714,test,2299468062908208507
25715,train,5992369910617661282
25716,calibration,6666147486648501295
25717,train,8089688896905237759
25718,train,17085042469045295438
25719,train,13768863871263451251
25720,test,11422307811903267602
25721,calibration,16768785467473750363
25722,train,17078029506371613164
25723,train,10442975116461147876
25724,train,5384632831092494982
25725,train,5629800578232193088
25726,train,11356895228919903529
25727,train,11473193494398049472
25728,test,3170932499642830780
25729,train,13182152054381377064
25730,test,13003511673069847766
25731,train,6623358476546018907
25732,train,13376149888044917479
25733,validation,3856317248149333915
25734,train,17473608351301968418
25735,train,15307337747906011070
25736,test,7170522464342908972
25737,test,14580441532008005039
25738,train,11291072190607253852
25739,test,18047306550118160355
25740,calibration,13172319143296424012
25741,test,17942996596159685390
25742,train,16252703078238601605
25743,train,12398715549034010174
25744,calibration,13967838437089665150
25745,train,1738265105887574074
25746,validation,12183394633618951675
25747,train,5490399715358173713
25748,train,12472403128701034013
25749,validation,13406675218061648315
25750,train,14152864987140187857
25751,test,15667066267301363488
25752,train,4480409419005128973
25753,test,2565331336755147424
25754,train,1528431251301984621
25755,validation,18134009859505646754
25756,validation,3713089908552770975
25757,train,2648982133716000311
25758,train,4586798765098454407
25759,train,35043886825664186
25760,train,9284927863869362491
25761,calibration,11114326388066485521
25762,test,1034178555853998332
25763,train,7445801104151612874
25764,train,9984328310895234290
25765,test,9035808887137868437
25766,test,6261208414163111629
25767,train,12621945391745334440
25768,test,596990383293018723
25769,calibration,8885209614443922707
25770,test,13591525452572665972
25771,test,6281043496242633535
25772,validation,10606153214530718270
25773,train,4460676443750844433
25774,test,10477562894481712589
25775,train,18281727311453219713
25776,train,11240051234145219292
25777,train,9595461039721899541
25778,train,3686139858083278221
25779,train,11349652508784201415
25780,test,18241946268399041846
25781,train,2296205513429851369
25782,train,16492547998899502425
25783,calibration,17714293349981616420
25784,train,10100347114875221603
25785,validation,714570997578772396
25786,train,127414091990937464
25787,train,16817255156183924610
25788,train,18136079836426490670
25789,train,3280047555325824435
25790,test,1374097585003218981
25791,train,3586305558259364800
25792,validation,13603591092661734737
25793,train,12469725751510316197
25794,validation,6560608490922041664
25795,train,9642572288887824013
25796,train,12170319766793002719
25797,train,10188858373502142322
25798,train,767550231115864449
25799,train,14556025061258201111
25800,train,2355198341639044909
25801,validation,7956702999488442692
25802,test,1028986099773695569
25803,test,10885900107462660001
25804,train,4155839454678812868
25805,validation,15904270274220619422
25806,test,2117874071213696243
25807,train,12983411957460555944
25808,train,10872147131660950805
25809,validation,17729891575479285831
25810,train,7999333212065468209
25811,train,16455477599550503725
25812,train,8093183069300160856
25813,train,16160558017987456327
25814,train,14675406289024794757
25815,train,6611456279434744313
25816,test,7259144132640158688
25817,train,15773641181665094773
25818,train,10931507151926119026
25819,train,1275470501361863656
25820,train,13684576320463014714
25821,calibration,834184694318303899
25822,train,9019393872022661994
25823,train,13865626908467170297
25824,test,10798134247415051864
25825,test,6874143827115138825
25826,calibration,15449233904097927881
25827,test,8636874187973174234
25828,train,17014271142596899722
25829,train,15240119872525492796
25830,test,9453743854463078488
25831,train,16027290587658779330
25832,train,18055018665734034171
25833,train,11813893505794995615
25834,calibration,16778153395532564152
25835,train,1851342924363547531
25836,train,5464921965025845612
25837,test,4692943344804141795
25838,train,11376175272051476776
25839,calibration,7443811764705271145
25840,test,8047521009357307737
25841,calibration,1978821912896650376
25842,train,1636477040187242278
25843,train,9155500072010282332
25844,calibration,4110534365806326165
25845,train,17372252967854143839
25846,train,16223972501948436622
25847,train,8434857882517003164
25848,train,12045831330210964954
25849,validation,11337134833762206291
25850,train,131019353649148032
25851,train,15064100852712890949
25852,test,7645946513243612054
25853,test,17717980648129752178
25854,train,7632073455591087984
25855,validation,10104243032618402364
25856,train,6802804835991047211
25857,train,5938227943464376516
25858,train,7000701636281676593
25859,test,15671191153696365460
25860,test,9276372734775653780
25861,train,16774630111103865518
25862,calibration,3059256948505219440
25863,test,2787185617347230395
25864,train,10215468516724245313
25865,train,14160477166202215832
25866,train,475043321866624338
25867,validation,13236576252772298869
25868,validation,11694436322284487284
25869,calibration,3534539811820230311
25870,validation,9142124818644436721
25871,calibration,4886195283014249268
25872,train,10299618674896986355
25873,calibration,11199336408790488014
25874,test,13354398503751328259
25875,test,10900193637779666807
25876,validation,5826395268828564943
25877,train,5467279706941234821
25878,train,1959227297179764081
25879,calibration,12418507432621049321
25880,test,3408032963711637821
25881,test,3821065353980873500
25882,calibration,17125907564532677617
25883,validation,1573863527596900702
25884,calibration,12667488037929455057
25885,train,13722123199207565878
25886,test,10901682407942064554
25887,train,10580655439112494398
25888,train,3161008394883207230
25889,test,15254535880014827398
25890,train,10703850405530925177
25891,train,2064887842502211727
25892,train,1653017626818104507
25893,train,14211096755299475918
25894,calibration,49950494805841812
25895,train,12549894150281601652
25896,calibration,14202985326810579411
25897,train,451181184762787086
25898,train,8597443092406087700
25899,test,1584035152047976501
25900,validation,17497892928771967745
25901,train,3003287312277708940
25902,calibration,16210986046515509003
25903,train,2986984212804024249
25904,test,16283967256121499009
25905,train,4238111493886815340
25906,train,18148082567660482078
25907,test,14595919747062045252
25908,test,10838694161814480619
25909,validation,7265031074244454382
25910,train,16281532361861573409
25911,train,9200398123901541546
25912,train,3818335223114343971
25913,train,8246119084903692735
25914,train,4498556288157825342
25915,train,15813001767123807665
25916,train,770364870058927189
25917,validation,1527287250142658390
25918,train,8242957570428852436
25919,test,12191936579563307634
25920,test,14163767303456464625
25921,train,13667306524919410047
25922,train,14317964048401255550
25923,test,8804931746599183757
25924,train,4223888755673339078
25925,train,14882748822024405471
25926,train,16231219741412541936
25927,test,16776819826464264600
25928,test,7592410436472067755
25929,calibration,13849848490173338438
25930,train,18362465552338448075
25931,train,15013154565562462186
25932,train,6957553009368126080
25933,train,12093530089411860294
25934,calibration,11782650526851105905
25935,train,8614735018561417536
25936,train,59137272633163567
25937,train,14315202918132669786
25938,train,18339925969651784481
25939,train,9663026549221133897
25940,test,4026058936536479793
25941,train,16359179056015075902
25942,train,2248428433790626700
25943,test,1592618544935898223
25944,train,15678475993191877130
25945,test,16423000965300444655
25946,train,6101173370693483099
25947,train,9786992904605306503
25948,calibration,5589554221725213205
25949,test,8264590307143481468
25950,calibration,12905396423227244063
25951,train,2521556095106900958
25952,validation,12327556454322729124
25953,train,13574444446214566041
25954,validation,1039652622602913495
25955,train,7315827786126053538
25956,train,16825344920745104372
25957,validation,2631157915058750324
25958,train,15400942870207690219
25959,train,18255289105328754836
25960,calibration,14436078342041192403
25961,train,3251352413086729850
25962,train,8532363724025143102
25963,train,2394766739519751226
25964,train,7912140907249992472
25965,train,8583395245619827453
25966,train,13505235542060407246
25967,train,2998160114967060691
25968,train,4030343029146395020
25969,calibration,1975905956772887020
25970,train,18353358759565333649
25971,train,15492612394681247313
25972,train,16031662044035428795
25973,validation,3856317248149333915
25974,test,3817561847721750103
25975,train,12334264552644805717
25976,train,1082904207551880681
25977,train,6663958251000463595
25978,validation,17207996581508804129
25979,validation,13120722134339139938
25980,test,3792978211860905014
25981,train,1041454266120596799
25982,train,3577457689655534892
25983,train,11493879246640253815
25984,test,14727768260811770505
25985,train,3716692937668564271
25986,train,17209642960553240313
25987,train,162752233181368211
25988,test,10572098564098078700
25989,train,57055883344319641
25990,train,10621888516926131761
25991,validation,17709613529524689477
25992,validation,6862303941256916134
25993,train,17119069724883367477
25994,train,5048164037317130060
25995,train,11658407342763973779
25996,train,16402538053248152205
25997,train,5967010731194505305
25998,train,13034286308087350125
25999,calibration,17646549443794725416
26000,train,9304403769502613296
26001,calibration,3150964571910248545
26002,validation,10363977890072485127
26003,calibration,10316799255451664148
26004,train,8242458410627452162
26005,validation,17865008478147876820
26006,train,6528783150124950690
26007,validation,5090965511700624969
26008,train,3929299716467852231
26009,train,14255635054879615638
26010,train,10950689221950385475
26011,train,15837830989680877178
26012,test,16007371829852097774
26013,validation,17341584236985685504
26014,train,1935608760147911171
26015,train,16017867129318474457
26016,validation,18322267018420192745
26017,calibration,10315981915623878190
26018,test,16314404323493680423
26019,calibration,14109155305672365633
26020,calibration,6989550161596955075
26021,test,16664840094512959332
26022,calibration,15088503553425377273
26023,test,7900748724478453708
26024,calibration,9401686137076106794
26025,train,12891894033423278177
26026,train,11514743478562957141
26027,train,16887641040014896197
26028,test,4576993009908330265
26029,train,16801453377647247000
26030,train,12761470821567291380
26031,train,12007401571944082331
26032,train,16058870522135571215
26033,test,3443534734165699381
26034,train,13698344379442450571
26035,train,15959740198734943890
26036,train,12138992532364117653
26037,train,11787368728833409326
26038,train,2756907504109644252
26039,train,1044637239218559171
26040,test,17043844536824139370
26041,train,15747115459991088470
26042,test,7302237070268831461
26043,calibration,15870148389988362454
26044,test,1220854128464005097
26045,train,10411758616156549980
26046,calibration,11327808541592973689
26047,test,944192842933017862
26048,train,10982435976042491069
26049,calibration,13829669843945397762
26050,train,11695498143213345195
26051,train,4741052050205198667
26052,train,4209802811138951542
26053,train,12129205714753657463
26054,train,14695176591336633003
26055,test,13933780237951678886
26056,train,12030935555295491088
26057,test,12087319505973544226
26058,train,16711054077984443415
26059,train,12213153902966905835
26060,test,13166253693103528707
26061,train,16119583968223978417
26062,calibration,13903039448529262831
26063,train,16832605200446723176
26064,validation,12799800987358529307
26065,test,13379746865290684317
26066,train,4990574526228573933
26067,train,15895295638925080567
26068,train,1122899310673258279
26069,train,17072976699162319233
26070,train,887270439496059335
26071,train,13329282220946863538
26072,test,5143996135996028487
26073,train,16404131594598052352
26074,train,16451718528246209486
26075,train,2683675746183540755
26076,train,1408627182105997582
26077,train,13055928170491552980
26078,validation,6202062157046810733
26079,train,10491872842805519549
26080,train,1347481095085376801
26081,calibration,6089976147084307550
26082,train,17093277556929280724
26083,train,13881616982953658835
26084,train,5264430590397125893
26085,train,7869219331165187156
26086,train,15428251380065199198
26087,train,1543253021307350882
26088,calibration,12186761338157157068
26089,train,8838541905854906635
26090,train,649003455892430412
26091,test,4635969163610377395
26092,train,1919379693929740225
26093,test,4171088760892146715
26094,test,7957892295583750996
26095,train,8839407911839926852
26096,train,268299810867640102
26097,calibration,10384865609057862512
26098,test,17368610621971527665
26099,test,7286362401751687264
26100,train,17727515214356628758
26101,train,3551011780160702683
26102,train,4373381908386325268
26103,train,7831687585148682600
26104,validation,5656089684736098663
26105,validation,1648821987625140921
26106,train,11736107178430627251
26107,train,6543896033305452253
26108,train,11913785826681044472
26109,train,13066534873509684502
26110,train,4279959971244001655
26111,test,11386042451436904422
26112,train,1091849523218610653
26113,train,4614527922811566386
26114,calibration,9919619993471835103
26115,calibration,3582582036056134591
26116,validation,3856317248149333915
26117,test,17647084122680634505
26118,train,12145890615692476911
26119,train,4543969171389806439
26120,test,4203315464246769916
26121,test,17121721862428985628
26122,train,12030049968844942845
26123,validation,8218115611649688239
26124,calibration,10048977206668158132
26125,train,17872681267304067870
26126,train,3756725569786452305
26127,train,1350348493507067094
26128,validation,3856317248149333915
26129,validation,17672435300756468191
26130,train,15064100852712890949
26131,train,2517013370339052283
26132,train,17850945556901058603
26133,calibration,14951899790548834851
26134,train,14716194704551492750
26135,test,16607791354153882939
26136,calibration,15407671593862654550
26137,test,9234540512607380774
26138,test,9699799193582856161
26139,train,10546785809762074337
26140,validation,1931981567864171307
26141,calibration,4523477753896397968
26142,train,1878646305352558465
26143,calibration,10491841798563574687
26144,train,815952963203407569
26145,train,11038984919100547991
26146,validation,13039479712922698502
26147,train,16562009572982803826
26148,train,11628568343191060501
26149,train,1420499223892140664
26150,train,16138059296557485796
26151,test,4944426156918644150
26152,train,11796983637033792496
26153,test,14510361265818324469
26154,train,2015081584715883886
26155,train,11614217274461849253
26156,train,2789793191194063261
26157,train,8361185850045820667
26158,train,242254795117345133
26159,train,176033169289739787
26160,train,463634333654483603
26161,train,9788683698387344121
26162,validation,13533106894180204252
26163,train,1028463050782010246
26164,train,7432046332904536840
26165,calibration,5103839724242454604
26166,train,610445315671664751
26167,train,16382642738571268258
26168,train,260086473696615699
26169,test,3773717810040730567
26170,train,8112908735921801999
26171,train,15060863851954359040
26172,train,17067988560873946942
26173,train,14169115213022642390
26174,train,8678309287422918688
26175,calibration,6683280401172925653
26176,train,3824438810831423635
26177,train,16326881538205479275
26178,test,12131524494312616402
26179,train,7878932616401787158
26180,train,13890629907974224293
26181,train,12265258902003193719
26182,train,5487965495488661043
26183,calibration,18228187778348255319
26184,train,12064829388079349550
26185,train,10108831811087949928
26186,train,8486158193044267408
26187,validation,4426969303084335090
26188,test,12490289660871838368
26189,train,6694421030060587621
26190,train,4705613792099998643
26191,train,2418683697087659090
26192,calibration,8157898926987521297
26193,train,15876399895491959306
26194,test,2633891270018980170
26195,validation,17946723314267127223
26196,train,10138329554324623390
26197,train,12485343905278754291
26198,train,116946906165393703
26199,train,10427728895575228911
26200,train,253186243818068987
26201,train,5501420516600087151
26202,test,8271745852399224153
26203,train,1320329288060163344
26204,calibration,8856921732162815852
26205,train,4771958458182844182
26206,train,2958931497018653760
26207,train,1079914449573781691
26208,train,580474343031643954
26209,test,12308580579082305017
26210,train,2678864020901214007
26211,train,16259196479301435158
26212,train,13786990410999796945
26213,train,8212581795875801197
26214,train,18143754610672438180
26215,test,16509472891562582926
26216,train,15538720372220793969
26217,train,5992716475826968317
26218,train,7674460252806039658
26219,calibration,7585227780968772662
26220,validation,15089361159989158724
26221,test,18402129875610996945
26222,train,16464827994779879750
26223,train,9752408049490356683
26224,train,2466056704530555142
26225,train,15536025866095367848
26226,train,10749868754809453910
26227,train,6530128421159217233
26228,train,3454278403594669984
26229,calibration,9907981779826376684
26230,train,4778894361047789526
26231,train,2144941646162218659
26232,test,12636948722418818725
26233,test,2717414941702446435
26234,calibration,17100176472796039910
26235,train,10933226802098926983
26236,train,16713093093575959139
26237,train,17079478775165721061
26238,train,13701267285791932547
26239,train,3998513316905946453
26240,train,16918298855813508311
26241,train,7442977004869872207
26242,train,2488235525243181722
26243,train,5161187280729449047
26244,train,1831904640936512349
26245,test,6103207787754592850
26246,train,140324605764418607
26247,train,18069659659583666955
26248,train,4828367028219329771
26249,train,4087220320934040099
26250,test,16203341115329991840
26251,train,2528741853443206061
26252,validation,7405642283822487500
26253,train,7473128918478412111
26254,train,4468352011839213780
26255,test,5214017096148762540
26256,train,9655032331388074803
26257,train,2438367899533326562
26258,test,17393608170765365217
26259,validation,2028006157200658531
26260,train,1374003514698990534
26261,test,7523981555122988082
26262,train,16228347953103879623
26263,test,12553874579795266541
26264,train,3951188765656629080
26265,train,10882089043977838751
26266,train,11456228540888378516
26267,train,3265292676508144233
26268,train,12477845810957464194
26269,train,11212116326506713176
26270,validation,7575924002589328380
26271,test,10214820584444407218
26272,validation,15511572177552633035
26273,train,15064100852712890949
26274,train,2254751393920331834
26275,train,13466403749525611333
26276,test,14322035450464869212
26277,validation,6641535980166205776
26278,train,4108233048785629292
26279,train,17325022445065909667
26280,train,7052437373195181757
26281,test,11262818354509344977
26282,calibration,367934109036749112
26283,train,11411925202612081696
26284,test,15671766270785764184
26285,train,14333683700616992972
26286,train,3370542795788260792
26287,validation,4634561573009059124
26288,train,13043191472306106439
26289,train,14712837481724915726
26290,train,14629335601943062670
26291,test,16796646257964108123
26292,train,17969888473821684002
26293,train,6545886010936109639
26294,train,3929484685094958725
26295,test,14761289290659563653
26296,train,257530500254021451
26297,train,7857353767260812327
26298,train,16561243572434524840
26299,train,3773016824298657305
26300,test,760519337190592390
26301,validation,5352822114461977198
26302,train,6288296027767012118
26303,train,1047623386112630041
26304,test,9696196163572488581
26305,test,18416901616616665530
26306,test,9615203209492476868
26307,train,7494497063628394888
26308,test,12544917792232485896
26309,train,8056694014753567458
26310,train,14539463785501932098
26311,test,12131524494312616402
26312,calibration,15849663803970178615
26313,validation,16745277765069590274
26314,validation,10500256474939458806
26315,train,2000637763258089747
26316,train,2316754946068118605
26317,calibration,5920934276858654221
26318,test,7860244981701781104
26319,train,6530128421159217233
26320,calibration,6572541894762911385
26321,validation,17718070104152073317
26322,test,6071776462517616945
26323,train,10774964189397565342
26324,train,741825997076715896
26325,train,11454702462589717580
26326,train,18145919584138516692
26327,train,678373033454524359
26328,train,2042790330258697983
26329,calibration,12500069341942551767
26330,train,1654214706088441639
26331,train,652549473355343463
26332,test,16202477390025255030
26333,train,5323614721542503994
26334,train,10111869631369267057
26335,train,7016945727229530486
26336,train,5227109892038746783
26337,calibration,12789098376118901415
26338,train,3503002175837503558
26339,train,4666274108255372818
26340,train,5985775190809729636
26341,train,1399297874022573473
26342,calibration,6153093668373598668
26343,test,5364391808215523672
26344,train,11628226783380662928
26345,calibration,10024857997348990220
26346,test,3909794773365236640
26347,train,1131750452799626566
26348,train,13807203043355060486
26349,calibration,10902368373678878298
26350,test,1391887331824693596
26351,train,4040057380166091626
26352,test,10504120583313186081
26353,train,14899134287791953535
26354,test,9056188299831098719
26355,train,8904610646680489663
26356,test,1817696513320730362
26357,train,5020191756305039255
26358,calibration,6521815174049347103
26359,train,9559392376638962139
26360,train,3547005963156388410
26361,test,11520817130394443539
26362,train,9081896066610888946
26363,train,730016780839894345
26364,train,5014384818445229185
26365,test,123528837824357827
26366,test,10042468163499978402
26367,test,359600176727767949
26368,validation,15559342692690390557
26369,test,9842661552374764422
26370,train,18010880255978596640
26371,train,1044637239218559171
26372,validation,14685207024855929255
26373,train,3860562355924443443
26374,train,17396337730758675518
26375,train,4391896962064135324
26376,calibration,5301370718096702380
26377,train,4559185548841748835
26378,test,4632169049285445709
26379,calibration,7701943054513791231
26380,calibration,4743344172672998413
26381,train,7369617905980102209
26382,train,9991942683061150787
26383,train,9127289131242426397
26384,train,16610435133329446909
26385,calibration,15763552327363955296
26386,train,10379724312409925429
26387,validation,10828341633492826569
26388,validation,17320518131424495503
26389,train,13322157027769745338
26390,train,14512564106035913504
26391,test,18300597215012698621
26392,validation,14114209107616806069
26393,train,6706428104051400273
26394,validation,1242969580819058929
26395,train,15619792293062785429
26396,validation,9485259677933449954
26397,test,627394402430318233
26398,calibration,16829200887522185755
26399,train,2512656319057884731
26400,train,8170760208131106837
26401,train,3450010288626343633
26402,train,296003735710364333
26403,validation,16669711283698030325
26404,train,16794027714570757754
26405,validation,1174045705495622702
26406,test,5265990638688836447
26407,train,4874891338981685198
26408,train,15223447241137025526
26409,train,15892447936889256785
26410,test,13143256749291575027
26411,calibration,1114979536617532667
26412,test,5250134675551739372
26413,train,12154781636437242897
26414,train,5808525577944397313
26415,validation,18431362817490655252
26416,train,17810157713161713497
26417,train,8865440427378951270
26418,train,1269554184932036950
26419,train,377255639954959659
26420,test,10416722927905611294
26421,test,3399005775424886507
26422,train,13216904402010387159
26423,train,13596224172944207063
26424,calibration,13921813805807182957
26425,train,15804819777225140649
26426,train,6533185438329078768
26427,validation,3032625669998394852
26428,calibration,6677673288883529745
26429,validation,17604902878727839577
26430,train,9853603215161559916
26431,train,3944852997421641112
26432,validation,15417628448399837917
26433,train,15333291097344259742
26434,validation,7828174150738649806
26435,validation,11203940752706317337
26436,train,8777204128904585612
26437,train,1249285579510724055
26438,calibration,8169252998451824125
26439,train,16726505735182727676
26440,validation,4072805935594207394
26441,train,7015608563444946593
26442,train,16817255156183924610
26443,train,886436930101334701
26444,test,14183746860837815225
26445,calibration,18214455330856183826
26446,validation,1168716008376705297
26447,test,6088381338778027622
26448,validation,14024344017364747758
26449,train,13127526366661396303
26450,validation,18013244990137666904
26451,train,14760892787698155132
26452,test,3034049975820664851
26453,calibration,14146053024240623222
26454,train,2984938093220780872
26455,test,11920602489156021968
26456,test,4219303003148527933
26457,train,12137125116784349796
26458,train,2229700182517825466
26459,validation,9936667057572146049
26460,validation,5579539500049762357
26461,test,334309030110879084
26462,train,2840890487358216446
26463,train,4320204740620609096
26464,validation,12721651708982908437
26465,train,17472297222953370673
26466,train,4039230534969311299
26467,train,15317413684452517807
26468,train,10476994485233796000
26469,train,17155956528912066598
26470,test,15289041033182559410
26471,train,10240438906327904761
26472,train,15188242793727633678
26473,test,5821288789191711899
26474,train,9258466494324978748
26475,train,17592906496951637939
26476,validation,782729439631419618
26477,train,17805888224507352443
26478,test,14652404569154143886
26479,train,14144374995229625084
26480,validation,6792398923089840346
26481,calibration,14688969460453365198
26482,calibration,8138658387579828895
26483,test,11768069577347608278
26484,validation,8799634086915583389
26485,test,6463137328665836102
26486,validation,11247020094136972072
26487,train,2164711310696449624
26488,train,2006549298995642929
26489,train,17643291743154540122
26490,calibration,12157764662047409189
26491,train,16756013761341575832
26492,calibration,14649192061902067303
26493,test,8187417360849674993
26494,validation,14469825008184357329
26495,train,16817255156183924610
26496,train,24726122750241131
26497,train,15340265487382019902
26498,train,6530778164044799503
26499,train,3672325359267422316
26500,calibration,3168820522379031461
26501,train,2896255495646896314
26502,train,7536044786403372651
26503,train,15822449821210674444
26504,train,7875441534386840498
26505,train,11632628173633853740
26506,test,2349915950282346438
26507,train,5937230660902340406
26508,train,6320051491164293223
26509,train,14123308203640613894
26510,validation,6572157816536236580
26511,train,5016029086946820709
26512,train,16564653048136674468
26513,validation,16615262116817212844
26514,train,4956298114392631608
26515,train,3577548830079616714
26516,test,9791300771637302646
26517,test,14108554088652275011
26518,train,18181748495499623853
26519,train,1010299894369800716
26520,test,9895548161379462580
26521,train,6046109958547213591
26522,validation,3923312337869339481
26523,train,15885645931847878929
26524,validation,17585667197112430634
26525,validation,5874602131196886823
26526,test,530298647279882752
26527,train,1713555950403492309
26528,test,2901984806902993104
26529,validation,3550432560852804130
26530,test,12346949068165762240
26531,train,12110657143091484426
26532,train,10940845546775568628
26533,test,4782644188338458213
26534,calibration,5575979784196397776
26535,test,11814915630737627151
26536,train,2522205027119674742
26537,train,13422973901283451273
26538,test,14249824767346118370
26539,calibration,6693564224700518549
26540,train,13462870082957099869
26541,train,16745992044411508697
26542,train,1643698496012223631
26543,train,7944101672976232792
26544,train,17727735185534895699
26545,train,2124880104332085342
26546,test,5830262200035412670
26547,test,4453701789891794357
26548,test,12921827436137390336
26549,train,8466314376309431793
26550,validation,16132944822876435385
26551,train,10798045717020327498
26552,calibration,2673608823760447524
26553,train,7506078605624070540
26554,train,7889015784167920928
26555,calibration,6897572303940993644
26556,train,4323813739286579268
26557,calibration,12447809484001827741
26558,calibration,5814630677850452797
26559,validation,17502999851153573279
26560,train,5053736668966800714
26561,train,14389786130416366125
26562,validation,4289766824400228037
26563,test,16450781325639273127
26564,train,18277754619775117600
26565,validation,3383463999577190791
26566,train,2168533030982390797
26567,validation,17724470176418777942
26568,train,3854051564301363466
26569,train,6042279712652187687
26570,test,10478910050107383269
26571,train,1063901386796758792
26572,test,5835291557315668947
26573,train,3099994539849010170
26574,test,11219942801374264703
26575,train,5265799564876028019
26576,train,6113787027891071011
26577,train,7349783740362663913
26578,train,15980017282100867527
26579,test,10460735793158802673
26580,train,8224896659613975130
26581,train,4657836546924979458
26582,validation,17867091058041445281
26583,train,2014564031072274307
26584,test,17162342234671066394
26585,train,2330031854514921489
26586,train,3575141387361270632
26587,train,6829118909591836326
26588,train,8883915004194008088
26589,calibration,2084403375796427018
26590,test,7718285808397987013
26591,train,3841001237170362713
26592,train,14915670976427567969
26593,calibration,425979887358306156
26594,calibration,2735516938562744499
26595,train,18063143853903314909
26596,validation,1174045705495622702
26597,train,1267670036831773245
26598,test,4504948958594783169
26599,test,17607646425185651854
26600,train,18363080653717503140
26601,train,1177464401601629469
26602,train,1426650386090562273
26603,validation,9739634316908889194
26604,train,11354304721561110011
26605,train,9948116533336580763
26606,train,12865632383892127973
26607,validation,7938166778388278830
26608,calibration,11047193194670238546
26609,test,11972424559623882540
26610,train,7520337305955403047
26611,test,11081159737727845839
26612,train,10743866417449599467
26613,train,2777686892897737362
26614,train,9512501976493125441
26615,train,12101368980460726175
26616,train,10116558706189678850
26617,validation,6340771169469577685
26618,validation,17934710992454608006
26619,train,18134101246555014683
26620,calibration,6712053086853314606
26621,calibration,3492678089537592489
26622,test,8109662254960393523
26623,calibration,2916403576755655493
26624,train,15393074077171849418
26625,train,4104989415992679124
26626,validation,10645491086597366727
26627,train,3153566567340989045
26628,train,2936829816593956311
26629,train,16826852638970599907
26630,train,5084118649014576662
26631,train,1730395903653141781
26632,train,185633061029248300
26633,test,9442228777838046600
26634,train,16451718528246209486
26635,train,15064100852712890949
26636,validation,1105576541903897572
26637,train,7165284216533698503
26638,validation,10471810842928443854
26639,calibration,17379265964981981858
26640,train,9138290688727227630
26641,calibration,11285987753037357395
26642,train,7279278092497914370
26643,train,6482229709502183631
26644,train,8418888241878270027
26645,test,1303700909215020642
26646,test,13160773002314074905
26647,train,9650520813274324323
26648,train,14023738941371503967
26649,train,17326046100254287829
26650,validation,1202161027948057334
26651,validation,11950426751975719377
26652,train,8141458908045846425
26653,validation,11146156711137948027
26654,validation,6028355832307829528
26655,train,7452391057415457026
26656,validation,15262285354028032940
26657,validation,12806403963594245211
26658,train,14523742185560228189
26659,train,7272866909607728412
26660,test,14608187194098682989
26661,train,13198418763156789588
26662,calibration,16968527055004246844
26663,train,566198891206646647
26664,train,8520415441693196669
26665,train,9667261694068999529
26666,train,17233723356695341586
26667,test,13862769246695270854
26668,test,8752206668919246331
26669,test,1789794212824474213
26670,validation,12901150822316409208
26671,validation,12116564813486185679
26672,test,17889193447776040340
26673,train,17345517617626803759
26674,train,16344738832215301334
26675,train,7358543773155286925
26676,validation,833985273081118426
26677,train,17819063489851042198
26678,validation,390305129372486445
26679,train,13260603060589498798
26680,calibration,13128445168427711727
26681,train,4783612000742167889
26682,validation,7290324105374814068
26683,validation,4451214172165161508
26684,train,5343857204676872534
26685,train,5990960188364082454
26686,train,5581933527916077724
26687,train,15205473950822093184
26688,test,13551063474438306156
26689,train,12649964304287434737
26690,train,10462101967024613730
26691,train,15695283427830937382
26692,train,3711155093155627990
26693,train,13777178162146267137
26694,train,3296368834066335581
26695,train,771769513623351254
26696,train,10137625532638471430
26697,test,3806662639284542967
26698,train,6004348875895554181
26699,train,18370461495652207923
26700,train,5826452954544887474
26701,validation,13953119563566832147
26702,train,7436990651855856590
26703,validation,16199879767664449664
26704,test,4711719984210340663
26705,calibration,14307327476031385991
26706,test,13017233506184335414
26707,train,3520148863397758306
26708,train,6494855032168054027
26709,train,18359255201366685687
26710,calibration,14997956731486361194
26711,test,14024808464564625538
26712,train,12718300762022399411
26713,train,2191545446453936585
26714,validation,4384591494350954013
26715,train,2564454144383660118
26716,train,5470326701013063630
26717,calibration,7115907701974219837
26718,train,13812858504652653820
26719,train,5440623996747588130
26720,train,3924933708567327768
26721,train,17941751561885290333
26722,train,17798449202070986647
26723,calibration,17274414065717538826
26724,test,7947855448653704262
26725,train,3500012828247505081
26726,calibration,10244623121733689001
26727,train,8715982564731279464
26728,train,7232961283655472488
26729,train,3722919158806880762
26730,train,10237405782893808604
26731,calibration,13263559199737570186
26732,train,12862597066996323899
26733,test,4260321069276312610
26734,train,17860266868075369347
26735,test,15236475707536689646
26736,train,3947107213338212533
26737,train,16155465585390378393
26738,train,11093277334631990549
26739,validation,1487846384975742047
26740,calibration,16028051588847666105
26741,validation,9562041798216381421
26742,train,9444679935856023182
26743,validation,17251172272069074750
26744,calibration,14225643902615248643
26745,calibration,17220052769209752745
26746,train,4217604852953940236
26747,test,1811616575409592053
26748,test,5828583504720395152
26749,train,4039453599389422734
26750,validation,8667189994387872601
26751,test,13899638529058793150
26752,train,6161427484820186903
26753,train,9402833569929061622
26754,train,577575031405796574
26755,train,5339605034967428189
26756,train,4242019732188463243
26757,train,11028847362379021107
26758,test,18289673796365369312
26759,validation,2410188458803613143
26760,train,5360408547082672620
26761,test,1220266089341443862
26762,train,6845603340453646406
26763,train,10727480415081980447
26764,calibration,6128497966933537325
26765,validation,5657846300196241299
26766,train,9055289839275358677
26767,test,13399251782484725557
26768,train,10644619211904505949
26769,train,16798776517430758783
26770,calibration,18074929896675535040
26771,calibration,10966875292323318961
26772,train,6929110320952929678
26773,test,15699551202927364973
26774,test,7013459627224421218
26775,train,13962073496518676424
26776,train,4043398432671669546
26777,train,5173666414728685643
26778,train,14544721896016196555
26779,validation,12642598133898857485
26780,train,1833187404809482443
26781,train,14741510099083502809
26782,train,5290373957798794439
26783,train,11740625497779840576
26784,train,1619649196297055165
26785,train,3641402374789239385
26786,train,709854630912275575
26787,train,2911305943048933529
26788,train,9037102272200556436
26789,train,6176679654428197629
26790,calibration,15341600454118205284
26791,test,1260375457312454347
26792,train,10155784218631262672
26793,calibration,11390152290834818072
26794,train,14378769948974910059
26795,train,3698643371524686444
26796,train,15215045467098843668
26797,train,17502193399260840041
26798,calibration,11902214738288194817
26799,test,1143944325922232307
26800,train,13110827130673882926
26801,test,1696450953094821826
26802,train,12953717696185521360
26803,train,361154485760469764
26804,test,3548634019096060052
26805,test,3169354895723432893
26806,train,15064100852712890949
26807,train,2494414081895921315
26808,validation,12895611277135204611
26809,train,17828984918430311062
26810,test,11197853086734515431
26811,validation,3784045939690589701
26812,train,13851033956697589979
26813,train,785535599934315590
26814,test,1154940000855500582
26815,train,6151501217257253000
26816,validation,17786310918731998661
26817,train,9182645761502516265
26818,validation,984952364266320145
26819,test,9371167820411030102
26820,validation,6216412833171964164
26821,calibration,6816429693263641366
26822,train,14845711022407378786
26823,train,4385363452911014600
26824,train,17340891739544913084
26825,train,17933827148104524338
26826,calibration,16799538698640085005
26827,train,18179850135609215031
26828,train,11071683117608381757
26829,train,16078336688765609030
26830,test,823908061356144040
26831,calibration,10107420132409433805
26832,train,12359260091119388531
26833,train,17090851827713490466
26834,test,6544744814037584622
26835,train,8596049443035641073
26836,test,17278647225754838703
26837,train,20577225809988493
26838,validation,16379390009942475317
26839,train,1623068170155209099
26840,test,18085996248847166264
26841,validation,15939686144204868931
26842,train,5016391691468984054
26843,validation,5288163011078276232
26844,train,13419530648067476424
26845,calibration,8789599816283433753
26846,train,12863526780481918921
26847,test,5266627004678131689
26848,train,8416638240753356834
26849,test,1421981852169400096
26850,train,15037465548259585044
26851,calibration,11218820375856912243
26852,train,10048678835474515266
26853,test,4766217273930194047
26854,train,655848217497636164
26855,test,4761644433008658412
26856,train,7165064078246530500
26857,train,1044637239218559171
26858,test,13040032794736522700
26859,train,1051482884309188445
26860,test,1480853681983166823
26861,train,6081155093130773967
26862,validation,15994476121760700333
26863,train,12752334524789632607
26864,test,16158676353465960426
26865,train,12895107479066064199
26866,calibration,645615750169009768
26867,test,78555622946838625
26868,validation,16703864553801085395
26869,train,10323784694984796043
26870,train,5231064577914840177
26871,train,9620153836478790134
26872,train,17106316736822977892
26873,test,188984152511641964
26874,train,8614600381830350682
26875,train,18365472054151918655
26876,train,14626447030704356818
26877,train,10841387812380429275
26878,validation,12570850010147664438
26879,test,16486238187950032703
26880,train,12990277371428191174
26881,train,566712421678442351
26882,validation,8976360562106948960
26883,train,18003990873561556791
26884,test,12996549841755180803
26885,validation,6281691077407606265
26886,test,4582267110980536871
26887,train,12852018722889526973
26888,train,10501617337110278316
26889,calibration,18356637581233512160
26890,train,15506651266338697913
26891,validation,14073023415081479187
26892,train,9026925052611061614
26893,train,4095707252886245716
26894,calibration,2600809104743526571
26895,train,8213036857056958356
26896,validation,8288588418188601891
26897,validation,16223852148472638145
26898,train,10875541537788839726
26899,train,50000132493578203
26900,test,13386135037928104109
26901,train,4182337951934371183
26902,test,7867625407992688408
26903,train,4804914323503297338
26904,test,11852566889938836135
26905,train,8784594319622922518
26906,train,12395213609021068448
26907,validation,2450396865729411372
26908,train,14857180681732983761
26909,validation,3453287665513213549
26910,calibration,13083805154855508702
26911,calibration,4647982605904264166
26912,test,5195389739812866963
26913,train,9499187401848474485
26914,test,14604748838468281468
26915,test,11437986300830538697
26916,calibration,18145115002131709179
26917,train,16797084794969954388
26918,train,1752164993452298113
26919,train,5601868728614434569
26920,calibration,15408935366541390251
26921,validation,12187859744444444717
26922,calibration,9922149834651350771
26923,train,14731846209048417454
26924,train,15021788369903788115
26925,train,16943757157489670432
26926,calibration,1759793749918890202
26927,test,17752645225782779411
26928,train,17856129255072211366
26929,validation,1642402244618125737
26930,validation,1335590516324610163
26931,train,13720930147937719249
26932,train,17986560675069525523
26933,train,13886976535232109154
26934,train,11789597854947577251
26935,train,15512498872771261941
26936,calibration,13849848490173338438
26937,train,4520900181855676238
26938,train,6942853857844466006
26939,train,428926849644895213
26940,train,15294621310241069911
26941,train,14744984083526662685
26942,train,1073518375799918721
26943,calibration,7484847670162574339
26944,train,5151595406168556809
26945,train,3847906687247630356
26946,calibration,4727309829570406702
26947,train,9386537513832194773
26948,test,16259972694348571337
26949,test,1482603625077730619
26950,train,10782765312214222744
26951,test,16832966106076281023
26952,train,6907935873221701580
26953,test,296459304246680047
26954,test,4750813698361339107
26955,validation,5628320137339575132
26956,train,16055549131023250632
26957,train,15951189870359312379
26958,train,15356124579231623963
26959,test,17202749563960923023
26960,test,3173144557405195214
26961,test,4894945161706685870
26962,test,14430944599516451431
26963,train,2876542061107480237
26964,calibration,4977406013595362227
26965,test,12413302412534046652
26966,train,1044637239218559171
26967,train,9510305242990635064
26968,calibration,9360687131183872248
26969,validation,2264165748412936404
26970,test,5574908742278774497
26971,test,16516391184925352809
26972,calibration,15466166803263617487
26973,train,2913197888262742544
26974,train,2291662083503332518
26975,test,4447288871697877499
26976,test,4257814189985769647
26977,test,9924751429065862806
26978,train,10694269414327356046
26979,train,17170901619817018829
26980,test,16427270946573335717
26981,train,8507234422261473151
26982,test,12969938952061491914
26983,validation,8663817741167778394
26984,train,10667558900966526268
26985,train,17819283123058132996
26986,test,13244656910395576458
26987,train,5262009085746352108
26988,train,5155061621081536960
26989,train,3467034230693572213
26990,train,4365217847083257753
26991,train,7412020576352124853
26992,train,14402663981838676879
26993,calibration,16025059163243953975
26994,train,4057252218008196574
26995,validation,2488645946983760325
26996,train,3156910656310637936
26997,train,18133136226567343297
26998,train,1197902587286855350
26999,train,386404153348619475
27000,train,11403153261755989429
27001,test,3842386087581160318
27002,test,5571927788171314960
27003,test,1276941219161255205
27004,test,14810477044341416178
27005,train,5557022328060917107
27006,train,9322953435038629735
27007,calibration,9841907446013259875
27008,train,9244963097009310979
27009,train,17645599615650591260
27010,train,6639494204572301372
27011,train,2425180794287950642
27012,train,14128391483797271230
27013,train,1268134587016474146
27014,train,1239559739366073052
27015,train,7038782003047654041
27016,test,3699858479569328322
27017,train,514404608223489432
27018,train,5846632893210443847
27019,train,1223430965991246179
27020,train,17806278344484422923
27021,validation,15328569060994073429
27022,test,12491430246244593340
27023,train,9867973496643947895
27024,train,11515328946605121609
27025,train,1327727105808780533
27026,train,8504935066773931747
27027,train,7877527292568367040
27028,train,2849759273355797756
27029,train,16049776476763772212
27030,train,9293848828834360199
27031,test,16439642844914082858
27032,train,13405074655147524265
27033,train,1283052932600702427
27034,test,4724816021920118582
27035,train,12251572123758773232
27036,validation,5886208022038639757
27037,validation,3432679122804197078
27038,validation,7042355722925305726
27039,train,1209147842028823426
27040,train,8100397634311939405
27041,train,10143085689669953337
27042,test,14986759135581517286
27043,calibration,535828300959247573
27044,train,15704784070803833574
27045,train,3476634308473700021
27046,train,7297062283146030686
27047,train,1863128247980433266
27048,train,15145229240666311086
27049,train,14715620325813111887
27050,calibration,11626476167336819019
27051,test,4375343407950244164
27052,train,3228868173658598885
27053,validation,12823222727810823001
27054,train,9430489261919350287
27055,train,11412124917707674445
27056,train,18147029370224159339
27057,train,3179063205808223546
27058,train,11210970751438834235
27059,train,2766536611180140364
27060,test,16975503178538113668
27061,train,4823009368984713388
27062,train,6573406421883542869
27063,train,11579682497049899902
27064,test,2358291542061380193
27065,validation,12120547645738313279
27066,validation,17584058341560252103
27067,calibration,14019284257404749622
27068,train,14709150974179727303
27069,calibration,5145610050138161367
27070,test,15323906156044423790
27071,train,16905480001877289545
27072,train,11321809691819537630
27073,train,8600183421985636328
27074,test,16279340385526058212
27075,train,9691678783890479251
27076,test,9374738924144299417
27077,test,2583824428594384414
27078,train,4744970734134598609
27079,test,6378644941557687371
27080,train,3606733199790886889
27081,train,1898288285351748793
27082,test,6681148354640649200
27083,train,12708607741433381640
27084,train,4832199474236654851
27085,validation,1383788738091030916
27086,validation,9179885501854835159
27087,train,1588859241097758693
27088,train,13536526072207542509
27089,calibration,17180539452226972354
27090,train,17160691904901052369
27091,validation,7876894570441993817
27092,train,9441851603312365082
27093,test,8262194708038407524
27094,validation,3593894877540546673
27095,train,15685001568507522590
27096,test,10780824009342924304
27097,train,10125110426067101920
27098,test,9695923927739728962
27099,validation,8298095314619034092
27100,validation,1890448857078665230
27101,test,3484302452315161817
27102,calibration,14081643866683545120
27103,calibration,4263044860289571051
27104,train,17240625337356702798
27105,train,12659315226056817485
27106,validation,8486217491124559037
27107,test,12544287433503659141
27108,test,17338899584098487401
27109,train,9057928655987491038
27110,train,16834632796396498424
27111,validation,4752535336083701768
27112,test,9618715968168172089
27113,test,11487740065811195561
27114,train,8952542740686246380
27115,validation,11497436286151929250
27116,test,13529528035840098038
27117,calibration,8231239387382950384
27118,train,14059829903254161717
27119,train,84328792646246365
27120,train,6548625191460662948
27121,train,9361839341223511239
27122,train,18255503594732385818
27123,train,12904330542708250357
27124,calibration,3024563389363325323
27125,train,15750543874231342407
27126,train,8354020148284179088
27127,train,2386617373647470235
27128,test,6161871879304992960
27129,calibration,17122426242803582993
27130,test,1449473622971870016
27131,train,10019348462230184273
27132,train,3055026429831290425
27133,calibration,9818990540373801415
27134,train,4855513860092174686
27135,train,4511384639960199713
27136,train,4220450601255091045
27137,train,17170704688293337492
27138,test,8437476390107114292
27139,validation,13181790764046566223
27140,validation,8644406535359086796
27141,train,6432300612775238349
27142,train,5803357358293125344
27143,test,15152604302261256251
27144,test,14374494292027041104
27145,train,3799624484899055811
27146,test,770151912169677832
27147,calibration,13454511102453874088
27148,train,15289264581021915407
27149,train,11633108327205318527
27150,train,1469878905668879249
27151,train,3953735775464121736
27152,test,13952962991413511115
27153,train,7793966335030394709
27154,calibration,8032035663935329944
27155,train,10757498518771021698
27156,train,12832103473381114404
27157,validation,18247774593896136668
27158,train,17012036129344360389
27159,test,3716907880535726585
27160,train,10449552800277630303
27161,test,5580058301473594660
27162,test,4805867643715296051
27163,train,4065982895990730344
27164,calibration,4648397886496281880
27165,train,5471782559908992487
27166,train,1385225650828667958
27167,train,18070106503934000968
27168,train,8510837941376769821
27169,train,209692630517242543
27170,test,15437055318269373451
27171,train,18110887438217337434
27172,train,4198099944734780643
27173,train,862584771932065206
27174,train,7740041386148754443
27175,train,9888005436591215695
27176,train,4744743564310389247
27177,calibration,15363380224438126093
27178,train,6076355193214728484
27179,train,4742265310666688577
27180,test,11120705964013446870
27181,train,3275339884075910876
27182,train,2364210111963617602
27183,test,5161241662720637687
27184,test,10214809167330520156
27185,train,8645135425090742212
27186,test,10515462840389979539
27187,train,13162322804898504150
27188,validation,15084758420587198356
27189,test,2289464749371169574
27190,train,15562073376280502377
27191,train,4647970947226629925
27192,calibration,3693672906782714542
27193,train,9713240299424415659
27194,train,17056915459770528895
27195,train,15916907886352234130
27196,calibration,10619483152948873285
27197,train,14852627846187779702
27198,calibration,10833698253390602328
27199,train,5318146045956662814
27200,validation,12375652079587593027
27201,calibration,13258713165588590315
27202,train,10525473966123512159
27203,test,5359371375372919544
27204,test,17901765088182168039
27205,calibration,6487787892781523933
27206,train,6036461157718650613
27207,calibration,7164055206252967449
27208,train,11986644874309114391
27209,train,9946485195309523947
27210,train,13824319993618595365
27211,train,9968230240334417141
27212,train,10102825532390679038
27213,test,14970969149754763482
27214,validation,3965515789088587933
27215,train,14147757107557790601
27216,train,2413624905410660759
27217,calibration,9022572073964350579
27218,train,9943740967033798883
27219,train,17903830530442684148
27220,train,9365156948823381337
27221,test,4062771155564417553
27222,train,13961142517313844742
27223,test,3726989576323569370
27224,train,7550650958066530095
27225,train,2604556984713525835
27226,train,16638599846851270805
27227,train,14007232469696274951
27228,test,14335473697665530682
27229,test,12426347186136948588
27230,calibration,8781175636749873192
27231,calibration,14747759368381760093
27232,train,9863215426583734317
27233,train,12687016925852551327
27234,calibration,2110195072287902338
27235,train,18040421627504988305
27236,train,7178551471981367756
27237,test,13917217715620759350
27238,test,15442154659843032837
27239,train,9997500848796415986
27240,train,11853817845357140428
27241,validation,276109069903283022
27242,test,7361037922565664971
27243,test,4002623119375325957
27244,train,4925113285013585277
27245,train,14697343860795375580
27246,calibration,260152653316589094
27247,train,13966189759073937345
27248,train,875443211383064854
27249,train,1198457205159491614
27250,train,6707998823856029067
27251,validation,13418608765340061379
27252,train,14713412979366457261
27253,test,11603902512366987335
27254,train,16335265140600475601
27255,train,17771683061833595403
27256,train,14416005293232149133
27257,validation,13298171646870316761
27258,train,14177533568825846549
27259,train,3192131654666732759
27260,train,12667578751069081364
27261,train,18437306479688544329
27262,train,3643907137510991009
27263,train,9643479037877783009
27264,train,12407016154698994442
27265,train,15525162799146301671
27266,test,608073715392190900
27267,train,11228905090442655068
27268,train,6753465468676492468
27269,train,17225025321544184694
27270,train,4799154014170949969
27271,train,8327723864067485657
27272,test,13021944419008728246
27273,test,11961106554539146585
27274,test,15480859308904084637
27275,test,4225714274230657056
27276,train,6667885238175580155
27277,train,18232201077139639302
27278,validation,15976323061239137430
27279,train,5744491614336136937
27280,test,17606403033095942963
27281,train,5270105528805943163
27282,train,14206217382757698016
27283,validation,5523443333753602786
27284,train,638806099596436602
27285,train,2604482261274918956
27286,test,8043800871075536729
27287,train,16363250226125942318
27288,test,18258208390288037325
27289,train,12651254801799727661
27290,train,12537210808000540422
27291,calibration,2763255338956799795
27292,train,12924733359517627453
27293,train,12166812750899227520
27294,test,17449482645062928052
27295,train,5788014891167830201
27296,train,4057252218008196574
27297,test,11541170742628531331
27298,test,2244290673144647033
27299,validation,7048304912645053133
27300,train,16151431385530682831
27301,test,11196766130572210564
27302,train,3491123947675050294
27303,test,8855156119039379710
27304,calibration,11725514011473049553
27305,test,15522168926127631542
27306,train,5482721681563647321
27307,train,6454398504022464695
27308,train,1549341790777655815
27309,train,18088132663146081663
27310,validation,13083817117721639517
27311,train,14879974911079012133
27312,train,4249034945545450331
27313,train,3087487516605729786
27314,train,3212111860220923379
27315,train,7455413329234163766
27316,test,15865013253406164489
27317,train,2255823787507528370
27318,train,13153208008445804980
27319,train,17136326236115156722
27320,train,17388263688093842549
27321,train,17578536265033079083
27322,test,14097589697603950643
27323,test,17451084790698173069
27324,train,8492265098915848812
27325,train,2221281299054144255
27326,train,840675347575327941
27327,test,4801156684335553974
27328,train,13709114159837122593
27329,train,4315174902726402916
27330,train,8066908373208627170
27331,train,15138773829009098686
27332,validation,4321384413573501431
27333,train,2785250220005101381
27334,train,18119912064559269343
27335,validation,5125506282785165874
27336,train,78660715576315065
27337,calibration,5621765559283997518
27338,train,11293374592349167272
27339,train,12012917700564202657
27340,test,16784007076645650922
27341,train,2267636665535382697
27342,train,12179385468197546401
27343,train,8172929885307360894
27344,test,9689766716408021821
27345,test,16520959324340796514
27346,train,6715962733340870261
27347,test,259219867861077374
27348,train,1596965188684685354
27349,train,9080139596667310651
27350,test,16976672234518260518
27351,train,6811044959402128974
27352,train,8865983489482341675
27353,validation,12346281588492357557
27354,calibration,15004075470484502746
27355,train,8042428541690477027
27356,train,9578047388526516896
27357,test,15569552393550488370
27358,train,1354028151225302272
27359,train,2963268456039435968
27360,validation,3665047107219291613
27361,train,11525710649456801902
27362,train,4458095530999801699
27363,validation,5407422195876501205
27364,train,4835889604180186521
27365,train,16196746001073896702
27366,test,10195661405171601244
27367,train,5821866293530960242
27368,train,14882482452490048017
27369,validation,384386944029642608
27370,calibration,17050056662428562657
27371,train,10526892637555643924
27372,train,8837142796034373987
27373,test,8784396968489256827
27374,train,10508787129290548199
27375,test,4195145252683609196
27376,train,469007974814492192
27377,train,12974321168279060219
27378,train,16639972592221851840
27379,train,4085502964643618255
27380,train,10853495765104626591
27381,calibration,14326712087665687096
27382,calibration,15191334204571390862
27383,train,7792108857628800745
27384,test,4862784478277485728
27385,test,10987861061433301430
27386,train,12057908168968200025
27387,test,5585177041567784998
27388,train,452557712827648431
27389,test,18283217572250753928
27390,train,11238710744406825188
27391,train,4629086742480222190
27392,train,12862867934032418985
27393,train,11956083484916581480
27394,test,8884755461436512641
27395,train,15767134911540315278
27396,train,7886016821489704613
27397,train,17210825190852207534
27398,train,11870687491403446142
27399,train,15951858220963951123
27400,train,5331144158044785078
27401,test,13962884005334329543
27402,train,373861169970997563
27403,calibration,11920447124331449778
27404,test,11510139060153233603
27405,train,11955305411363133618
27406,train,8235469865839496609
27407,train,10830125678027305577
27408,test,2310379010951678527
27409,train,16244788952432121191
27410,train,7992155669130005235
27411,test,2214338656804157173
27412,calibration,11478031681631165311
27413,train,3979898102044722402
27414,test,12945881220221518774
27415,train,11372696244890388297
27416,train,15064100852712890949
27417,train,12207865100988755434
27418,test,6293785320656618882
27419,train,3986373167879281807
27420,train,3586305558259364800
27421,train,15064100852712890949
27422,test,15641525062114121248
27423,train,10913298609607953353
27424,train,17986113192550032737
27425,train,11465569936469205162
27426,train,17799305924148377282
27427,test,3154145909731514847
27428,train,512613491947807709
27429,train,9860753718633717626
27430,train,18183980298053853641
27431,train,14001792214806142438
27432,train,12906137749013883774
27433,calibration,16289024537681946085
27434,train,11520818174770310066
27435,test,14342415636101113654
27436,train,6213870319736081559
27437,train,7493074512466439980
27438,test,15750816606825123959
27439,train,13169249113969660760
27440,train,6107242019361954423
27441,train,5996062834598548552
27442,test,12281855202137457234
27443,test,8677309858193847224
27444,test,4408590800675815193
27445,test,6635821849724528593
27446,train,16190769951020186908
27447,train,16345137338998916323
27448,validation,7236465682052828858
27449,train,659991872958691016
27450,test,6923701778981481707
27451,train,10532878339498105838
27452,train,17255757871038870905
27453,calibration,12108694986937320190
27454,train,14497978934533784418
27455,train,849406341855759558
27456,calibration,7026857866832891317
27457,test,17772172472958650834
27458,train,1988223939616145868
27459,test,8761797172153096258
27460,train,2811697565270670598
27461,train,12098704238171865798
27462,train,4827439456159001242
27463,train,16427211519044411540
27464,train,10716628355426134408
27465,train,15252851475534203591
27466,train,3743060821534605757
27467,calibration,8044644244109107968
27468,train,6700984224137862897
27469,train,8047870497346502960
27470,train,15000596665254737096
27471,calibration,9155164750261977025
27472,test,101680236315434767
27473,test,16417827803203759779
27474,train,2456957181158659029
27475,test,16459524404670855825
27476,train,13824287629890069165
27477,train,15614842919920248764
27478,validation,8803693421192277213
27479,train,8394425228567811734
27480,train,1671219200493796308
27481,test,3390981637660177610
27482,train,4413758921363243624
27483,validation,4206368435475122800
27484,train,17955450292371160203
27485,validation,7691162964170629423
27486,train,5985129181619034545
27487,validation,10722961820556000785
27488,train,10998250536107256071
27489,train,2062633081608252332
27490,test,3053492472405834806
27491,validation,13448084771952436663
27492,calibration,10468520502816371316
27493,train,5991912420869480124
27494,train,12361816207773383651
27495,train,9806779635000243281
27496,train,4264145386359756142
27497,train,8855947936582161003
27498,train,10672422693711751836
27499,train,357405664860292879
27500,train,1112759074298374793
27501,test,9333069323720751912
27502,calibration,2519677440569647172
27503,validation,10763838862292189611
27504,train,3808631992987799605
27505,test,15081492961047170126
27506,train,4531833385753916221
27507,train,1090592712305812700
27508,test,17916618240478737509
27509,train,11048479017173794382
27510,calibration,7117347761591581206
27511,calibration,13793765358425736435
27512,train,4389049554438111658
27513,test,5082940546692179181
27514,train,10152850006607355230
27515,train,16669226570940633938
27516,validation,4976409003995072693
27517,calibration,17588348823302956721
27518,train,8903495535520929731
27519,train,6256859336784607587
27520,validation,9101789760891354105
27521,test,1710061918145030227
27522,train,5957496555019500419
27523,train,8236663904662320063
27524,train,18058150411228611442
27525,calibration,4710731581504670107
27526,train,14796911543769234723
27527,train,15923731183777196049
27528,validation,15768878595135328738
27529,calibration,16239357860447181512
27530,train,3495270439481214756
27531,train,18175478078299994168
27532,train,6129942360513727965
27533,train,17379474336233424775
27534,train,3842923109315544395
27535,train,2420415103626814514
27536,train,16243433029784527985
27537,train,889619482276666259
27538,train,9645322975407195891
27539,train,10186852933499477354
27540,train,3244428547615420617
27541,train,3388885933360731947
27542,train,4079906352253346987
27543,train,11598488957445545227
27544,test,5465621949579255330
27545,train,3395768091565799428
27546,train,17208258374846763543
27547,train,5242188174416839873
27548,test,10787457529430164839
27549,train,16851736154950609523
27550,train,14013188212243183433
27551,train,1711578509561145821
27552,train,4551653531866011324
27553,train,6238372688147560334
27554,validation,4099266219952571435
27555,calibration,14419389598369209499
27556,test,553482030639327633
27557,train,4245352296528960100
27558,train,15604978305108895846
27559,train,9554542667946834858
27560,validation,9790384858172067448
27561,validation,6961075290894416952
27562,test,6498826444844743990
27563,train,10502462440968184047
27564,validation,17362933857728806888
27565,train,12366187962261112216
27566,test,7695465917973698371
27567,train,16084432021338586958
27568,calibration,11906349363516698753
27569,train,6099979093111349428
27570,validation,2758487356306812289
27571,train,3313970376311861635
27572,calibration,7477670332706177393
27573,test,10268344417588516698
27574,test,3868025570792665990
27575,train,16633889385653643229
27576,train,11029877436804614855
27577,train,673363503284754295
27578,train,10243457604158081847
27579,train,11382634045487969048
27580,train,14577279907672144600
27581,train,4079897213025737625
27582,test,17556985404149379386
27583,validation,2958549731206088283
27584,train,10847218408706204377
27585,test,7957177516853019311
27586,validation,9263410043156268373
27587,validation,12976863123613398400
27588,train,3286047923045665099
27589,calibration,5855651593707164928
27590,train,10210990841107872239
27591,test,3122271464958431978
27592,calibration,3579232205147514418
27593,train,3332128762982502740
27594,train,194274646891277730
27595,train,18056199877001202112
27596,calibration,6352877643613691306
27597,train,10510879682460178646
27598,calibration,16833283234430315669
27599,test,9532690963041535730
27600,train,2427211891942595602
27601,validation,4790240377793635473
27602,train,11802207424149652249
27603,train,11033303069967713750
27604,train,10501188211228958681
27605,test,73139578433658118
27606,train,7517006764446955864
27607,test,1776563332604072339
27608,test,13008392841402448808
27609,calibration,17666860882220447404
27610,train,17748225237235126383
27611,train,14770120935756909511
27612,train,10346138951741352026
27613,train,12180535682721925179
27614,train,4066921305218547025
27615,test,2919598823195845111
27616,train,12382442978308083245
27617,train,3976848766469698896
27618,test,15449718416844781703
27619,train,12113909353049110071
27620,calibration,14899531596143524359
27621,validation,11342038789087360040
27622,test,8444096613688121896
27623,validation,15784222023843050146
27624,train,16802583803319000235
27625,calibration,5871270182392024488
27626,train,15756125468533685705
27627,train,1654254755112401614
27628,train,3499462391361420092
27629,calibration,13132722967302326742
27630,test,5842384210596545865
27631,train,231036418393218348
27632,calibration,16853961298788112358
27633,train,16802655520255647262
27634,train,4615908721085137211
27635,train,4416474271810618203
27636,train,3858433618356850330
27637,calibration,3739569639743560752
27638,train,3732626942020703907
27639,test,9014984556000348734
27640,test,13200041209911903876
27641,train,8914392400926592390
27642,test,13071955908389078637
27643,calibration,1878851210108935064
27644,train,9211256139452437803
27645,train,9818242359147368298
27646,train,5129124886382625486
27647,test,16296259763857497198
27648,train,4169069205181727991
27649,validation,13195458443868969908
27650,calibration,5860957960725345823
27651,train,15924844904579902254
27652,test,6224124162346140040
27653,calibration,8202658935605208895
27654,calibration,2114267827372656671
27655,train,10661839186760436045
27656,train,9740556174742718497
27657,test,15597944160889578334
27658,train,6065241653897341614
27659,train,17372252967854143839
27660,train,11681977960354084452
27661,test,7723645354047075156
27662,calibration,17465718927699293678
27663,validation,8315215970860673676
27664,test,5287082608834879573
27665,validation,2219001745833770052
27666,train,9479646264811899366
27667,train,5208448863016453613
27668,test,15092912226631667864
27669,test,15006423383712813399
27670,train,8484359724907808186
27671,train,16697176313457881366
27672,train,4931861388219472212
27673,test,4754102597259567917
27674,train,6814765572774297830
27675,validation,4921791432792978317
27676,calibration,13264080759320624953
27677,train,4343252093232769809
27678,train,17891472155376882598
27679,train,9182902192339154627
27680,test,1190647046842381916
27681,validation,6294479863050676002
27682,train,3028250854315002265
27683,test,12589504509856703212
27684,test,9044970018931560078
27685,test,8039379440709977236
27686,train,1651901873500824200
27687,validation,13690316649493004886
27688,train,1230016703512720776
27689,test,3540071504474909617
27690,validation,8579043685580074478
27691,train,4698479019596136724
27692,train,1692748907959588218
27693,train,18193380921185754183
27694,calibration,18327015655815167125
27695,train,5272685116431244401
27696,train,16781576633305554056
27697,train,11546806943676862205
27698,train,8371170173572089388
27699,calibration,7249601019450544106
27700,train,14999581984429391633
27701,train,8793180769625605809
27702,train,467633124905934611
27703,train,15830380856483135002
27704,train,14810152252679898828
27705,train,4280236891064883108
27706,train,14130219252558555396
27707,train,3758132728118588661
27708,validation,13385584110867775012
27709,calibration,17277372296056435233
27710,test,12946052796364183541
27711,test,7008119485094115688
27712,validation,9980575470900125008
27713,validation,11946097644130479245
27714,train,12263726348025349289
27715,train,16096232742891958854
27716,train,6772713645598746192
27717,train,10434499538472581397
27718,train,17834613708848256364
27719,test,6768272990958854823
27720,train,15777440274014833740
27721,test,3838943786396554275
27722,train,9546324322345810298
27723,train,13664958073838698613
27724,train,10499473965222560413
27725,train,16390771550544663840
27726,validation,13698648895375559410
27727,test,15852964332218369611
27728,train,8302192522241301306
27729,train,3145648390139578307
27730,calibration,3558530602458835090
27731,train,15590913802244953471
27732,calibration,7638975783114991555
27733,test,10624664547611953854
27734,train,8253170374697403931
27735,calibration,4286719768243041408
27736,test,11275520716952863457
27737,calibration,11461865672412976308
27738,test,16218585755036771603
27739,train,1144538511255066275
27740,train,2314165322308633509
27741,train,3877919016421058739
27742,train,408644937472559243
27743,train,6047020968817859373
27744,train,16056094636286448528
27745,train,15605158957558175963
27746,train,8629518638898712105
27747,test,136466212627889516
27748,train,11264901883037343018
27749,calibration,3818112803628193935
27750,train,9952024775186973836
27751,validation,7505975462112448935
27752,test,15614621175396422341
27753,train,9139887025419352617
27754,train,2193468680386645495
27755,test,5778009212663880498
27756,validation,10799796239263393220
27757,test,4245708076355127322
27758,test,9013343872505087209
27759,train,11939007809818868778
27760,train,2617051781702806191
27761,calibration,14963894203377686862
27762,train,17905659532016447100
27763,train,11021906937719239453
27764,train,12951730970597029785
27765,train,6653831812272744654
27766,train,16357510442445904295
27767,train,1711578509561145821
27768,train,18193299585072694703
27769,test,2694065911879698818
27770,validation,17575853940633546971
27771,train,15693926600625400268
27772,train,12404784561759168240
27773,train,1616491271685172308
27774,train,15573930500896359182
27775,train,4858558686264077684
27776,test,13231075657753050106
27777,test,12535143338469907796
27778,test,12970905773571524512
27779,test,16562801457437306869
27780,calibration,14531909644541099235
27781,train,13312565131147933008
27782,train,13010123787877392432
27783,train,13620482383264798158
27784,calibration,10700549352371259300
27785,test,16578176863201270429
27786,test,6854444471377353660
27787,test,1441858481676253828
27788,calibration,3527299010247963160
27789,train,1811441375418805966
27790,test,2081075322993592574
27791,train,4459557156858107731
27792,train,17303661766571736454
27793,calibration,12669409152536972269
27794,test,6186001789666252805
27795,calibration,11383502011366522730
27796,train,4841517391216456241
27797,test,12542571648227183585
27798,train,17149170919283992230
27799,train,562573376391751186
27800,validation,440492204258638922
27801,train,767531650517175119
27802,train,2022322918144555283
27803,train,14887898631893141285
27804,calibration,1890609089399167947
27805,train,2902437677673721308
27806,test,5777875866438887319
27807,validation,7068810747610458334
27808,train,3563550966639034449
27809,calibration,4916953124393313792
27810,train,7643933062916773791
27811,train,4148999063314129617
27812,test,2145833404329798213
27813,test,1501018267152104974
27814,train,1711578509561145821
27815,test,12376531535041409188
27816,validation,8037479281732224643
27817,train,14253392905245596163
27818,train,1070584921361551351
27819,test,879189520129952785
27820,train,5956637590764411734
27821,train,15473570170825970365
27822,train,13458998489232031145
27823,train,16164929473473709836
27824,calibration,11286771830764200661
27825,train,15783996047300276398
27826,train,11966784413577177634
27827,calibration,16228535344010466339
27828,test,14104663757508725962
27829,train,14194724638382749676
27830,test,6788528179136084808
27831,validation,13737264283611680206
27832,train,6672262843068157727
27833,train,18032941299244855324
27834,train,5097482759586037364
27835,train,2082225118212380572
27836,test,17663523531542776916
27837,train,8582371904547537897
27838,test,12393443413911376684
27839,train,8563074894999385829
27840,train,15010324780102642839
27841,train,4686596307330853626
27842,train,4614042289586632004
27843,train,417451989335166835
27844,validation,8852250402847488369
27845,calibration,1431918672109219098
27846,test,4230086865009056855
27847,train,2780543576600443323
27848,train,11516319512200486669
27849,train,9365268959235747366
27850,train,7797324727936169962
27851,train,8007059555069026381
27852,train,6775006820133579858
27853,train,8995381704177763147
27854,train,3724830027941930996
27855,train,7651244975593173249
27856,calibration,8010236404807043461
27857,train,5685250677595075089
27858,train,7823548506517947920
27859,train,297487699096627015
27860,train,17744599299699685365
27861,train,5674221722778812361
27862,train,4166200825486862243
27863,train,11665431497993203081
27864,test,5974822317749936919
27865,test,7922159176278045685
27866,train,1675145666952309438
27867,train,5980949365221005032
27868,calibration,10978001607462256963
27869,train,10704505774409992028
27870,calibration,14048426606185321978
27871,train,5840192971488541846
27872,train,5687775438580285813
27873,train,16037463406097718067
27874,train,3349267538160694445
27875,validation,2425569274859327132
27876,train,8316025410519706615
27877,train,96714366076994073
27878,train,14006567614895489607
27879,test,10969906074085689596
27880,test,4462047897518330083
27881,train,2037604479834011546
27882,validation,14470447773694510816
27883,train,1714507642129556350
27884,train,12301858266038378728
27885,train,12828869624935989
27886,validation,3069804813523774607
27887,test,6574904850337323308
27888,train,7354684521935040586
27889,calibration,5832432963096586938
27890,validation,12962963403480560020
27891,train,18165140030732083054
27892,calibration,263903159470734442
27893,test,17768969358726820648
27894,train,13697844136791009124
27895,train,5667601267053084305
27896,train,6747908871145700363
27897,train,16991761420289212837
27898,train,8227275700111433127
27899,validation,8829897148931816629
27900,validation,14592031439197851763
27901,train,11335056194205090331
27902,test,581673300463977807
27903,validation,15201650878621084788
27904,validation,10656538724944770365
27905,validation,1337080457915429013
27906,train,3924565997724770606
27907,test,5619445132624159099
27908,test,11573218379637381274
27909,calibration,5506596526557252686
27910,calibration,14019284257404749622
27911,train,2329963317162617873
27912,train,16408877003299423474
27913,calibration,16232778735026793043
27914,test,1940354704279329113
27915,train,9381271874999881456
27916,calibration,3677469073940588452
27917,train,10048528068345642995
27918,train,15895295638925080567
27919,train,1057699760458330271
27920,test,3645629837186331469
27921,train,6252724509633264946
27922,train,1412478118517255116
27923,train,17877627376949933838
27924,train,5387189437524227654
27925,test,13566298780641633950
27926,calibration,12284943934428701258
27927,train,13738396133128013039
27928,train,10112303649739131023
27929,train,17813093228780416723
27930,test,5498626373255998028
27931,train,5424778589898132991
27932,validation,4131882841908240319
27933,train,9506346537824090005
27934,train,11885849375362922340
27935,calibration,6426054626081606173
27936,train,13175687811064023608
27937,train,7353460338921212363
27938,train,6533366869554998422
27939,train,15957026630772770093
27940,train,9413666783488290947
27941,validation,9247041283087460317
27942,validation,14814120898441305947
27943,train,9473477969670780888
27944,calibration,3919683000351405504
27945,validation,7960863054881281884
27946,test,8885754621213368458
27947,train,16308422010893562708
27948,train,17028930066425774529
27949,train,12532043217579465748
27950,test,13686931102250003470
27951,train,755708424843238338
27952,test,7455790219922247432
27953,test,3468060654312684536
27954,train,12901698908338594027
27955,test,12313280093650500764
27956,train,15292631294181292005
27957,train,10543049593680648343
27958,train,10109388003050180119
27959,train,12910238892887937394
27960,train,8568264493130888976
27961,train,3517817271249286472
27962,train,9235571796783484554
27963,train,12754912235599124289
27964,train,3066134608553469931
27965,test,15758013048747489645
27966,train,1044637239218559171
27967,train,16817255156183924610
27968,train,17281962709603007982
27969,train,13035366872281503086
27970,train,8577168888185476208
27971,train,15525605346837415116
27972,test,3350223890662467902
27973,train,9777353059034852705
27974,train,10701787546290586074
27975,train,13946580154079756885
27976,train,11850104015070367143
27977,test,6309475969684178497
27978,train,3748900595713662560
27979,train,14306856808309867365
27980,validation,17635352250833265935
27981,train,8706058515784335237
27982,train,11009358965637204311
27983,train,8049275189509278851
27984,train,8080945769209067843
27985,test,3289016461515237048
27986,train,13604678117810465578
27987,train,10707213637946475604
27988,validation,351586087495179972
27989,test,10777804122358948998
27990,calibration,7965817775383358979
27991,test,1856209871121349067
27992,train,9922739512375925718
27993,test,6809913190369130786
27994,train,3958204138489999943
27995,train,13382017488752922750
27996,train,2662473098631895625
27997,train,6067572089417171123
27998,test,13856270894853147948
27999,train,6484778998559946336
28000,test,16203341115329991840
28001,test,13733936148246204955
28002,train,2305999412827423800
28003,train,17795493650064765422
28004,train,14120683556731593924
28005,train,16482764428254150549
28006,train,4773188149411379827
28007,train,3761314860241086042
28008,calibration,2004784168415540304
28009,calibration,4743344172672998413
28010,train,6834767790864695151
28011,train,14803668103878117173
28012,test,1986265140980643875
28013,validation,11224686537013813216
28014,train,8206249011807568319
28015,validation,9492269892073255067
28016,train,537549534249544977
28017,train,14849141221565012170
28018,test,4380048062381032505
28019,train,4424839662474245023
28020,train,7093879554267855620
28021,train,12218295544091237918
28022,test,4663734270874720535
28023,test,4673897651206322413
28024,calibration,9270268557835701075
28025,train,505574871920957407
28026,train,3399627094365050695
28027,test,8017689082956266032
28028,train,1845319375074589426
28029,train,6496744076473863505
28030,test,12710403970557197642
28031,validation,6298672582322798855
28032,test,6940117977211988402
28033,test,1314737215629880849
28034,train,4481092517730681826
28035,train,13197103733968482127
28036,test,2585189234271838603
28037,train,11441883002440653446
28038,train,12145034535976889823
28039,train,11263747774856564030
28040,train,6274801021301868424
28041,test,2000414855259193698
28042,test,6414828549001248322
28043,train,8901257848798433366
28044,train,12578550349312909159
28045,calibration,1319312161766202422
28046,test,11022650047878696895
28047,test,14880498948840010538
28048,test,8716550709540228854
28049,train,9402314881159900768
28050,train,14772328145009574486
28051,validation,1260712396601120915
28052,train,5434615270731936486
28053,train,8046465385781504673
28054,train,15191539944134522852
28055,train,336729021218910354
28056,train,11206840807930630117
28057,validation,16606609793285571562
28058,train,12790149946655566138
28059,train,5110197417018500511
28060,train,13271224814902151319
28061,validation,4718894789910275635
28062,train,11119693239243590869
28063,train,10198215511337541652
28064,train,1683061185377119658
28065,calibration,1117372154378300668
28066,test,18030707980904924625
28067,train,10910708385902724089
28068,test,7379943007606333802
28069,calibration,8413446814127346554
28070,train,16678522492432173974
28071,train,3767084974195063508
28072,test,12131524494312616402
28073,validation,18342879506242436271
28074,train,4361118990702540040
28075,train,8870798322791604455
28076,train,10203867556527594817
28077,train,12824235754342494681
28078,test,1488494034231352907
28079,train,8045236093752886087
28080,test,3655448257676599667
28081,train,11230173326956809316
28082,test,2968395834004270261
28083,train,14691962513944292954
28084,train,11528913504562069405
28085,test,16692029276117453942
28086,train,2037499341493667869
28087,test,15119901147939212176
28088,train,4374122954999302508
28089,train,9368483224420479945
28090,train,11868906111855687427
28091,test,4541681178749846553
28092,train,7592841854064395600
28093,test,5014586501842677381
28094,train,13038658558068532137
28095,calibration,5654034828441389896
28096,train,12145021319047241736
28097,train,11260753723595826423
28098,train,10986717933071430708
28099,train,1075323899005227836
28100,train,17851592933782543793
28101,train,7219356934151164471
28102,train,1986663763565045211
28103,train,9669162756371779448
28104,train,13408103341171425579
28105,train,3329462186295404383
28106,train,13872831097788988616
28107,train,15761339409937906192
28108,train,3736409226505008973
28109,train,2994032535770723434
28110,train,15102540115945334836
28111,train,14354665618953288044
28112,calibration,10380233077908222318
28113,calibration,1755568173538702082
28114,test,17391411685372606615
28115,train,15173221991799204063
28116,train,2182627264101103925
28117,train,23412043433649962
28118,train,11690217010236821707
28119,train,1834417982259817791
28120,validation,2011073833626116776
28121,train,13991298593352909801
28122,train,7027790698282654320
28123,test,16268199868249453270
28124,test,18415248511536848797
28125,train,2417668461749161599
28126,validation,12117983354428398866
28127,train,17372252967854143839
28128,train,5373430809612295801
28129,test,14499147993874510065
28130,train,2453647144756121612
28131,test,315324666772284541
28132,test,11973264476400683758
28133,test,5233923906742407412
28134,test,7971961446898634439
28135,train,11308209920101335709
28136,test,8571306216340954104
28137,train,3088906830052773065
28138,train,17001507413995789031
28139,train,4248598451408528294
28140,train,9965646489078831203
28141,train,5241090867725784091
28142,test,2732303484034785107
28143,train,3052154607336863760
28144,train,7013110155128866751
28145,train,18232683113337676111
28146,calibration,9218963609939358855
28147,validation,5351534465477379759
28148,test,9622960603910961318
28149,train,1653530716840615922
28150,validation,15156633081897574239
28151,test,16592370594386173349
28152,train,9322405199692941743
28153,calibration,5564062680912070156
28154,test,13702196615575259611
28155,train,6092330924081565310
28156,train,3060486749760429698
28157,validation,6772507682427063975
28158,train,5613277436894436933
28159,train,13944233619890531693
28160,test,3200123785282868518
28161,train,9963673816954688217
28162,test,8446580434365572939
28163,test,14219893503323195317
28164,test,11319739239387975755
28165,train,9967043624276942057
28166,train,14680410447087382077
28167,train,11747811351949166730
28168,test,11482396437407754117
28169,train,11556821201309153437
28170,train,7973385600613159329
28171,train,13904473503898452989
28172,test,2302597771760404253
28173,calibration,8806752224390469216
28174,test,7455790219922247432
28175,train,130629317270247549
28176,test,6921393627035627353
28177,calibration,7834950760618387888
28178,train,13628081546061716442
28179,train,10997874626170547825
28180,validation,1343016779881061071
28181,validation,16930356018221028248
28182,train,17666852701445457752
28183,calibration,13845693552978652423
28184,validation,1286869950801749855
28185,train,7000869746752174780
28186,train,17627786165887528411
28187,train,2797734742017926935
28188,train,10521380751932204889
28189,validation,2909825064863246742
28190,train,15028437776237758279
28191,train,8701733605693702737
28192,test,14761736368388084044
28193,train,7300790350313246591
28194,test,4858063190989346892
28195,train,3641375633217214095
28196,test,6856326646147194302
28197,train,3347960014027434417
28198,validation,16694631499470275601
28199,train,6224513234543200663
28200,train,8520092802644133700
28201,train,9155770393512859625
28202,train,338052071445085529
28203,validation,16978721361266557379
28204,train,4388790319789048904
28205,train,9303410505977530648
28206,train,14422765042057708078
28207,test,3252228202577694400
28208,calibration,15883255904557455482
28209,train,14293386394285950107
28210,validation,4298275310451456613
28211,validation,7288096641393071366
28212,validation,14787153721566531121
28213,test,15104343076846365906
28214,train,10994870981290987955
28215,train,10868662258221606033
28216,train,4967325291336584452
28217,train,4575178482354546446
28218,calibration,17300474589335271498
28219,train,8527100427795454564
28220,train,16061399013048027617
28221,train,10935298691568437543
28222,calibration,18248552275985625806
28223,test,3902115024254745620
28224,validation,18166560653349829103
28225,calibration,18214455330856183826
28226,calibration,6695149244303559873
28227,validation,1684527874552617536
28228,test,12445351967582706995
28229,validation,3856317248149333915
28230,train,4928894822805655363
28231,test,16520029159431194135
28232,train,10989627422230775442
28233,train,11075992548971397358
28234,test,4822378460340175324
28235,validation,639877300459974515
28236,test,15154898875557392361
28237,train,5107592299935168182
28238,test,14455158997238615491
28239,train,3141265288635861077
28240,train,18015742280544111257
28241,test,3920671313442470114
28242,train,8851114533130862768
28243,train,17414519999126797047
28244,calibration,3198004816456516616
28245,train,16825986130117775813
28246,train,11735521109966846610
28247,train,682232834766331245
28248,train,2186938380233463652
28249,train,11228670951363960499
28250,validation,5902616243273875973
28251,train,10210990841107872239
28252,train,6286693879378224892
28253,train,7403597052983693425
28254,train,5395609726908943765
28255,test,9642342833906026024
28256,train,9004900591075684685
28257,train,7360116362126872784
28258,test,5145350569829972374
28259,validation,3639098574790009784
28260,train,6462513973681162946
28261,test,3684771277899122172
28262,test,15913044252789550817
28263,train,5850921884870546765
28264,train,812590983024421241
28265,validation,3075085003917055275
28266,train,9532124946095536902
28267,train,16004502104906339204
28268,train,3809603083736004739
28269,test,6514732566900020551
28270,calibration,12514853789586291200
28271,validation,3820879411522574657
28272,train,1485839347953152343
28273,train,5966867656171126828
28274,train,1251635289098639248
28275,train,13923033201700575878
28276,train,10191580534746577336
28277,train,12608177075535508117
28278,train,6437032037310302393
28279,test,12941384326301635539
28280,train,9534722339972554275
28281,train,10962328834063295583
28282,train,10824518417280814943
28283,test,1788686397505600464
28284,train,735743519380382758
28285,test,16849645610872439437
28286,train,14860194272281366121
28287,train,17070152745158124662
28288,validation,2846376123072009883
28289,train,9452187948543385278
28290,calibration,15265808447793754942
28291,train,11893777624398667142
28292,train,7663523736753844733
28293,validation,13829153979021543255
28294,train,12256104469511603516
28295,test,1193214377408314467
28296,train,5017193529410335670
28297,train,3390097421153312481
28298,train,13943918202900526228
28299,calibration,8991859799614715334
28300,train,9072591378933097255
28301,train,5195452897503126358
28302,train,6086710529794908840
28303,train,14748360406628253152
28304,test,11350423582190134406
28305,test,2513065072739484392
28306,train,16817255156183924610
28307,train,14321736309942083853
28308,train,14681851521454772430
28309,test,14869434520046854331
28310,test,11155332578276690053
28311,train,16830727613152917219
28312,train,11020113202280629460
28313,train,3051284309300013841
28314,calibration,15301640349662775230
28315,test,12231595237949905926
28316,train,1900443160758405866
28317,test,7658041351571823706
28318,train,753531528755746338
28319,train,10344577356137045352
28320,calibration,5991010618046111394
28321,train,9950009436869164191
28322,train,4742082867161560151
28323,train,7740491232264250058
28324,test,15037624170584241514
28325,calibration,3161582932439991167
28326,train,9638950871739504271
28327,test,7274268398738363174
28328,train,2204434266983714996
28329,calibration,976566258818058686
28330,train,598451667538344632
28331,validation,14473984538674900131
28332,train,6154445650774325749
28333,train,1824057205453579615
28334,calibration,9555786233019733448
28335,train,979975755060594386
28336,train,503598898514503630
28337,calibration,2088031322825080386
28338,test,15845417781609047269
28339,train,3250847051795000065
28340,train,3590766255299613895
28341,calibration,49709153819053582
28342,train,6255198549511808972
28343,train,9072920005128680162
28344,train,15461697524788190222
28345,train,12012741220616802026
28346,train,8805299531580452738
28347,train,8370851514597785366
28348,train,1454196890170082370
28349,train,8061481291447665101
28350,train,16677620406582621144
28351,test,3561627597632444502
28352,train,14019950850315085518
28353,train,137709543914820930
28354,train,16738594868571412580
28355,train,4345470618138667837
28356,train,9556029364011501609
28357,test,2622098891011233228
28358,train,11462520410341339702
28359,test,8541940950963030082
28360,calibration,13398556062857437081
28361,test,12779226866348167686
28362,train,17767879889206307725
28363,train,12539375413948838200
28364,train,16451718528246209486
28365,validation,17661975060211819485
28366,train,1289359138965986380
28367,train,2401895193989651797
28368,validation,12037231938928858920
28369,train,4548906672042043315
28370,validation,7799194561704915798
28371,validation,1103278082470523852
28372,train,2233791772773557707
28373,train,16210905960849633810
28374,validation,3194169498492112259
28375,train,13004451875396924664
28376,train,9738336978059612113
28377,test,14436972280421808443
28378,validation,12048686525727999262
28379,train,9897090517439000733
28380,train,7100927085115388302
28381,train,9134131571873550173
28382,train,20773127848468651
28383,test,81826361662282680
28384,train,12542473161720644835
28385,train,6968671408654274509
28386,train,3076795946696903112
28387,calibration,12279512412670096452
28388,test,10341530194074317895
28389,validation,7922398645688699946
28390,test,15847191729825308182
28391,train,9945684157950276710
28392,test,10042052792959137608
28393,test,6688715467416724456
28394,train,14637445863683837663
28395,train,7565135475189559290
28396,train,7511540820338630623
28397,train,1854482685170207883
28398,train,7776573247500197848
28399,train,6679903182624760040
28400,train,10969122336254542511
28401,test,9371167820411030102
28402,train,6747509240812461701
28403,train,743499977280141558
28404,train,5707412940522085437
28405,train,14093895370239019201
28406,test,15114368734629200668
28407,test,6514732566900020551
28408,train,12468111227779601624
28409,train,725228368735122762
28410,train,6817387496356008313
28411,validation,3884320432243703796
28412,calibration,13181989822587627600
28413,train,12327536310136644259
28414,train,15784000331249406247
28415,validation,16576773441540146153
28416,train,4189884742362306419
28417,train,8139551284763347522
28418,test,9371167820411030102
28419,validation,1923084480018598983
28420,train,7903875131899390118
28421,train,5012317530090576717
28422,train,16966549793299392746
28423,train,17997075787830513111
28424,calibration,4078679494058199217
28425,train,8078206356712068814
28426,test,10455849313438326368
28427,test,6206497001834384729
28428,test,17937207565740831431
28429,calibration,1617844216351655123
28430,train,4070893052311855741
28431,validation,2460202335261055694
28432,train,12677317074833954655
28433,train,8598029310888168143
28434,train,6266879498300212723
28435,validation,1075884844304146719
28436,train,18310023870210479956
28437,validation,6127399642546595405
28438,validation,5173992725291634009
28439,train,10242826718301087346
28440,train,14598149603170170259
28441,validation,14870409955487484293
28442,validation,5538156062943090857
28443,calibration,4371006934846140492
28444,train,6152663909728235382
28445,train,15375671342972366393
28446,train,1607246266536843640
28447,test,15205012384876783662
28448,calibration,12868771270118141448
28449,train,16805822010847123340
28450,test,18340228749798961753
28451,train,286390137373513144
28452,train,17244869413439381773
28453,train,1050076129081268111
28454,train,13120544629976010967
28455,train,15275882450555484917
28456,calibration,6090941423546226855
28457,test,9263070744655387655
28458,train,11001736220189413843
28459,test,3200437633182240804
28460,train,14532309093638738318
28461,train,2863641242933514566
28462,test,8060347194040152600
28463,train,4057252218008196574
28464,calibration,17448558655434036300
28465,train,7379660517798840864
28466,train,322317004438652288
28467,test,8454592288606664157
28468,train,1579239685189259153
28469,validation,8475134769152102811
28470,calibration,2950809983999884567
28471,test,16902544576651410153
28472,train,12677288621686985466
28473,calibration,911163020517400291
28474,test,3953148721784170083
28475,validation,1742649964068015092
28476,train,13087852943393474189
28477,test,7441783972969430999
28478,train,9173189866677395986
28479,test,110919129756135539
28480,calibration,5914794077282516442
28481,train,6292311053627491156
28482,train,1679845603276168949
28483,validation,17181214354188827265
28484,validation,14970658487385309601
28485,train,13440017630795256833
28486,test,3023096041711854570
28487,train,14969267720828929598
28488,validation,17458402868695368941
28489,train,10097675417772799486
28490,train,18441205215240429524
28491,train,13056837636755718602
28492,calibration,6095559462730492950
28493,train,2822779431495899604
28494,train,13179983828184662612
28495,calibration,18338750627449705695
28496,test,16748600582693494217
28497,train,7911454580171375833
28498,train,13577910807235106952
28499,train,10354296293941305030
28500,train,8734074920908036983
28501,calibration,14433579826014405385
28502,calibration,17289867493875405575
28503,test,5943239697194557769
28504,train,7079849062900997392
28505,calibration,8287141165898233019
28506,train,5076778056116716903
28507,train,12494055339398418092
28508,train,7867242308890287545
28509,calibration,7057381818345802149
28510,test,2628515404269099618
28511,test,3067978925394629220
28512,train,17140202551524483332
28513,train,7056867564889292730
28514,train,13269272472837498258
28515,train,15670671925561949494
28516,train,14064361708527155874
28517,train,13584127774040272212
28518,test,15825749959938284548
28519,train,3794357469970380221
28520,train,1832822740978541784
28521,test,3245135298782360692
28522,train,9162185964250696762
28523,train,13462062370050592674
28524,train,9228625941208023957
28525,calibration,7083749151010447252
28526,train,2629828995073858502
28527,train,17516926266294390441
28528,train,7067886953633682776
28529,train,15219465209012297717
28530,train,6334496019977106518
28531,train,8401812790420733536
28532,train,12847014122661238100
28533,train,194515859049171381
28534,train,46201324063290747
28535,test,4584715361206406429
28536,train,1142703727061420347
28537,test,376008218793791582
28538,train,6343554848448830598
28539,train,13402615356496775650
28540,train,4670003956845188119
28541,test,14625246209588489914
28542,train,5843249283910961341
28543,test,443096756637212850
28544,test,11437040625572731068
28545,calibration,5989539347316533372
28546,train,9750183135597890754
28547,test,12694963008676589820
28548,calibration,2888888085115133825
28549,test,5203398132741517079
28550,train,15952651782901062013
28551,train,16036853099397936265
28552,train,10748765390864865419
28553,train,268984831655414422
28554,calibration,11096467771763858164
28555,validation,18362162428055286368
28556,train,11029640434612836905
28557,train,6312001338346144697
28558,test,14554073303966167057
28559,train,1569653250660937762
28560,train,12956432508740593663
28561,train,11006877646091861894
28562,test,16496336704404805961
28563,train,11690498241270975578
28564,train,2870321697033380652
28565,validation,3900808958015516980
28566,calibration,16641778056351520333
28567,validation,11363817378284118269
28568,calibration,2398245467251354734
28569,train,6555277446979258436
28570,train,16940601706672827022
28571,train,10746268234441045581
28572,calibration,4952164063391964812
28573,train,9868405953679624056
28574,test,14694340409508611993
28575,validation,6112842016773815917
28576,test,17246834294362229848
28577,train,7312422965541490642
28578,train,5492341363798717180
28579,train,440643969539418161
28580,train,16817255156183924610
28581,test,10139263842348369506
28582,train,1149816595979392021
28583,validation,18339389410292878610
28584,train,2132849632727401423
28585,train,16357510442445904295
28586,train,10690426740855542120
28587,train,11590304685151526637
28588,train,5753879963018981204
28589,validation,782285882853430314
28590,test,14151065752792405901
28591,test,11455262275357937659
28592,calibration,12284943934428701258
28593,train,7266266048819625156
28594,train,1414401537590339759
28595,test,161272205413681925
28596,train,2191736154344651103
28597,test,3403075338451136369
28598,train,6143918842982865781
28599,train,8772010398759448859
28600,validation,456401461111040218
28601,validation,4029984696736993543
28602,test,9489964833518209315
28603,train,9145168092337662962
28604,train,2448540205150090860
28605,test,15384490030808389992
28606,train,16473168838262407725
28607,calibration,261851011101223319
28608,train,1044637239218559171
28609,train,4480746984900433033
28610,calibration,7984386951909085341
28611,train,7957655547833997180
28612,train,10079672416827127700
28613,validation,17856421735650007353
28614,train,3582017889741974181
28615,calibration,9045278567510751774
28616,train,16958290700305403688
28617,test,11107501397646328403
28618,train,3197091426732878246
28619,train,5589360931984474020
28620,train,1126545756248662246
28621,test,3864776150905015431
28622,train,201472087161481044
28623,test,6124783599789098667
28624,train,7219063912445427620
28625,train,2003091434107059230
28626,train,6488687574724946792
28627,train,4662486304746213273
28628,test,10380261209632760108
28629,validation,17292438313837918596
28630,test,4334675196188255761
28631,train,12309832108475796033
28632,calibration,6549975022031201155
28633,train,2513311099175984290
28634,calibration,1177638505891716344
28635,train,5798693623031729086
28636,train,17833819828397779546
28637,train,17471985921858069113
28638,train,15146544829500378395
28639,train,3088516793112592504
28640,train,13939484469344940997
28641,train,1217459382905189917
28642,validation,10475026678069435279
28643,train,16347630975758549619
28644,test,9659794789883091201
28645,test,4180943107903272724
28646,train,6539044037158462619
28647,train,9646459615448153687
28648,train,2630703540459918920
28649,validation,13169351559243371321
28650,train,6200985561933282451
28651,train,6938258603320302895
28652,train,9960359323200752526
28653,train,17166830289372229968
28654,train,7008044362398686710
28655,train,2311563205267111107
28656,validation,9893309179544495843
28657,test,10766955621017830794
28658,train,11805461503518847570
28659,train,13567122073260860911
28660,train,14393239627806395118
28661,test,179016855751671602
28662,train,17965573025229337347
28663,train,6841661627877597427
28664,calibration,14019284257404749622
28665,train,14545768901451697326
28666,train,566851684263984338
28667,calibration,6076169315640820930
28668,train,10918767935965690940
28669,test,17075853841869057851
28670,train,8674048522931086014
28671,train,2712806857427471037
28672,validation,1986399138715105086
28673,train,9758929238711912796
28674,test,5150529282359745876
28675,test,13698938123046105672
28676,train,1363501074686287315
28677,train,11372992621717608919
28678,train,4374116086835294377
28679,train,11224844572826841869
28680,train,387446624124324867
28681,train,17685434212927067137
28682,train,13406340810327051624
28683,validation,2852093487936714477
28684,train,8844932049881079094
28685,calibration,16599894804596812960
28686,train,663079104133360503
28687,calibration,10264810241049445966
28688,test,1406113848041843147
28689,train,8645062202890541569
28690,train,224643854069324635
28691,calibration,17656741515663433620
28692,train,6074764428461752892
28693,test,8766439587846675706
28694,validation,3028784553226756591
28695,validation,1956868639303059446
28696,calibration,17446320334533462116
28697,train,14571251815656629335
28698,train,6829803663131532818
28699,train,18401925453199383679
28700,train,4057252218008196574
28701,train,1438193937193758606
28702,train,12402866169718951501
28703,test,2585006577400059838
28704,train,16242672955965210945
28705,calibration,9185694195656334631
28706,train,15454316220318996797
28707,train,17896360123346831143
28708,train,13498222350196119832
28709,validation,4671134782715343931
28710,train,14695516213602630431
28711,train,7693021783529784175
28712,train,9891413523862237198
28713,train,67568619903523384
28714,test,13587043569778356875
28715,test,12804958921245203499
28716,train,13305015648976309492
28717,train,5938454367755371797
28718,calibration,13449183864918217518
28719,calibration,257492587836687646
28720,train,8242370260790994742
28721,test,15389049366487045102
28722,train,4105375722605335268
28723,train,14160203002846109
28724,calibration,15635763365417720035
28725,test,2453248353978759470
28726,train,17248381001854019910
28727,train,4059730929367774396
28728,train,10915864230808489809
28729,test,3340267366974393900
28730,train,12737123004019755022
28731,calibration,12307464285186362549
28732,train,424292785291799443
28733,train,8246769436614761188
28734,test,8128846989517545802
28735,train,7875568091677969629
28736,train,15101394939252118297
28737,test,1538292604247529320
28738,train,15468170210222911374
28739,test,11141965613475519338
28740,train,9367737328974883168
28741,validation,15567064372427698903
28742,train,11158495798000530985
28743,train,2195208793477499455
28744,calibration,5818866554039404130
28745,train,1983426434379515483
28746,test,2681597430705971485
28747,train,7351293528886393331
28748,train,11426547674826708292
28749,validation,9270394048508693996
28750,train,17791134710931034442
28751,test,3491694841157774487
28752,train,5912482569580024600
28753,train,2233826382530707669
28754,test,6842579162153507649
28755,train,8142131806824821292
28756,train,2422385197448220943
28757,train,11032431753565913530
28758,train,4402353792400825589
28759,train,10134638091985452171
28760,validation,1500538409202497092
28761,train,11117187831595284680
28762,train,17372252967854143839
28763,train,16333523811660558253
28764,validation,14769814603120611973
28765,train,926914393975821915
28766,train,13210116233530554859
28767,test,605865531699862771
28768,train,9765938594326639767
28769,train,3468692831964193622
28770,train,5883040388321126472
28771,test,6514732566900020551
28772,validation,13702163766843521810
28773,calibration,10937459017036875893
28774,train,4705340027228668880
28775,train,3250541158866201753
28776,train,333104131383793486
28777,calibration,13314749183969306149
28778,train,14573138949486720215
28779,validation,15456167562956296154
28780,validation,3856317248149333915
28781,calibration,10308169097857556797
28782,test,11331055290873591780
28783,train,674615802335230800
28784,calibration,1440108959695611611
28785,train,6177448642760042180
28786,train,13996065100766685284
28787,validation,9207092062848226186
28788,train,15632240674983168224
28789,test,16754228330980115203
28790,train,6058418388967735417
28791,train,13734063045407951320
28792,train,4057252218008196574
28793,train,17482167638275738994
28794,train,14881043261038285025
28795,test,12943997917408275248
28796,train,9868686166004516240
28797,train,5946210577737753494
28798,train,7138344383724465459
28799,train,3246854220280121895
28800,train,956662791050636687
28801,train,11602468420284175751
28802,train,9650609830838425069
28803,train,17238037817873469972
28804,calibration,11754243072391207020
28805,calibration,4392443656977804506
28806,train,6178851584642681250
28807,calibration,15556233053465508773
28808,train,8551580819475642225
28809,calibration,6884056386913219578
28810,test,4191794327182567763
28811,train,1947790405649863526
28812,test,15082536769847719511
28813,validation,6477768540147453340
28814,train,6810484604679158961
28815,train,4930276202334648934
28816,test,11256254047784717174
28817,train,4217842191072683400
28818,test,4190948235741707716
28819,calibration,7717640464776503809
28820,train,8319559474242912881
28821,train,9446881618991974804
28822,validation,17379691897269797200
28823,train,4743620730174159584
28824,train,11858251072991244653
28825,test,12122688032692228591
28826,train,5947087695484698437
28827,validation,17499926033061012623
28828,train,15422128044384325447
28829,test,17767155359368560156
28830,train,14816807742495668821
28831,train,10299309498372230623
28832,train,11478300364925796486
28833,test,16609040226235034469
28834,test,545015365450416486
28835,train,8374125508829891044
28836,validation,13422361792383054548
28837,calibration,3842416645261782251
28838,train,7508709306821730190
28839,train,245582540824540791
28840,validation,7041475925979697800
28841,test,8429584843122265978
28842,train,5582948799573548224
28843,validation,16996844722097670018
28844,train,7758680224536140839
28845,validation,4880533902086542677
28846,test,3376235545728481862
28847,train,6542186415998861332
28848,test,17029537207437905947
28849,test,8144000391942126329
28850,test,11119141740922948623
28851,train,5690493633544195993
28852,test,12096389930646884151
28853,test,3208023980552565827
28854,train,9579270465074075524
28855,validation,10035025770452513096
28856,calibration,2997689479770299777
28857,train,10292230986953863579
28858,validation,15098632166368577302
28859,validation,6972123195291744460
28860,test,6501260260801549416
28861,train,9789773747222166136
28862,train,1540175695409932594
28863,calibration,3023213674752329521
28864,train,337773105334450946
28865,test,4285813630426815509
28866,calibration,16203562017183181888
28867,test,763429223852601225
28868,train,12531560278285175570
28869,calibration,13085026984637401327
28870,calibration,1380833646566247560
28871,test,3413173794381827557
28872,train,1444729174880734712
28873,train,1523238047954711734
28874,train,13966962523594648391
28875,train,7521611846372690224
28876,train,3398552607382926736
28877,train,17011787649842846628
28878,test,1169167509170689097
28879,calibration,4124583952636536769
28880,train,6411449589891308132
28881,train,4171597805776473013
28882,test,18373412206188539580
28883,validation,10182366842338243886
28884,validation,16854084012313413238
28885,train,6792441026007838211
28886,train,18305057296153552252
28887,train,7198612382640092181
28888,train,9319793495784744991
28889,train,1466264942955711412
28890,calibration,4086108316794291644
28891,train,15046436564409757110
28892,train,10681254988731234356
28893,train,14248194721373750260
28894,test,17719886552531155132
28895,train,14279371745310884188
28896,train,6202868699488897616
28897,train,3551136165287576938
28898,train,7497848501539044186
28899,train,4009028692003278666
28900,validation,8259038576904371904
28901,train,16326789196650575859
28902,train,15339241157315550618
28903,test,6748941486570975068
28904,test,7318780696633735257
28905,calibration,4341266206582048003
28906,train,8879586445652569123
28907,train,13311353646469864228
28908,train,6056291694762604964
28909,validation,10893056828643866935
28910,train,7307936858081302150
28911,test,16153105845565209466
28912,train,18040401536803206813
28913,train,3985488466035388775
28914,train,11684136320933680387
28915,test,1789633149359527877
28916,calibration,3128063193338585158
28917,train,9159385792116196745
28918,train,15240727947967632181
28919,train,8015520030341633857
28920,validation,5015862953590520875
28921,train,16817255156183924610
28922,train,43920988674488996
28923,calibration,13161912983672213466
28924,calibration,15382344240111983899
28925,train,7244776930461116822
28926,calibration,457424806770840380
28927,train,1044637239218559171
28928,train,13587347369157028765
28929,train,12401679815320901902
28930,train,5248307777975077916
28931,test,16013199481494005849
28932,train,14842705051322487318
28933,train,9976445731026079386
28934,validation,3856317248149333915
28935,train,17520525769675343137
28936,train,12125241073986031952
28937,calibration,1206140142720604740
28938,train,2181881727970961784
28939,train,16318214516168616097
28940,train,5120241022848478727
28941,validation,2052839848003507811
28942,calibration,16363718638135395020
28943,validation,1181034470528597846
28944,train,15762413496307488504
28945,train,12213153902966905835
28946,train,7726011952919584359
28947,train,17246567059312885613
28948,test,7852212655296361131
28949,train,9868827243312932986
28950,test,7042321709307468825
28951,test,2118133940130172773
28952,test,15198206443658438045
28953,calibration,12541325812329479286
28954,test,17579330440251207577
28955,train,4459505089714841240
28956,test,13855578200318987320
28957,train,982567714630369606
28958,calibration,5947237466541027604
28959,train,15768103649537559646
28960,train,10944401859623573090
28961,train,1526396142666063163
28962,train,12081628386386201335
28963,validation,2676802072020653358
28964,validation,4483431401252490439
28965,train,5227406516604085624
28966,train,7095124014954121952
28967,test,14599108728245627137
28968,train,11111137734629360309
28969,validation,13913740410657536466
28970,train,14723510157548548766
28971,train,7255349574764785335
28972,train,9256166157756813549
28973,test,7513922306099207161
28974,train,9195087146995754676
28975,test,10713499881325235953
28976,validation,6615914085986591468
28977,train,11563315360983841010
28978,validation,9582045716486741289
28979,test,5074689601894262720
28980,test,10476868152541224981
28981,train,5447947220146077384
28982,test,14535902240965331962
28983,train,14812602812664842433
28984,train,16357510442445904295
28985,validation,13607606796561317831
28986,train,12520023799829871680
28987,calibration,15877835352640823810
28988,train,11536638328485761596
28989,train,8831781160219201601
28990,train,11198164321996098900
28991,train,1074661670620229209
28992,train,12086009166227945947
28993,calibration,9271948464458158309
28994,train,960744888875593618
28995,train,14876570724020509666
28996,train,160584559665899523
28997,test,4576993009908330265
28998,train,3969736301502626167
28999,train,16817255156183924610
29000,test,8198029509536276879
29001,train,17111936540236926791
29002,train,40719367473563217
29003,train,16220884139015696924
29004,train,8902467999970811012
29005,train,6545184484358669472
29006,train,11320104592932150438
29007,calibration,11387303841471809399
29008,train,133388904107919448
29009,train,9485761730473551283
29010,train,13472882737291256197
29011,train,6105479292495589220
29012,train,7354220071413460751
29013,train,7529044478142404543
29014,train,11279439440278269303
29015,train,16876372969467953532
29016,train,3703706276452505675
29017,calibration,4214589861641848641
29018,train,1495470699147673388
29019,test,8172818727269565422
29020,train,13628081546061716442
29021,train,1735464114730606659
29022,train,12657901931320173472
29023,train,12491557807721759536
29024,calibration,3670439230937783958
29025,train,5263101388770799081
29026,test,3568504884016741432
29027,train,10532983612999695739
29028,train,6861226154146131609
29029,train,6144403121715945261
29030,train,586963680045370902
29031,train,13820823611812482516
29032,train,3216422851975191671
29033,train,13732032226768202481
29034,train,4641829891151514318
29035,train,2796968029953719361
29036,train,12315117605375160935
29037,train,4542777457235422443
29038,train,7696641908565869140
29039,train,7937914744204792570
29040,test,15769520286160051559
29041,train,6955943713489038042
29042,validation,4959167557830688346
29043,train,11065844950212024607
29044,validation,18189130906894771344
29045,test,12131524494312616402
29046,validation,6774488827931428836
29047,train,17938804863964096586
29048,validation,5633860364958500874
29049,train,9288270681655769938
29050,test,8965838825959177176
29051,train,4343601143848839883
29052,train,12891761402019566517
29053,train,7275401658864941509
29054,train,5546203143071206519
29055,train,14934461786906349483
29056,validation,6941329511512421761
29057,train,998750642058737169
29058,train,4557875288348654564
29059,test,3683370750380458430
29060,train,64457789840906424
29061,train,230195660514653530
29062,calibration,5979761440273255632
29063,test,12087421464438230091
29064,validation,8940387640335601901
29065,train,8374886592573518945
29066,train,993721525446499435
29067,train,110806503613836790
29068,test,5251692943536233649
29069,train,5860164333500442128
29070,calibration,10265022391092067788
29071,train,10559920301598811261
29072,train,8685737808685074695
29073,train,7144614698977798501
29074,train,16071681242266547961
29075,test,4479422908355323157
29076,calibration,2285501609437716797
29077,train,17737654709279731945
29078,test,15891697392207323809
29079,test,3416817147554177780
29080,validation,10708302637060248059
29081,train,4627619679697333802
29082,train,6239863421573483432
29083,validation,773306181559766464
29084,train,17703493683339751217
29085,train,17620259431453343693
29086,test,7617766997475590896
29087,validation,441137901042925304
29088,validation,11605823686763071122
29089,train,11175745482015346850
29090,train,1574637718308783503
29091,calibration,2090903758172598270
29092,train,8022200529835993699
29093,train,10592692104692145526
29094,train,17213101899636212309
29095,train,16403480359383988908
29096,train,16689256689207779843
29097,train,295441710926716586
29098,train,8770384621070605516
29099,train,11518554595918650124
29100,train,14325430337224357474
29101,train,166804479773720609
29102,calibration,4828925567009920021
29103,train,1694641568983811248
29104,test,16310719358592573147
29105,test,16860610526676284417
29106,test,4838631925806415836
29107,train,4334127102486112401
29108,train,4882272067662380367
29109,train,10009096513572457194
29110,calibration,4064996649260395918
29111,test,7781009986806660483
29112,train,15064100852712890949
29113,train,11765089197923253539
29114,train,4255280420882541405
29115,train,13383381432445471904
29116,train,3325541999439176702
29117,train,7647899748454514540
29118,train,671635109010955048
29119,validation,5107166770787463576
29120,test,10851778171741597412
29121,test,3275954115313056579
29122,train,15744719743797173763
29123,train,15761106633194445622
29124,train,7913228467745368076
29125,train,3538375833664190110
29126,calibration,4464722597169274895
29127,calibration,7812167765708465471
29128,test,6408187141950152724
29129,train,5679984281258164574
29130,train,17743218688795230948
29131,calibration,13509360722303315521
29132,test,259667353188656470
29133,validation,16760091970504073527
29134,calibration,1266369160522271968
29135,train,8041608053540526023
29136,train,10325155500534313875
29137,train,1351136668428909577
29138,train,880151058204339992
29139,train,1339067000428869944
29140,train,16360544938132779948
29141,test,15735257904569284706
29142,train,8113996498526541218
29143,validation,15116114627025549344
29144,test,6608138298842315531
29145,train,13059846367108758966
29146,train,1785378959568001263
29147,test,14432476578030848287
29148,train,4333954704773638873
29149,train,14763648468512357847
29150,train,4751553792054292251
29151,calibration,8106699558689931317
29152,train,4478264478334596071
29153,calibration,3297784205859097278
29154,train,11192414675131034602
29155,train,9748014781248927442
29156,train,16496874589053057233
29157,calibration,8926511107123845087
29158,train,2618817934213656684
29159,train,11130739557442985639
29160,test,10715693868779013738
29161,train,17471988370114187099
29162,train,3216476781664295696
29163,train,7609178185667591568
29164,train,1044637239218559171
29165,train,15084914343900451699
29166,calibration,9822176233231059910
29167,train,17299802133152146678
29168,test,6099700507667894626
29169,train,18375660699361431723
29170,test,1464785628996186088
29171,train,2990868735877469706
29172,train,17197702114829271468
29173,train,16917016499346867692
29174,train,16726266883990618203
29175,calibration,759070873374844187
29176,train,11201905380803689017
29177,test,13033282220703698472
29178,train,11917183598702382074
29179,validation,14213669662038956021
29180,test,6220294354937595202
29181,train,7241002674183717192
29182,validation,13542259270600720383
29183,calibration,8740696770921977391
29184,test,2110524081142052457
29185,test,17049190970905878702
29186,test,2566888501804796261
29187,test,14520653361721123592
29188,validation,13547839156977605452
29189,train,8664744619909969108
29190,validation,1949399109679620820
29191,validation,13306751785029276157
29192,train,16610796708805649316
29193,train,6184558438671339795
29194,test,251321940141402924
29195,test,14057317066072275886
29196,train,629716595285844456
29197,test,762631748910917306
29198,calibration,11183978341962376694
29199,train,16871337991121127205
29200,train,763954189708448013
29201,train,18225317644403729907
29202,test,16427460460267780036
29203,train,5254963140424570478
29204,train,14874614426975519718
29205,train,16242075107895955221
29206,train,13232002978901341424
29207,validation,11528652962088569591
29208,test,17415452841483684240
29209,train,15994112166422980527
29210,train,12216250261385185158
29211,calibration,6190992739811167560
29212,test,8381251288456013367
29213,calibration,5451083051558292092
29214,train,9249245127894710234
29215,train,13932685998153139352
29216,train,12511867670832487115
29217,test,11102099985601995696
29218,test,3582708682710751945
29219,validation,5344743041690293365
29220,train,2784408354978568258
29221,train,1374003514698990534
29222,calibration,14242588626226470849
29223,train,6124927561133140033
29224,train,5789330883856016788
29225,train,13145681202896339115
29226,train,8722508496305692854
29227,train,7034837790373519275
29228,train,3100824303994860487
29229,train,2323227232537034369
29230,train,1511444249315325547
29231,test,14538411579130925679
29232,train,14472643884927270429
29233,train,6175349355031643449
29234,train,12476670956312307635
29235,train,14008466867686401187
29236,train,16246903544518236554
29237,train,9601061636518228503
29238,calibration,9481320415728694505
29239,test,4406717802849471724
29240,train,8206845219901333242
29241,validation,1985768824282588203
29242,train,9503291712856515940
29243,train,15922048914851054780
29244,train,14789171783963113317
29245,test,1510139022425639054
29246,validation,15779615104547605463
29247,train,1374003514698990534
29248,train,4297690522735874573
29249,calibration,10466986274359759900
29250,calibration,76059285773935058
29251,train,15025785074410284489
29252,train,2395049441270358722
29253,train,10221592849131449205
29254,train,8543317701397751413
29255,train,2893290592359131159
29256,train,15344873933332036392
29257,test,16802298414390391876
29258,test,2243257576763929015
29259,train,15364320641793947045
29260,train,3618753142183260032
29261,validation,14806634545023063297
29262,train,10267623955329397099
29263,calibration,225439697839769693
29264,test,11533676159302246793
29265,train,5682885450978056261
29266,train,9494364072264822741
29267,train,7873647213116027638
29268,validation,18086753841926634201
29269,train,11978010908528332971
29270,train,9173900170703530701
29271,validation,5162413885582600627
29272,calibration,278154656581075548
29273,test,15732642970498768833
29274,validation,3223731655110837538
29275,train,6653879694582041441
29276,test,14059694655957176678
29277,train,10629731897522903537
29278,train,16989372402495223373
29279,train,5428207129257825103
29280,train,4828320507790499137
29281,train,17857350071779264763
29282,test,6271915552651752368
29283,train,17495970105370462135
29284,train,4278077890080142543
29285,train,996611346148554844
29286,test,9041198162537835629
29287,validation,6003298785761455715
29288,train,4102947095354682489
29289,train,15506498705599769217
29290,validation,10902981388443059537
29291,test,9499860515074004860
29292,train,521555825312275599
29293,validation,3840251094599720110
29294,calibration,5250692343226415847
29295,test,15127732696492087541
29296,validation,14871879969956807633
29297,train,5888481993799786333
29298,validation,4305761325086635896
29299,train,15580356174849933299
29300,test,7749566050467044273
29301,train,11771903789943715892
29302,test,11948365909822277196
29303,train,12509233448980767644
29304,validation,13526357935786217822
29305,train,6736293086266255809
29306,train,13875533314912650297
29307,train,12425207349528897792
29308,train,10407022677315067797
29309,train,6031386984744637090
29310,train,292082722428000510
29311,validation,15360004114515729683
29312,test,14157054785632132877
29313,train,7276361667256092248
29314,train,1777139434382186917
29315,calibration,3230143138281424207
29316,train,2557077045743597151
29317,train,16451718528246209486
29318,train,8275700840362369132
29319,train,15825494028539537864
29320,train,2544118046385398260
29321,validation,2132339461930935762
29322,validation,5222009380109311923
29323,test,13688660473920295362
29324,train,7136865633828570928
29325,test,3997289748902317846
29326,train,17663185256429940962
29327,train,17125062554262466932
29328,train,9378791370049285706
29329,test,434595040284437431
29330,train,14327335582376099096
29331,train,8390134396431657552
29332,test,973899809196837471
29333,test,11773777119402848755
29334,train,7779537089877440064
29335,test,13318201847152965587
29336,test,13855980680065172608
29337,train,17945616939409803392
29338,train,13012350197993942917
29339,test,17334219432063346354
29340,train,12213153902966905835
29341,test,2442104706584400684
29342,train,5491686364497095124
29343,validation,5679082170012643181
29344,validation,9723935269654219664
29345,train,10883780435316968696
29346,train,15219540579830701521
29347,train,14720792276722221432
29348,calibration,9197804609842170591
29349,calibration,8335907314386636214
29350,calibration,14146809024916223192
29351,calibration,96532839959707910
29352,train,215884078971106670
29353,train,13794185675767433029
29354,calibration,4390212533740776751
29355,calibration,12202372929056311463
29356,train,18257953997765412850
29357,train,10110679792646271855
29358,train,9132665542664742846
29359,train,7831444670777878729
29360,train,14434161203069902878
29361,calibration,7074946207137238020
29362,train,17799526133533466632
29363,test,12737895330813700252
29364,calibration,12801365378326183682
29365,train,4077100364071701650
29366,calibration,9635520322118965586
29367,test,5580058301473594660
29368,test,16369717352404791213
29369,train,9235273210517659340
29370,train,8728866699974886413
29371,train,3915821990160111893
29372,train,3068108118940312226
29373,train,16077585288511297457
29374,test,1254715596837429628
29375,validation,773306181559766464
29376,train,15330492805180277341
29377,validation,10115828726663660317
29378,train,13139272626230330241
29379,train,14468402412447457854
29380,train,11392108644937673100
29381,test,16101187389247875045
29382,train,14568703762772558466
29383,test,99390144874765599
29384,test,7787304331477068933
29385,validation,8661868012732698399
29386,train,13626367946461284200
29387,test,9997809490729627497
29388,train,4849652004328161822
29389,train,14177724405444765242
29390,train,8210603758870924262
29391,validation,13636353859346401109
29392,train,11345991638064293179
29393,train,12923470462063960649
29394,test,6373256420714876059
29395,train,11441769199799576253
29396,test,15083809245949248504
29397,train,16610705121815673158
29398,train,2652050513661685093
29399,test,11661013475073357391
29400,test,10586049210522518071
29401,train,10350938339316499381
29402,test,8392871873554491748
29403,train,18235977642626139708
29404,calibration,12841735023584939237
29405,test,17392780527527254796
29406,test,12642657442568613069
29407,test,8430534496510628613
29408,train,3354148952492140717
29409,train,11818570251116779975
29410,test,2754341806758622822
29411,validation,13061265740214984979
29412,train,681308553942337904
29413,test,1423128531219905106
29414,train,15949001134309824276
29415,train,12944480532999073544
29416,train,12592625325020113329
29417,train,3421677811304507109
29418,train,1740268721996338525
29419,test,15639435327413265979
29420,train,7820646127607866548
29421,train,17226634346882102186
29422,validation,7309322646173735898
29423,train,10478429001312138980
29424,train,13525377167900456783
29425,train,15573629493701606112
29426,train,2330113485975743346
29427,train,3092242652038384489
29428,validation,16089177829377740020
29429,train,4639902369037979486
29430,train,8764860602737119213
29431,train,5366309970006086976
29432,train,1185091239422672008
29433,calibration,8510232885798634017
29434,calibration,8135508200041939289
29435,train,1914309678380282081
29436,calibration,7190940118104389303
29437,train,9555660863945762048
29438,train,3355258114825387870
29439,test,9698569949744612468
29440,test,4856657788330446541
29441,train,2617336087779358957
29442,train,3169143523615107399
29443,train,11384287018631520411
29444,calibration,447753634848406400
29445,train,9576259827045025032
29446,train,6592399740669907345
29447,calibration,2987556122103743340
29448,train,12713586870315499631
29449,train,8584610125820399515
29450,train,16647979732506953570
29451,train,1676434811588498058
29452,calibration,4618122114354436893
29453,train,6368244516334619744
29454,train,18116449346843826548
29455,train,14901201109097410263
29456,validation,15729074106955556331
29457,calibration,4790756675763522885
29458,train,15351927530224282586
29459,train,12326070512173625967
29460,calibration,12383680633397137982
29461,validation,13040032327588164289
29462,test,7975680550277795747
29463,test,10026897369438606300
29464,calibration,9956805974369152008
29465,train,2784300587337948947
29466,train,8282288858044923009
29467,test,2186966566877737325
29468,validation,7363685593503771101
29469,train,11032495184091848362
29470,calibration,15373355327899079774
29471,train,11124720198038454193
29472,train,771827419727765410
29473,train,10654563134219161407
29474,validation,1432455313553682412
29475,calibration,15969695988730898087
29476,train,17420803389643549209
29477,train,3650540971926806505
29478,train,10679730063726401319
29479,train,7786062152161759269
29480,train,613834196103371392
29481,train,9824058321469386013
29482,validation,13363936225166959525
29483,train,9087598796045619820
29484,train,15009699163715622339
29485,train,5998705454427865882
29486,train,4759892310048189621
29487,train,1801340672250917966
29488,validation,17035102995571260602
29489,test,2823102176434344917
29490,calibration,9520551505338226054
29491,calibration,16396285002347299993
29492,train,883913955800051861
29493,train,10416576154090063801
29494,train,6336894272911044897
29495,train,184109200312654506
29496,test,8318050673399778692
29497,train,15679543971299782234
29498,train,3309214730861802489
29499,train,14374200863321874791
29500,validation,8932151179337899865
29501,train,7614604995401254373
29502,calibration,7868248309508525177
29503,validation,1580925005129742252
29504,validation,11713418596567222274
29505,validation,6460749455520983073
29506,test,4034239983091427708
29507,train,3376625827965537212
29508,train,9198141135885891175
29509,validation,11574744947876669180
29510,train,12794301510317741462
29511,validation,6173019034390037460
29512,train,12213153902966905835
29513,train,43168031150809762
29514,train,10554549893406435593
29515,calibration,13448942416215212769
29516,validation,6355324755068381343
29517,validation,12690772567383771315
29518,train,12880559322300163784
29519,test,17556184686549378480
29520,calibration,14580510864809564641
29521,train,12270485851858313934
29522,train,15225906374007119767
29523,calibration,6398587372652611188
29524,train,11426547674826708292
29525,validation,13795674769494783037
29526,calibration,9320606017862888926
29527,test,17817301990924341370
29528,validation,4185554524769536820
29529,train,18279177011340064826
29530,train,8377846698062628966
29531,train,14198673279816856569
29532,test,14361338189030451312
29533,train,17610735987725264138
29534,train,15520220491365495839
29535,test,1003620533398357976
29536,test,4833856252607223348
29537,validation,18329665075648391777
29538,calibration,1709629309191481842
29539,calibration,2620311491815005405
29540,test,10265186649451110797
29541,test,13368078191369760888
29542,train,14438192728655896351
29543,train,18287137343696837718
29544,train,17497293829657694617
29545,calibration,3138707363183572524
29546,test,6995407312137243205
29547,train,9745553716893432117
29548,test,1672157417925425472
29549,calibration,12726141854388461655
29550,train,8357240210546606846
29551,train,14496221706628715543
29552,train,720242446633199436
29553,test,6306827998567846443
29554,train,17129255813663484397
29555,train,9359504179297735560
29556,train,11941930713964370579
29557,train,14114210982651505419
29558,train,13693558276881049427
29559,test,11287492496471896752
29560,train,14339230455640079401
29561,validation,12209700608361041531
29562,train,3430258683730480002
29563,train,18274756754976504542
29564,train,1906722799757031550
29565,train,6025321172265251860
29566,test,17894526049583824922
29567,test,16787242843813296284
29568,train,3528865481656496722
29569,train,17296086036590596488
29570,calibration,3175311024971661649
29571,test,3387376600783114128
29572,train,8253466952225280433
29573,test,14245108631902822655
29574,train,14993574331199595403
29575,test,4454156009348186743
29576,train,18113048640601988078
29577,test,13494730157676351291
29578,train,14781347904884445931
29579,validation,14878535542299072675
29580,train,336729021218910354
29581,train,18216327601742870478
29582,test,18328193224810771272
29583,train,16558123530151422735
29584,train,1460443999430288696
29585,train,9470315136176738968
29586,validation,13249661783808091955
29587,train,12198427715240071426
29588,train,4336217215490038542
29589,calibration,16756718841296508124
29590,train,14197907364596490348
29591,test,16115974025005079830
29592,validation,9657918805755284142
29593,train,7848846865182065329
29594,test,15688509823909176804
29595,train,2329020853703546477
29596,calibration,3691374987407540808
29597,test,5722446527997764601
29598,train,15472391685956662367
29599,test,11636391681094832738
29600,train,1111728781217804672
29601,train,2204606310165600975
29602,train,6302910668444032633
29603,train,5440791802305349060
29604,train,6575694809878630602
29605,test,1346159015515109583
29606,train,644082565296909894
29607,test,12377180027670189410
29608,validation,12774619892520318808
29609,train,1333144270166644180
29610,test,12801495013130617457
29611,train,13991280248152232604
29612,train,1653156798939549099
29613,calibration,14167939240492401358
29614,test,6223563946530559000
29615,test,10833083133019198152
29616,test,17907717770068278071
29617,train,16883489589397577924
29618,train,8773062623440066759
29619,train,16808222748170313536
29620,train,1609542756574582505
29621,train,17197079275568521749
29622,validation,7343460460889391682
29623,train,17816913447252448008
29624,train,17655873837601062461
29625,test,12711564927370240875
29626,train,8019448357388262513
29627,test,11922457248632239264
29628,train,16866767049240037773
29629,train,7463531331210506288
29630,test,17275063067416713266
29631,train,6184376676950852146
29632,test,12622789619983763375
29633,train,12144988084526504385
29634,test,8584065347303897898
29635,validation,15741914972343753615
29636,train,3292800885455963187
29637,validation,10555643808154088924
29638,validation,2410267108567176536
29639,validation,1094508866705981282
29640,calibration,4148192757396249118
29641,test,7310791783427541249
29642,test,18269542851523690221
29643,train,15934048725477973726
29644,validation,12993302199758907461
29645,train,1681501722804613192
29646,train,263205184410463560
29647,train,14191708227853597660
29648,train,8144741908034794245
29649,train,69942733854269911
29650,train,11349897559265668909
29651,test,4762239738995267894
29652,train,11722739143083564361
29653,train,16205234680082622855
29654,train,18413583578266209227
29655,validation,10799918031675897288
29656,train,5192487005171869227
29657,validation,4509128179071728666
29658,train,15565837800485846108
29659,train,13837643661034408692
29660,train,10562431152501445435
29661,train,1541128242378624645
29662,test,7446322319543481561
29663,train,5752273956811985550
29664,validation,439177380613380933
29665,calibration,8315061501219970376
29666,train,11923503198395715492
29667,test,754257581746142623
29668,validation,3321400857289189024
29669,train,17758110760647710620
29670,train,14655368815634321469
29671,train,17590983684883747286
29672,train,9639712205631005741
29673,train,3900081722267902674
29674,train,14660709996740479864
29675,calibration,3352204479800266974
29676,calibration,1476052084321306440
29677,train,11446940069940328465
29678,calibration,7723471966431253377
29679,train,2942606763353800112
29680,train,4224414647568854685
29681,train,1874621202298383720
29682,train,5742710796936169323
29683,train,4227299705031159226
29684,train,3730502198341562348
29685,train,1248759556939497383
29686,train,17959673242670031618
29687,train,15680675125334104153
29688,train,2202515428539113910
29689,train,250748352010985422
29690,train,11611685097350660872
29691,train,7568681636557722931
29692,test,5141673842711091120
29693,train,11037276825718700952
29694,validation,4708548991385660544
29695,validation,18100749407169549423
29696,train,9253247101037471384
29697,test,16582054733755040922
29698,test,9371167820411030102
29699,train,15268357641124497970
29700,train,11997646534262447513
29701,train,5469822161178347594
29702,validation,2502615153812954852
29703,train,5132734801838756441
29704,train,1154713799273533980
29705,train,14635521121277547801
29706,train,10269922055171370536
29707,train,2924168670073844418
29708,train,13301642274325936356
29709,calibration,637859945513338636
29710,train,8972489390319311474
29711,train,9203835617393472530
29712,train,17855479473113190234
29713,calibration,10751602168342939268
29714,calibration,850026706081339842
29715,train,236119722714878147
29716,test,4763831344448796940
29717,train,3888263998398308504
29718,calibration,8581048333213183704
29719,train,9106061741812056399
29720,train,4602303749947992758
29721,test,11482581561694742189
29722,train,17948093532542565023
29723,train,15320351567972935486
29724,train,17125488610003076224
29725,test,9740163908669549790
29726,validation,9373028448533215567
29727,test,286727795804124773
29728,validation,11866729026365416551
29729,train,594722989384876015
29730,test,9683094654943437228
29731,train,16316382202839183898
29732,test,10996073270612275385
29733,train,8400147339807411790
29734,calibration,16179181084610487107
29735,train,15136096796953737264
29736,train,5982284735020795628
29737,train,1260091536920017828
29738,train,16818182929608544012
29739,train,10042244940979259275
29740,validation,16905167414131997470
29741,train,12728530813335945576
29742,test,2633735229218634559
29743,train,6117676197111846133
29744,train,6881136381258837130
29745,train,12999452712864485471
29746,train,10902275991053730638
29747,validation,16382503701634532602
29748,calibration,13305153165027172108
29749,calibration,13697575857379718241
29750,calibration,1447653310266234847
29751,calibration,10274510022676252784
29752,test,5833364867777351116
29753,validation,3856317248149333915
29754,test,8830903049032813926
29755,train,5753879963018981204
29756,train,12734303753938884748
29757,calibration,5583380216864258999
29758,test,4801122509693034648
29759,calibration,866930913468342711
29760,train,1492541193533793873
29761,train,15064100852712890949
29762,train,9968082745602469531
29763,train,17001364255492238082
29764,calibration,3272658749839941887
29765,train,2120212213490265912
29766,train,3628047975852408041
29767,train,15506504963917247163
29768,train,6947656977630447072
29769,train,8946463303171669702
29770,train,16507912220305381770
29771,train,336729021218910354
29772,train,3747017075322432231
29773,test,10790758385635773896
29774,train,11768871173175692505
29775,calibration,7234962878116847984
29776,train,9942778613766099627
29777,train,10021381767220477332
29778,train,3258041755163556026
29779,calibration,11706576744320019255
29780,train,8999035064762130400
29781,test,17934520324974456121
29782,validation,4987771492472331312
29783,train,14657074068422466221
29784,train,11032317793281243505
29785,train,2066984286553179949
29786,train,2005251482843908357
29787,train,11051558699869334320
29788,train,13277845248387114632
29789,calibration,6940139319251205441
29790,train,4717701728820801140
29791,test,897563948575438538
29792,train,8704776138258696387
29793,validation,16275013717499160236
29794,train,11814853462595605830
29795,test,12013173621348144358
29796,train,16317800193912879731
29797,calibration,866949860731460178
29798,train,6920015420349934990
29799,test,4486179131799804148
29800,train,8314596642828656407
29801,train,2355301539835467581
29802,validation,7153932661271048871
29803,calibration,2317365658792747173
29804,train,83569300104862722
29805,test,15761198549691692607
29806,train,14008987668504323826
29807,test,5820540823375495749
29808,test,5944356068595296078
29809,train,18071565441215893016
29810,train,18239056991619049357
29811,validation,15493195348441076554
29812,train,7898549586375860710
29813,train,13414771155204008104
29814,train,17722416070319399500
29815,train,2247571457117615721
29816,train,13851325988358774059
29817,test,5284795650395261346
29818,train,3647201889707713453
29819,train,4016815683480625248
29820,test,7325526033695901110
29821,test,12832060359960772282
29822,test,15636157796854365254
29823,test,11498561151360918053
29824,train,5753879963018981204
29825,train,7256001633467996816
29826,test,18315516663500173133
29827,train,9741134627345898869
29828,test,10280323766283487089
29829,train,13561205384480717902
29830,validation,17546567313840644821
29831,train,7268790215747906796
29832,train,7525721242542900480
29833,train,876720589878239307
29834,train,279100069480734764
29835,train,2343565144062894713
29836,train,17691332786210401433
29837,train,15895295638925080567
29838,train,887342146582290146
29839,calibration,3440974254979890191
29840,train,6818999650625981150
29841,train,7558198442686162439
29842,train,5501691632738044403
29843,calibration,12363770156454275701
29844,train,17489368198053044376
29845,train,12074078392701153523
29846,test,8251476342526107959
29847,train,5764055929954050781
29848,test,1330494167821113419
29849,train,9703384055133044695
29850,train,4261680607440325457
29851,train,15361743095109370372
29852,train,14706957118186109479
29853,train,15317326407423867974
29854,train,5395327189144373289
29855,validation,4995603264636812872
29856,train,1289163665949461796
29857,test,12320962080031370218
29858,train,13952304921533335907
29859,train,14702997924491024210
29860,train,14825557121499581169
29861,train,18380676412539480482
29862,train,10568866545868578764
29863,train,16275401557514949215
29864,train,9381520352634270819
29865,test,2606273122365178062
29866,train,15748018548368216596
29867,train,1020358534930418003
29868,train,10029518793494262564
29869,train,7154032160493717978
29870,train,15773909131350643433
29871,test,1952897284891235385
29872,train,14369029016059608625
29873,test,14035639121066057166
29874,calibration,5284566795252753664
29875,test,4791967124836605964
29876,train,10932498545783383518
29877,train,11238541175157413847
29878,train,8629560360889375567
29879,train,14263232959035076603
29880,train,1353742208889429035
29881,train,12584527498671863321
29882,calibration,9148471560639160339
29883,train,13059337041552597104
29884,calibration,3705605953564275561
29885,train,166226080709969426
29886,train,3925886482975731162
29887,train,9972326944613072201
29888,train,5260567555038731885
29889,train,17829392648636375990
29890,test,5383494330907974511
29891,validation,2236557401146888121
29892,train,17118112453183268517
29893,train,5745049587678145011
29894,train,17642650264185021796
29895,test,17660997442904394243
29896,test,11077528531961578283
29897,test,10831884309264406279
29898,train,7603163259201759473
29899,calibration,14608732476302632701
29900,train,3230472073426975668
29901,train,10726453568592302708
29902,train,17980857087985573107
29903,train,7895137274630079643
29904,test,2857840559398130802
29905,train,15639089568138404763
29906,train,12078606214191250197
29907,validation,9927817603297766162
29908,train,7367897047671130695
29909,test,11034853708370981974
29910,train,1044637239218559171
29911,train,13922463763673329528
29912,validation,3075799033376479553
29913,train,14085963559396553498
29914,train,15330447825033513701
29915,train,4967384297804269866
29916,train,6570959798463905518
29917,train,9782028082354690732
29918,calibration,8439293417822427747
29919,train,7027175332200959920
29920,calibration,11168527558768410269
29921,calibration,8043290586332436704
29922,train,14090828998553621068
29923,train,1451497127191315635
29924,train,1289820822887083781
29925,calibration,1727353070829381675
29926,calibration,15473821733591836309
29927,test,10372119819958367004
29928,train,10905026688122694493
29929,train,9105512106501802079
29930,test,11188653120215871392
29931,calibration,7331473140761132909
29932,train,9020507649254885062
29933,train,1205250793761067616
29934,train,11883600399442894155
29935,train,18279967193959551302
29936,train,7620358384984938265
29937,train,8640868858974533888
29938,train,16302702040377530220
29939,calibration,8806313618615747387
29940,test,5844089330377500836
29941,train,2185474318384186299
29942,train,13428103971217975415
29943,train,10875747119515230850
29944,train,5546596521911771542
29945,test,806683518053031432
29946,train,15492259849436507070
29947,train,6656546973766479082
29948,calibration,16685469815785047609
29949,train,13800404275443365576
29950,train,4219458701638960603
29951,validation,2527452287269320934
29952,validation,3543272634235445682
29953,train,14924527932511427798
29954,validation,1279802147562599995
29955,train,18074082139021559620
29956,test,3616626546092280940
29957,test,850550284492435760
29958,train,16711846643469784334
29959,train,18358469314262462854
29960,train,4116928235538071146
29961,test,8804752028632259788
29962,validation,17164359560357485403
29963,test,7815560336348538600
29964,train,5849931424351522687
29965,test,10655317581383326046
29966,train,10481850173241848094
29967,train,17879939299663402705
29968,validation,11063438484610197183
29969,train,5191729108570172411
29970,train,6862328608233125440
29971,test,9888290577545913653
29972,train,4397442626730217777
29973,train,10519698393833438667
29974,train,5258501759400725343
29975,validation,5240439164637771741
29976,train,17853299526477319768
29977,train,4238149359615782880
29978,test,350596472437802382
29979,train,2505496541212928182
29980,train,15895295638925080567
29981,validation,9248987374765025975
29982,test,12572775997630365699
29983,train,9710341365993587459
29984,test,322421730890818931
29985,calibration,3199914358133775972
29986,train,322317004438652288
29987,train,211953650256542559
29988,train,14039521628739175410
29989,train,1971442101415950174
29990,train,12834664806941407337
29991,train,9657143768267809259
29992,test,18383360352870776625
29993,test,17387892224095832005
29994,validation,6367790545009461138
29995,train,3525981271135927771
29996,train,18253885777485438272
29997,train,3417511968249178799
29998,train,12205393202981980413
29999,train,7969686219911606664
30000,train,12101233012152814025
